[17:07:01] [main/INFO]: ModLauncher running: args [--username, GiantAlexis6497, --version, 1.21.1, --gameDir, C:\Users\misac_2cf3zzc\AppData\Roaming\ModrinthApp\profiles\Create_ Paradise, --assetsDir, C:\Users\misac_2cf3zzc\AppData\Roaming\ModrinthApp\meta\assets, --assetIndex, 17, --uuid, 183da34660d4420982df962b670ca291, --accessToken, ❄❄❄❄❄❄❄❄, --clientId, c4502edb-87c6-40cb-b595-64a280cf8906, --xuid, 0, --userType, msa, --versionType, release, --width, 854, --height, 480, --fml.neoForgeVersion, 21.1.248, --fml.fmlVersion, 4.0.43, --fml.mcVersion, 1.21.1, --fml.neoFormVersion, 20240808.144430, --launchTarget, forgeclient]
[17:07:01] [main/INFO]: JVM identified as Oracle Corporation Java HotSpot(TM) 64-Bit Server VM 25.0.1+8-LTS-27
[17:07:01] [main/INFO]: ModLauncher 11.0.5+main.901c6ea8 starting: java version 25.0.1 by Oracle Corporation; OS Windows 11 arch amd64 version 10.0
[17:07:01] [main/WARN]: Configuration file C:\Users\misac_2cf3zzc\AppData\Roaming\ModrinthApp\profiles\Create_ Paradise\config\fml.toml is not correct. Correcting
[17:07:02] [main/INFO]: Loading ImmediateWindowProvider fmlearlywindow
[17:07:02] [main/INFO]: Trying GL version 4.6
[17:07:02] [main/INFO]: Requested GL version 4.6 got version 4.6
[17:07:03] [pool-2-thread-1/INFO]: GL info: NVIDIA GeForce GTX 1650/PCIe/SSE2 GL version 4.6.0 NVIDIA 580.88, NVIDIA Corporation
[17:07:03] [main/INFO]: Starting Essential Loader (stage2) version 1.8.0 (4dad5866273e5beba83449a1e0460378) [stable]
[17:07:03] [main/INFO]: SpongePowered MIXIN Subsystem Version=0.8.7 Source=union:/C:/Users/misac_2cf3zzc/AppData/Roaming/ModrinthApp/meta/libraries/net/fabricmc/sponge-mixin/0.15.2+mixin.0.8.7/sponge-mixin-0.15.2+mixin.0.8.7.jar%23166!/ Service=ModLauncher Env=CLIENT
[17:07:03] [main/WARN]: Configuration file C:\Users\misac_2cf3zzc\AppData\Roaming\ModrinthApp\profiles\Create_ Paradise\config\fml.toml is not correct. Correcting
[17:07:04] [main/INFO]: Found mod file "client-1.21.1-20240808.144430-srg.jar" [locator: production client provider +net.neoforged:neoforge:21.1.248:client]
[17:07:04] [main/INFO]: Found mod file "neoforge-21.1.248-universal.jar" [locator: PathBasedLocator[name=neoforge, paths=[C:\Users\misac_2cf3zzc\AppData\Roaming\ModrinthApp\meta\libraries\net\neoforged\neoforge\21.1.248\neoforge-21.1.248-universal.jar]], reader: mod manifest]
[17:07:04] [main/INFO]: Found mod file "aeroadditionbridge-1.0.0.jar" [locator: {mods folder locator at C:\Users\misac_2cf3zzc\AppData\Roaming\ModrinthApp\profiles\Create_ Paradise\mods}, reader: mod manifest]
[17:07:04] [main/INFO]: Found mod file "aerocopycats-1.1.1.jar" [locator: {mods folder locator at C:\Users\misac_2cf3zzc\AppData\Roaming\ModrinthApp\profiles\Create_ Paradise\mods}, reader: mod manifest]
[17:07:04] [main/INFO]: Found mod file "aeronauticscompat-1.1.3.jar" [locator: {mods folder locator at C:\Users\misac_2cf3zzc\AppData\Roaming\ModrinthApp\profiles\Create_ Paradise\mods}, reader: mod manifest]
[17:07:04] [main/INFO]: Found mod file "Almanac-1.21.1-2-neoforge-1.5.2.jar" [locator: {mods folder locator at C:\Users\misac_2cf3zzc\AppData\Roaming\ModrinthApp\profiles\Create_ Paradise\mods}, reader: mod manifest]
[17:07:04] [main/INFO]: Found mod file "appleskin-neoforge-mc1.21-3.0.9.jar" [locator: {mods folder locator at C:\Users\misac_2cf3zzc\AppData\Roaming\ModrinthApp\profiles\Create_ Paradise\mods}, reader: mod manifest]
[17:07:04] [main/INFO]: Found mod file "architectury-13.0.11-neoforge.jar" [locator: {mods folder locator at C:\Users\misac_2cf3zzc\AppData\Roaming\ModrinthApp\profiles\Create_ Paradise\mods}, reader: mod manifest]
[17:07:04] [main/INFO]: Found mod file "athena-neoforge-1.21.1-4.0.6.jar" [locator: {mods folder locator at C:\Users\misac_2cf3zzc\AppData\Roaming\ModrinthApp\profiles\Create_ Paradise\mods}, reader: mod manifest]
[17:07:04] [main/INFO]: Found mod file "baguettelib-1.21.1-NeoForge-2.0.3.jar" [locator: {mods folder locator at C:\Users\misac_2cf3zzc\AppData\Roaming\ModrinthApp\profiles\Create_ Paradise\mods}, reader: mod manifest]
[17:07:04] [main/INFO]: Found mod file "bellsandwhistles-0.4.7-1.21.1.jar" [locator: {mods folder locator at C:\Users\misac_2cf3zzc\AppData\Roaming\ModrinthApp\profiles\Create_ Paradise\mods}, reader: mod manifest]
[17:07:04] [main/INFO]: Found mod file "BetterThirdPerson-neoforge-1.9.0.jar" [locator: {mods folder locator at C:\Users\misac_2cf3zzc\AppData\Roaming\ModrinthApp\profiles\Create_ Paradise\mods}, reader: mod manifest]
[17:07:04] [main/INFO]: Found mod file "carryon-neoforge-1.21.1-2.2.6.13.jar" [locator: {mods folder locator at C:\Users\misac_2cf3zzc\AppData\Roaming\ModrinthApp\profiles\Create_ Paradise\mods}, reader: mod manifest]
[17:07:04] [main/INFO]: Found mod file "cbc_at_Neoforge_1.21.1_0.1.4c.jar" [locator: {mods folder locator at C:\Users\misac_2cf3zzc\AppData\Roaming\ModrinthApp\profiles\Create_ Paradise\mods}, reader: mod manifest]
[17:07:04] [main/INFO]: Found mod file "cbc_compact_mount-1.2.2.jar" [locator: {mods folder locator at C:\Users\misac_2cf3zzc\AppData\Roaming\ModrinthApp\profiles\Create_ Paradise\mods}, reader: mod manifest]
[17:07:04] [main/INFO]: Found mod file "chipped-neoforge-1.21.1-4.0.2.jar" [locator: {mods folder locator at C:\Users\misac_2cf3zzc\AppData\Roaming\ModrinthApp\profiles\Create_ Paradise\mods}, reader: mod manifest]
[17:07:04] [main/INFO]: Found mod file "Chunky-NeoForge-1.4.23.jar" [locator: {mods folder locator at C:\Users\misac_2cf3zzc\AppData\Roaming\ModrinthApp\profiles\Create_ Paradise\mods}, reader: mod manifest]
[17:07:04] [main/INFO]: Found mod file "cloth-config-15.0.140-neoforge.jar" [locator: {mods folder locator at C:\Users\misac_2cf3zzc\AppData\Roaming\ModrinthApp\profiles\Create_ Paradise\mods}, reader: mod manifest]
[17:07:04] [main/INFO]: Found mod file "Clumps-neoforge-1.21.1-19.0.0.1.jar" [locator: {mods folder locator at C:\Users\misac_2cf3zzc\AppData\Roaming\ModrinthApp\profiles\Create_ Paradise\mods}, reader: mod manifest]
[17:07:04] [main/INFO]: Found mod file "comforts-neoforge-9.0.5+1.21.1.jar" [locator: {mods folder locator at C:\Users\misac_2cf3zzc\AppData\Roaming\ModrinthApp\profiles\Create_ Paradise\mods}, reader: mod manifest]
[17:07:04] [main/INFO]: Found mod file "Controlling-neoforge-1.21.1-19.0.5.jar" [locator: {mods folder locator at C:\Users\misac_2cf3zzc\AppData\Roaming\ModrinthApp\profiles\Create_ Paradise\mods}, reader: mod manifest]
[17:07:04] [main/INFO]: Found mod file "copycats-3.0.8+mc.1.21.1-neoforge.jar" [locator: {mods folder locator at C:\Users\misac_2cf3zzc\AppData\Roaming\ModrinthApp\profiles\Create_ Paradise\mods}, reader: mod manifest]
[17:07:04] [main/INFO]: Found mod file "corpse-neoforge-1.21.1-1.1.13.jar" [locator: {mods folder locator at C:\Users\misac_2cf3zzc\AppData\Roaming\ModrinthApp\profiles\Create_ Paradise\mods}, reader: mod manifest]
[17:07:04] [main/INFO]: Found mod file "corpsecurioscompat-1.21.1-NeoForge-4.0.1.jar" [locator: {mods folder locator at C:\Users\misac_2cf3zzc\AppData\Roaming\ModrinthApp\profiles\Create_ Paradise\mods}, reader: mod manifest]
[17:07:04] [main/INFO]: Found mod file "Create Encased-1.21.1-1.9.0-ht3.jar" [locator: {mods folder locator at C:\Users\misac_2cf3zzc\AppData\Roaming\ModrinthApp\profiles\Create_ Paradise\mods}, reader: mod manifest]
[17:07:04] [main/INFO]: Found mod file "create-1.21.1-6.0.10.jar" [locator: {mods folder locator at C:\Users\misac_2cf3zzc\AppData\Roaming\ModrinthApp\profiles\Create_ Paradise\mods}, reader: mod manifest]
[17:07:04] [main/INFO]: Found mod file "create-aeronautics-bundled-1.21.1-1.3.1.jar" [locator: {mods folder locator at C:\Users\misac_2cf3zzc\AppData\Roaming\ModrinthApp\profiles\Create_ Paradise\mods}, reader: mod manifest]
[17:07:04] [main/INFO]: Found mod file "create-aeronautics-rechiseled-compat-1.21.1-1.2.2.jar" [locator: {mods folder locator at C:\Users\misac_2cf3zzc\AppData\Roaming\ModrinthApp\profiles\Create_ Paradise\mods}, reader: mod manifest]
[17:07:04] [main/INFO]: Found mod file "create-cobblestone-deepslate-generators-1.4.6-neoforge+1.21.1.jar" [locator: {mods folder locator at C:\Users\misac_2cf3zzc\AppData\Roaming\ModrinthApp\profiles\Create_ Paradise\mods}, reader: mod manifest]
[17:07:04] [main/INFO]: Found mod file "create-confectionery1.21.1_v1.1.3b.jar" [locator: {mods folder locator at C:\Users\misac_2cf3zzc\AppData\Roaming\ModrinthApp\profiles\Create_ Paradise\mods}, reader: mod manifest]
[17:07:04] [main/INFO]: Found mod file "create-enchantment-industry-2.4.2.jar" [locator: {mods folder locator at C:\Users\misac_2cf3zzc\AppData\Roaming\ModrinthApp\profiles\Create_ Paradise\mods}, reader: mod manifest]
[17:07:04] [main/INFO]: Found mod file "create-hangars-V1.0.0.jar" [locator: {mods folder locator at C:\Users\misac_2cf3zzc\AppData\Roaming\ModrinthApp\profiles\Create_ Paradise\mods}, reader: mod manifest]
[17:07:04] [main/INFO]: Found mod file "create-stuff-additions1.21.1_v2.1.4b.jar" [locator: {mods folder locator at C:\Users\misac_2cf3zzc\AppData\Roaming\ModrinthApp\profiles\Create_ Paradise\mods}, reader: mod manifest]
[17:07:04] [main/INFO]: Found mod file "create_connected-1.3.2-mc1.21.1.jar" [locator: {mods folder locator at C:\Users\misac_2cf3zzc\AppData\Roaming\ModrinthApp\profiles\Create_ Paradise\mods}, reader: mod manifest]
[17:07:04] [main/INFO]: Found mod file "create_jetpack-forge-5.2.1.jar" [locator: {mods folder locator at C:\Users\misac_2cf3zzc\AppData\Roaming\ModrinthApp\profiles\Create_ Paradise\mods}, reader: mod manifest]
[17:07:04] [main/INFO]: Found mod file "create_jetpack_curios-1.2.0-neoforge-1.21.1.jar" [locator: {mods folder locator at C:\Users\misac_2cf3zzc\AppData\Roaming\ModrinthApp\profiles\Create_ Paradise\mods}, reader: mod manifest]
[17:07:04] [main/INFO]: Found mod file "create_netherless-2.0.0-1.21.1.jar" [locator: {mods folder locator at C:\Users\misac_2cf3zzc\AppData\Roaming\ModrinthApp\profiles\Create_ Paradise\mods}, reader: mod manifest]
[17:07:04] [main/INFO]: Found mod file "create_power_loader-2.0.5-mc1.21.1.jar" [locator: {mods folder locator at C:\Users\misac_2cf3zzc\AppData\Roaming\ModrinthApp\profiles\Create_ Paradise\mods}, reader: mod manifest]
[17:07:04] [main/INFO]: Found mod file "create_radar-0.4.9.4-1.21.1.jar" [locator: {mods folder locator at C:\Users\misac_2cf3zzc\AppData\Roaming\ModrinthApp\profiles\Create_ Paradise\mods}, reader: mod manifest]
[17:07:04] [main/INFO]: Found mod file "create_rustic_structures-1.0.1-neoforge-1.21.1.jar" [locator: {mods folder locator at C:\Users\misac_2cf3zzc\AppData\Roaming\ModrinthApp\profiles\Create_ Paradise\mods}, reader: mod manifest]
[17:07:04] [main/INFO]: Found mod file "create_simple_ore_doubling-1.6.0-neoforge-1.21.1.jar" [locator: {mods folder locator at C:\Users\misac_2cf3zzc\AppData\Roaming\ModrinthApp\profiles\Create_ Paradise\mods}, reader: mod manifest]
[17:07:04] [main/INFO]: Found mod file "create_tweaked_controllers-1.21.1-1.2.7.jar" [locator: {mods folder locator at C:\Users\misac_2cf3zzc\AppData\Roaming\ModrinthApp\profiles\Create_ Paradise\mods}, reader: mod manifest]
[17:07:04] [main/INFO]: Found mod file "create_ultimate_factory-2.2.4-neoforge-1.21.1.jar" [locator: {mods folder locator at C:\Users\misac_2cf3zzc\AppData\Roaming\ModrinthApp\profiles\Create_ Paradise\mods}, reader: mod manifest]
[17:07:04] [main/INFO]: Found mod file "create_vibrant_vaults-0.3.2.jar" [locator: {mods folder locator at C:\Users\misac_2cf3zzc\AppData\Roaming\ModrinthApp\profiles\Create_ Paradise\mods}, reader: mod manifest]
[17:07:04] [main/INFO]: Found mod file "createaddition-1.6.0.jar" [locator: {mods folder locator at C:\Users\misac_2cf3zzc\AppData\Roaming\ModrinthApp\profiles\Create_ Paradise\mods}, reader: mod manifest]
[17:07:04] [main/INFO]: Found mod file "createbigcannons-5.11.7+mc.1.21.1.jar" [locator: {mods folder locator at C:\Users\misac_2cf3zzc\AppData\Roaming\ModrinthApp\profiles\Create_ Paradise\mods}, reader: mod manifest]
[17:07:04] [main/INFO]: Found mod file "createcobblestone-1.4.12+neoforge-1.21.1-144.jar" [locator: {mods folder locator at C:\Users\misac_2cf3zzc\AppData\Roaming\ModrinthApp\profiles\Create_ Paradise\mods}, reader: mod manifest]
[17:07:04] [main/INFO]: Found mod file "createdeco-2.1.3.jar" [locator: {mods folder locator at C:\Users\misac_2cf3zzc\AppData\Roaming\ModrinthApp\profiles\Create_ Paradise\mods}, reader: mod manifest]
[17:07:04] [main/INFO]: Found mod file "CreateDragonsPlus-1.11.7b.jar" [locator: {mods folder locator at C:\Users\misac_2cf3zzc\AppData\Roaming\ModrinthApp\profiles\Create_ Paradise\mods}, reader: mod manifest]
[17:07:04] [main/INFO]: Found mod file "createendertransmission-2.1.1-1.21.1.jar" [locator: {mods folder locator at C:\Users\misac_2cf3zzc\AppData\Roaming\ModrinthApp\profiles\Create_ Paradise\mods}, reader: mod manifest]
[17:07:04] [main/INFO]: Found mod file "createliquidfuel-2.1.1-1.21.1.jar" [locator: {mods folder locator at C:\Users\misac_2cf3zzc\AppData\Roaming\ModrinthApp\profiles\Create_ Paradise\mods}, reader: mod manifest]
[17:07:04] [main/INFO]: Found mod file "createsandpapers-1.3.1-1.21.1.jar" [locator: {mods folder locator at C:\Users\misac_2cf3zzc\AppData\Roaming\ModrinthApp\profiles\Create_ Paradise\mods}, reader: mod manifest]
[17:07:04] [main/INFO]: Found mod file "curios-neoforge-9.5.1+1.21.1.jar" [locator: {mods folder locator at C:\Users\misac_2cf3zzc\AppData\Roaming\ModrinthApp\profiles\Create_ Paradise\mods}, reader: mod manifest]
[17:07:04] [main/INFO]: Found mod file "DistantHorizons-3.2.0-b-1.21.1-fabric-neoforge.jar" [locator: {mods folder locator at C:\Users\misac_2cf3zzc\AppData\Roaming\ModrinthApp\profiles\Create_ Paradise\mods}, reader: mod manifest]
[17:07:04] [main/INFO]: Found mod file "drill_drain-1.0.13.jar" [locator: {mods folder locator at C:\Users\misac_2cf3zzc\AppData\Roaming\ModrinthApp\profiles\Create_ Paradise\mods}, reader: mod manifest]
[17:07:04] [main/INFO]: Found mod file "entityculling-neoforge-1.10.5-mc1.21.1.jar" [locator: {mods folder locator at C:\Users\misac_2cf3zzc\AppData\Roaming\ModrinthApp\profiles\Create_ Paradise\mods}, reader: mod manifest]
[17:07:04] [main/INFO]: Found mod file "escalated-1.3.2+mc.1.21.1.jar" [locator: {mods folder locator at C:\Users\misac_2cf3zzc\AppData\Roaming\ModrinthApp\profiles\Create_ Paradise\mods}, reader: mod manifest]
[17:07:04] [main/INFO]: Found mod file "FarmersDelight-1.21.1-1.3.3.jar" [locator: {mods folder locator at C:\Users\misac_2cf3zzc\AppData\Roaming\ModrinthApp\profiles\Create_ Paradise\mods}, reader: mod manifest]
[17:07:04] [main/INFO]: Found mod file "ferritecore-7.0.3-neoforge.jar" [locator: {mods folder locator at C:\Users\misac_2cf3zzc\AppData\Roaming\ModrinthApp\profiles\Create_ Paradise\mods}, reader: mod manifest]
[17:07:04] [main/INFO]: Found mod file "freecam-neoforge-1.3.0+mc1.21.jar" [locator: {mods folder locator at C:\Users\misac_2cf3zzc\AppData\Roaming\ModrinthApp\profiles\Create_ Paradise\mods}, reader: mod manifest]
[17:07:04] [main/INFO]: Found mod file "fusion-1.3.14a-neoforge-mc1.21.1.jar" [locator: {mods folder locator at C:\Users\misac_2cf3zzc\AppData\Roaming\ModrinthApp\profiles\Create_ Paradise\mods}, reader: mod manifest]
[17:07:04] [main/INFO]: Found mod file "ImmediatelyFast-NeoForge-1.6.12+1.21.1.jar" [locator: {mods folder locator at C:\Users\misac_2cf3zzc\AppData\Roaming\ModrinthApp\profiles\Create_ Paradise\mods}, reader: mod manifest]
[17:07:04] [main/INFO]: Found mod file "immersive_aircraft-1.4.6+1.21.1-neoforge.jar" [locator: {mods folder locator at C:\Users\misac_2cf3zzc\AppData\Roaming\ModrinthApp\profiles\Create_ Paradise\mods}, reader: mod manifest]
[17:07:04] [main/INFO]: Found mod file "interiors-1.21.1-neoforge-0.6.1.jar" [locator: {mods folder locator at C:\Users\misac_2cf3zzc\AppData\Roaming\ModrinthApp\profiles\Create_ Paradise\mods}, reader: mod manifest]
[17:07:04] [main/INFO]: Found mod file "IronBarrels1.21.1-V1.02NeoForge.jar" [locator: {mods folder locator at C:\Users\misac_2cf3zzc\AppData\Roaming\ModrinthApp\profiles\Create_ Paradise\mods}, reader: mod manifest]
[17:07:04] [main/INFO]: Found mod file "IronCore1.21.1-V1.0NeoForge.jar" [locator: {mods folder locator at C:\Users\misac_2cf3zzc\AppData\Roaming\ModrinthApp\profiles\Create_ Paradise\mods}, reader: mod manifest]
[17:07:04] [main/INFO]: Found mod file "ironfurnaces-neoforge-1.21.1-4.3.2.jar" [locator: {mods folder locator at C:\Users\misac_2cf3zzc\AppData\Roaming\ModrinthApp\profiles\Create_ Paradise\mods}, reader: mod manifest]
[17:07:04] [main/INFO]: Found mod file "Jade-1.21.1-NeoForge-15.10.6.jar" [locator: {mods folder locator at C:\Users\misac_2cf3zzc\AppData\Roaming\ModrinthApp\profiles\Create_ Paradise\mods}, reader: mod manifest]
[17:07:04] [main/INFO]: Found mod file "jei-1.21.1-neoforge-19.44.0.406.jar" [locator: {mods folder locator at C:\Users\misac_2cf3zzc\AppData\Roaming\ModrinthApp\profiles\Create_ Paradise\mods}, reader: mod manifest]
[17:07:04] [main/INFO]: Found mod file "justenoughbreeding-neoforge-1.21.1-3.2.1.jar" [locator: {mods folder locator at C:\Users\misac_2cf3zzc\AppData\Roaming\ModrinthApp\profiles\Create_ Paradise\mods}, reader: mod manifest]
[17:07:04] [main/INFO]: Found mod file "JustEnoughProfessions-neoforge-1.21.1-4.0.5.jar" [locator: {mods folder locator at C:\Users\misac_2cf3zzc\AppData\Roaming\ModrinthApp\profiles\Create_ Paradise\mods}, reader: mod manifest]
[17:07:04] [main/INFO]: Found mod file "JustEnoughResources-NeoForge-1.21.1-1.6.0.17.jar" [locator: {mods folder locator at C:\Users\misac_2cf3zzc\AppData\Roaming\ModrinthApp\profiles\Create_ Paradise\mods}, reader: mod manifest]
[17:07:04] [main/INFO]: Found library file "kotlinforforge-5.12.0-all.jar" [locator: {mods folder locator at C:\Users\misac_2cf3zzc\AppData\Roaming\ModrinthApp\profiles\Create_ Paradise\mods}, reader: mod manifest]
[17:07:04] [main/INFO]: Found mod file "letmedespawn-1.21.x-neoforge-1.5.0.jar" [locator: {mods folder locator at C:\Users\misac_2cf3zzc\AppData\Roaming\ModrinthApp\profiles\Create_ Paradise\mods}, reader: mod manifest]
[17:07:04] [main/INFO]: Found mod file "lit_on_fire-1.3.1.jar" [locator: {mods folder locator at C:\Users\misac_2cf3zzc\AppData\Roaming\ModrinthApp\profiles\Create_ Paradise\mods}, reader: mod manifest]
[17:07:04] [main/INFO]: Found mod file "lithostitched-1.8.0+beta4-neoforge-21.1.jar" [locator: {mods folder locator at C:\Users\misac_2cf3zzc\AppData\Roaming\ModrinthApp\profiles\Create_ Paradise\mods}, reader: mod manifest]
[17:07:04] [main/INFO]: Found mod file "lootr-neoforge-1.21.1-1.11.38.124.jar" [locator: {mods folder locator at C:\Users\misac_2cf3zzc\AppData\Roaming\ModrinthApp\profiles\Create_ Paradise\mods}, reader: mod manifest]
[17:07:04] [main/INFO]: Found mod file "modelfix-1.21-1.10.jar" [locator: {mods folder locator at C:\Users\misac_2cf3zzc\AppData\Roaming\ModrinthApp\profiles\Create_ Paradise\mods}, reader: mod manifest]
[17:07:04] [main/INFO]: Found mod file "modernfix-neoforge-5.27.20+mc1.21.1.jar" [locator: {mods folder locator at C:\Users\misac_2cf3zzc\AppData\Roaming\ModrinthApp\profiles\Create_ Paradise\mods}, reader: mod manifest]
[17:07:04] [main/INFO]: Found mod file "molten_vents-1.21.1-2.1.1.jar" [locator: {mods folder locator at C:\Users\misac_2cf3zzc\AppData\Roaming\ModrinthApp\profiles\Create_ Paradise\mods}, reader: mod manifest]
[17:07:04] [main/INFO]: Found mod file "moonlight-1.21.1-3.5.0-neoforge.jar" [locator: {mods folder locator at C:\Users\misac_2cf3zzc\AppData\Roaming\ModrinthApp\profiles\Create_ Paradise\mods}, reader: mod manifest]
[17:07:04] [main/INFO]: Found mod file "MouseTweaks-neoforge-mc1.21-2.26.1.jar" [locator: {mods folder locator at C:\Users\misac_2cf3zzc\AppData\Roaming\ModrinthApp\profiles\Create_ Paradise\mods}, reader: mod manifest]
[17:07:04] [main/INFO]: Found mod file "notenoughanimations-neoforge-1.12.4-mc1.21.1.jar" [locator: {mods folder locator at C:\Users\misac_2cf3zzc\AppData\Roaming\ModrinthApp\profiles\Create_ Paradise\mods}, reader: mod manifest]
[17:07:04] [main/INFO]: Found mod file "papi-neoforge-1.21.1-1.2.1.jar" [locator: {mods folder locator at C:\Users\misac_2cf3zzc\AppData\Roaming\ModrinthApp\profiles\Create_ Paradise\mods}, reader: mod manifest]
[17:07:04] [main/INFO]: Found mod file "player-animation-lib-forge-2.0.4+1.21.1.jar" [locator: {mods folder locator at C:\Users\misac_2cf3zzc\AppData\Roaming\ModrinthApp\profiles\Create_ Paradise\mods}, reader: mod manifest]
[17:07:04] [main/INFO]: Found mod file "polymorph-neoforge-1.1.0+1.21.1.jar" [locator: {mods folder locator at C:\Users\misac_2cf3zzc\AppData\Roaming\ModrinthApp\profiles\Create_ Paradise\mods}, reader: mod manifest]
[17:07:04] [main/INFO]: Found mod file "portable_engine_liquid_fuel-2.0.0-neoforge-1.21.1.jar" [locator: {mods folder locator at C:\Users\misac_2cf3zzc\AppData\Roaming\ModrinthApp\profiles\Create_ Paradise\mods}, reader: mod manifest]
[17:07:04] [main/INFO]: Found mod file "rechiseled-1.2.5-neoforge-mc1.21.jar" [locator: {mods folder locator at C:\Users\misac_2cf3zzc\AppData\Roaming\ModrinthApp\profiles\Create_ Paradise\mods}, reader: mod manifest]
[17:07:04] [main/INFO]: Found mod file "resourcefullib-neoforge-1.21-3.0.12.jar" [locator: {mods folder locator at C:\Users\misac_2cf3zzc\AppData\Roaming\ModrinthApp\profiles\Create_ Paradise\mods}, reader: mod manifest]
[17:07:04] [main/INFO]: Found mod file "ritchiesprojectilelib-2.1.2+mc.1.21.1-neoforge.jar" [locator: {mods folder locator at C:\Users\misac_2cf3zzc\AppData\Roaming\ModrinthApp\profiles\Create_ Paradise\mods}, reader: mod manifest]
[17:07:04] [main/INFO]: Found mod file "sable-neoforge-1.21.1-2.0.5.jar" [locator: {mods folder locator at C:\Users\misac_2cf3zzc\AppData\Roaming\ModrinthApp\profiles\Create_ Paradise\mods}, reader: mod manifest]
[17:07:04] [main/INFO]: Found mod file "sablemassview-1.0.0.jar" [locator: {mods folder locator at C:\Users\misac_2cf3zzc\AppData\Roaming\ModrinthApp\profiles\Create_ Paradise\mods}, reader: mod manifest]
[17:07:04] [main/INFO]: Found mod file "Searchables-neoforge-1.21.1-1.0.2.jar" [locator: {mods folder locator at C:\Users\misac_2cf3zzc\AppData\Roaming\ModrinthApp\profiles\Create_ Paradise\mods}, reader: mod manifest]
[17:07:04] [main/INFO]: Found mod file "sliceanddice-4.3.3-neoforge.jar" [locator: {mods folder locator at C:\Users\misac_2cf3zzc\AppData\Roaming\ModrinthApp\profiles\Create_ Paradise\mods}, reader: mod manifest]
[17:07:04] [main/INFO]: Found mod file "sophisticatedbackpacks-1.21.1-3.25.78.2107.jar" [locator: {mods folder locator at C:\Users\misac_2cf3zzc\AppData\Roaming\ModrinthApp\profiles\Create_ Paradise\mods}, reader: mod manifest]
[17:07:04] [main/INFO]: Found mod file "sophisticatedcore-1.21.1-1.4.90.2299.jar" [locator: {mods folder locator at C:\Users\misac_2cf3zzc\AppData\Roaming\ModrinthApp\profiles\Create_ Paradise\mods}, reader: mod manifest]
[17:07:04] [main/INFO]: Found mod file "sound-physics-remastered-neoforge-1.21.1-1.5.1.jar" [locator: {mods folder locator at C:\Users\misac_2cf3zzc\AppData\Roaming\ModrinthApp\profiles\Create_ Paradise\mods}, reader: mod manifest]
[17:07:04] [main/INFO]: Found mod file "StorageDrawers-neoforge-1.21.1-13.11.4.jar" [locator: {mods folder locator at C:\Users\misac_2cf3zzc\AppData\Roaming\ModrinthApp\profiles\Create_ Paradise\mods}, reader: mod manifest]
[17:07:04] [main/INFO]: Found mod file "supermartijn642configlib-1.1.8-neoforge-mc1.21.jar" [locator: {mods folder locator at C:\Users\misac_2cf3zzc\AppData\Roaming\ModrinthApp\profiles\Create_ Paradise\mods}, reader: mod manifest]
[17:07:04] [main/INFO]: Found mod file "supermartijn642corelib-1.1.24-neoforge-mc1.21.jar" [locator: {mods folder locator at C:\Users\misac_2cf3zzc\AppData\Roaming\ModrinthApp\profiles\Create_ Paradise\mods}, reader: mod manifest]
[17:07:04] [main/INFO]: Found mod file "Terralith_1.21.1_v2.6.2_Neoforge.jar" [locator: {mods folder locator at C:\Users\misac_2cf3zzc\AppData\Roaming\ModrinthApp\profiles\Create_ Paradise\mods}, reader: mod manifest]
[17:07:04] [main/INFO]: Found mod file "tfmg-1.2.0.jar" [locator: {mods folder locator at C:\Users\misac_2cf3zzc\AppData\Roaming\ModrinthApp\profiles\Create_ Paradise\mods}, reader: mod manifest]
[17:07:04] [main/INFO]: Found mod file "TreeChop-1.21.1-neoforge-0.19.3.jar" [locator: {mods folder locator at C:\Users\misac_2cf3zzc\AppData\Roaming\ModrinthApp\profiles\Create_ Paradise\mods}, reader: mod manifest]
[17:07:04] [main/INFO]: Found mod file "voicechat-neoforge-1.21.1-2.6.22.jar" [locator: {mods folder locator at C:\Users\misac_2cf3zzc\AppData\Roaming\ModrinthApp\profiles\Create_ Paradise\mods}, reader: mod manifest]
[17:07:04] [main/INFO]: Found mod file "xaerominimap-neoforge-1.21.1-26.4.2.jar" [locator: {mods folder locator at C:\Users\misac_2cf3zzc\AppData\Roaming\ModrinthApp\profiles\Create_ Paradise\mods}, reader: mod manifest]
[17:07:04] [main/INFO]: Found mod file "xaeroworldmap-neoforge-1.21.1-1.45.0.jar" [locator: {mods folder locator at C:\Users\misac_2cf3zzc\AppData\Roaming\ModrinthApp\profiles\Create_ Paradise\mods}, reader: mod manifest]
[17:07:04] [main/INFO]: Found mod file "YungsApi-1.21.1-NeoForge-5.1.8.jar" [locator: {mods folder locator at C:\Users\misac_2cf3zzc\AppData\Roaming\ModrinthApp\profiles\Create_ Paradise\mods}, reader: mod manifest]
[17:07:04] [main/INFO]: Found mod file "YungsBetterDesertTemples-1.21.1-NeoForge-4.1.5.jar" [locator: {mods folder locator at C:\Users\misac_2cf3zzc\AppData\Roaming\ModrinthApp\profiles\Create_ Paradise\mods}, reader: mod manifest]
[17:07:04] [main/INFO]: Found mod file "YungsBetterDungeons-1.21.1-NeoForge-5.1.4.jar" [locator: {mods folder locator at C:\Users\misac_2cf3zzc\AppData\Roaming\ModrinthApp\profiles\Create_ Paradise\mods}, reader: mod manifest]
[17:07:04] [main/INFO]: Found mod file "YungsBetterEndIsland-1.21.1-NeoForge-3.1.2.jar" [locator: {mods folder locator at C:\Users\misac_2cf3zzc\AppData\Roaming\ModrinthApp\profiles\Create_ Paradise\mods}, reader: mod manifest]
[17:07:04] [main/INFO]: Found mod file "YungsBetterJungleTemples-1.21.1-NeoForge-3.1.2.jar" [locator: {mods folder locator at C:\Users\misac_2cf3zzc\AppData\Roaming\ModrinthApp\profiles\Create_ Paradise\mods}, reader: mod manifest]
[17:07:04] [main/INFO]: Found mod file "YungsBetterMineshafts-1.21.1-NeoForge-5.1.1.jar" [locator: {mods folder locator at C:\Users\misac_2cf3zzc\AppData\Roaming\ModrinthApp\profiles\Create_ Paradise\mods}, reader: mod manifest]
[17:07:04] [main/INFO]: Found mod file "YungsBetterOceanMonuments-1.21.1-NeoForge-4.1.2.jar" [locator: {mods folder locator at C:\Users\misac_2cf3zzc\AppData\Roaming\ModrinthApp\profiles\Create_ Paradise\mods}, reader: mod manifest]
[17:07:04] [main/INFO]: Found mod file "YungsBetterStrongholds-1.21.1-NeoForge-5.1.3.jar" [locator: {mods folder locator at C:\Users\misac_2cf3zzc\AppData\Roaming\ModrinthApp\profiles\Create_ Paradise\mods}, reader: mod manifest]
[17:07:04] [main/INFO]: Found mod file "YungsBetterWitchHuts-1.21.1-NeoForge-4.1.1.jar" [locator: {mods folder locator at C:\Users\misac_2cf3zzc\AppData\Roaming\ModrinthApp\profiles\Create_ Paradise\mods}, reader: mod manifest]
[17:07:06] [main/WARN]: Attempted to select a dependency jar for JarJar which was passed in as source: cloth_config. Using Mod File: C:\Users\misac_2cf3zzc\AppData\Roaming\ModrinthApp\profiles\Create_ Paradise\mods\cloth-config-15.0.140-neoforge.jar
[17:07:06] [main/INFO]: Found 38 dependencies adding them to mods collection
[17:07:06] [main/INFO]: Found gamelibrary file "mixinextras-neoforge-0.5.3.jar" [parent: neoforge-21.1.248-universal.jar, locator: jarinjar, reader: mod manifest]
[17:07:06] [main/INFO]: Found mod file "atmosphere-1.21.1-neoforge-1.0.17.jar" [parent: sliceanddice-4.3.3-neoforge.jar, locator: jarinjar, reader: mod manifest]
[17:07:06] [main/INFO]: Found mod file "codecui-neoforge-1.21.1-1.3.6.jar" [parent: moonlight-1.21.1-3.5.0-neoforge.jar, locator: jarinjar, reader: mod manifest]
[17:07:06] [main/INFO]: Found gamelibrary file "dev.ryanhcode.sable.sable-sable_rapier-1.21.1-2.0.5.jar" [parent: sable-neoforge-1.21.1-2.0.5.jar, locator: jarinjar, reader: mod manifest]
[17:07:06] [main/INFO]: Found library file "glsl-processor-0.2.3.jar" [parent: veil-neoforge-1.21.1-4.3.2.jar, locator: jarinjar]
[17:07:06] [main/INFO]: Found mod file "ponder-neoforge-1.0.82+mc1.21.1.jar" [parent: create-1.21.1-6.0.10.jar, locator: jarinjar, reader: mod manifest]
[17:07:06] [main/INFO]: Found library file "net.neoforged.neoforge-coremods-21.1.248.jar" [parent: neoforge-21.1.248-universal.jar, locator: jarinjar, reader: mod manifest]
[17:07:06] [main/INFO]: Found library file "json5-java-3.0.0.jar" [parent: apollib-1.2.0-neoforge-21.1.jar, locator: jarinjar]
[17:07:06] [main/INFO]: Found mod file "spectrelib-neoforge-0.17.2+1.21.jar" [parent: comforts-neoforge-9.0.5+1.21.1.jar, locator: jarinjar, reader: mod manifest]
[17:07:06] [main/INFO]: Found library file "thedarkcolour.kfflang-5.12.0.jar" [parent: kotlinforforge-5.12.0-all.jar, locator: jarinjar, reader: mod manifest]
[17:07:06] [main/INFO]: Found mod file "dev.eriksonn.aeronautics.aeronautics-neoforge-1.21.1-1.3.1.jar" [parent: create-aeronautics-bundled-1.21.1-1.3.1.jar, locator: jarinjar, reader: mod manifest]
[17:07:06] [main/INFO]: Found mod file "xaerolib-neoforge-1.21.1-1.7.1.jar" [parent: xaerominimap-neoforge-1.21.1-26.4.2.jar, locator: jarinjar, reader: mod manifest]
[17:07:06] [main/INFO]: Found gamelibrary file "thedarkcolour.kfflib-5.12.0.jar" [parent: kotlinforforge-5.12.0-all.jar, locator: jarinjar, reader: mod manifest]
[17:07:06] [main/INFO]: Found mod file "apollib-1.2.0-neoforge-21.1.jar" [parent: lithostitched-1.8.0+beta4-neoforge-21.1.jar, locator: jarinjar, reader: mod manifest]
[17:07:06] [main/INFO]: Found mod file "TRender-1.0.15-1.21.1-neoforge-SNAPSHOT.jar" [parent: notenoughanimations-neoforge-1.12.4-mc1.21.1.jar, locator: jarinjar, reader: mod manifest]
[17:07:06] [main/INFO]: Found mod file "thedarkcolour.kffmod-5.12.0.jar" [parent: kotlinforforge-5.12.0-all.jar, locator: jarinjar, reader: mod manifest]
[17:07:06] [main/INFO]: Found library file "kotlin-stdlib-2.4.0.jar" [parent: kotlinforforge-5.12.0-all.jar, locator: jarinjar]
[17:07:06] [main/INFO]: Found library file "kotlin-reflect-2.4.0.jar" [parent: kotlinforforge-5.12.0-all.jar, locator: jarinjar]
[17:07:06] [main/INFO]: Found mod file "flywheel-neoforge-1.21.1-1.0.6.jar" [parent: create-1.21.1-6.0.10.jar, locator: jarinjar, reader: mod manifest]
[17:07:06] [main/INFO]: Found mod file "sable-companion-common-1.21.1-1.6.0.jar" [parent: create_connected-1.3.2-mc1.21.1.jar, locator: jarinjar, reader: mod manifest]
[17:07:06] [main/INFO]: Found library file "kotlinx-coroutines-core-jvm-1.11.0.jar" [parent: kotlinforforge-5.12.0-all.jar, locator: jarinjar]
[17:07:06] [main/INFO]: Found library file "yabn-1.0.3.jar" [parent: resourcefullib-neoforge-1.21-3.0.12.jar, locator: jarinjar]
[17:07:06] [main/INFO]: Found mod file "veil-neoforge-1.21.1-4.3.2.jar" [parent: sable-neoforge-1.21.1-2.0.5.jar, locator: jarinjar, reader: mod manifest]
[17:07:06] [main/INFO]: Found mod file "dev.simulated_team.simulated.simulated-neoforge-1.21.1-1.3.1.jar" [parent: create-aeronautics-bundled-1.21.1-1.3.1.jar, locator: jarinjar, reader: mod manifest]
[17:07:06] [main/INFO]: Found library file "kotlinx-coroutines-jdk8-1.11.0.jar" [parent: kotlinforforge-5.12.0-all.jar, locator: jarinjar]
[17:07:06] [main/INFO]: Found library file "MathParser.org-mXparser-5.2.1.jar" [parent: immersive_aircraft-1.4.6+1.21.1-neoforge.jar, locator: jarinjar]
[17:07:06] [main/INFO]: Found mod file "conditional-mixin-neoforge-0.6.4.jar" [parent: CreateDragonsPlus-1.11.7b.jar, locator: jarinjar, reader: mod manifest]
[17:07:06] [main/INFO]: Found mod file "TRansition-1.0.21-1.21.1-neoforge-SNAPSHOT.jar" [parent: notenoughanimations-neoforge-1.12.4-mc1.21.1.jar, locator: jarinjar, reader: mod manifest]
[17:07:06] [main/INFO]: Found library file "kotlin-stdlib-jdk7-2.4.0.jar" [parent: kotlinforforge-5.12.0-all.jar, locator: jarinjar]
[17:07:06] [main/INFO]: Found library file "kotlin-stdlib-jdk8-2.4.0.jar" [parent: kotlinforforge-5.12.0-all.jar, locator: jarinjar]
[17:07:06] [main/INFO]: Found mod file "flightlib-1.21.1-neoforge-4.0.36.jar" [parent: create_jetpack-forge-5.2.1.jar, locator: jarinjar, reader: mod manifest]
[17:07:06] [main/INFO]: Found library file "molang-compiler-3.1.1.19.jar" [parent: veil-neoforge-1.21.1-4.3.2.jar, locator: jarinjar]
[17:07:06] [main/INFO]: Found library file "kotlinx-serialization-core-jvm-1.11.0.jar" [parent: kotlinforforge-5.12.0-all.jar, locator: jarinjar]
[17:07:06] [main/INFO]: Found library file "Reflect-1.6.2.jar" [parent: ImmediatelyFast-NeoForge-1.6.12+1.21.1.jar, locator: jarinjar]
[17:07:06] [main/INFO]: Found gamelibrary file "Registrate-MC1.21-1.3.0+67.jar" [parent: create-1.21.1-6.0.10.jar, locator: jarinjar, reader: mod manifest]
[17:07:06] [main/INFO]: Found library file "kotlinx-serialization-json-jvm-1.11.0.jar" [parent: kotlinforforge-5.12.0-all.jar, locator: jarinjar]
[17:07:06] [main/INFO]: Found library file "bytecodecs-1.1.2.jar" [parent: resourcefullib-neoforge-1.21-3.0.12.jar, locator: jarinjar]
[17:07:06] [main/INFO]: Found mod file "dev.ryanhcode.offroad.offroad-neoforge-1.21.1-1.3.1.jar" [parent: create-aeronautics-bundled-1.21.1-1.3.1.jar, locator: jarinjar, reader: mod manifest]
[17:07:06] [main/INFO]: 
     Mod List:
		Name Version (Mod Id)

		aero_copycats 1.1.0 (aerocopycats)
		AeronauticsCompat 1.1.3 (aeronauticscompat)
		Almanac 1.5.2 (almanac)
		Apollib 1.2.0 (apollib)
		AppleSkin 3.0.9+mc1.21 (appleskin)
		Architectury 13.0.11 (architectury)
		Athena 4.0.6 (athena)
		Atmosphere 1.0.17 (atmosphere)
		BaguetteLib 2.0.3 (baguettelib)
		Better Third Person 1.9.0 (betterthirdperson)
		Carry On 2.2.6 (carryon)
		CBC Advanced Technology 0.1.4c-1.21.1 (cbc_at)
		CBC: Compact Mount 1.2.2 (cbc_compact_mount)
		Chipped 4.0.2 (chipped)
		Chunky 1.4.23 (chunky)
		Cloth Config v15 API 15.0.140 (cloth_config)
		Clumps 19.0.0.1 (clumps)
		CodecUI 1.21.1-1.3.6 (codecui)
		Comforts 9.0.5+1.21.1 (comforts)
		conditional mixin 0.6.4 (conditional_mixin)
		Controlling 19.0.5 (controlling)
		Corpse 1.21.1-1.1.13 (corpse)
		Corpse Curios Compatibility 4.0.1 (corpsecurioscompat)
		Crafts-Aero-Bridge 1.0.0 (aeroadditionbridge)
		Create 6.0.10 (create)
		Create Aeronautics 1.3.1 (aeronautics_bundled)
		Create Aeronautics 1.3.1 (aeronautics)
		Create Aeronautics - Rechiseled Compat 1.2.2 (aeronautics_rechiseled)
		Create Aeronautics: Portable Engine Liquid Fuel 2.0.0 (portable_engine_liquid_fuel)
		Create Big Cannons 5.11.7 (createbigcannons)
		Create cobblestone 1.4.12+neoforge-1.21.1-144 (createcobblestone)
		Create Cobblestone deepslate generators 1.4.6-neoforge+1.21.1 (mr_create_cobblestonedeepslategenerators)
		Create Confectionery 1.1.3. (create_confectionery)
		Create Crafts & Additions 1.6.0 (createaddition)
		Create Deco 2.1.3 (createdeco)
		Create Encased 1.9.0-ht3 (createcasing)
		Create Ender Transmission 2.1.1-1.21.1 (createendertransmission)
		Create Jetpack 5.2.1 (create_jetpack)
		Create Liquid Fuel 2.1.1-1.21.1 (createliquidfuel)
		Create Offroad 1.3.1 (offroad)
		Create Simulated 1.3.1 (simulated)
		Create Slice & Dice 4.3.3 (sliceanddice)
		Create Stuff 'N Additions 2.1.4. (create_sa)
		Create Tweaked Controllers 1.21.1-1.2.7 (create_tweaked_controllers)
		Create: Bells & Whistles 0.4.7-1.21.1 (bellsandwhistles)
		Create: Connected 1.3.2-mc1.21.1 (create_connected)
		Create: Copycats+ 3.0.8+mc.1.21.1-neoforge (copycats)
		Create: Dragons Plus 1.11.7b (create_dragons_plus)
		Create: Drill Drain 1.0.13 (drill_drain)
		Create: Enchantment Industry 2.4.2 (create_enchantment_industry)
		Create: Escalated 1.3.2 (escalated)
		Create: Hangars 1-V1.0.0 (mr_create_hangars)
		Create: Interiors 0.6.1 (interiors)
		Create: Jetpack Curios 1.2.0 (create_jetpack_curios)
		Create: More Sandpapers 1.3.1 (createsandpapers)
		Create: Netherless 2.0.0 (create_netherless)
		Create: Power Loader 2.0.5-mc1.21.1 (create_power_loader)
		Create: Radars 0.4.9.4-1.21.1 (create_radar)
		Create: Rustic Structures 1.0.1 (create_rustic_structures)
		Create: Simple Ore Doubling 1.6.0 (create_simple_ore_doubling)
		Create: The Factory Must Grow 1.2.0 (tfmg)
		Create: Ultimate Factory 2.2.4 (create_ultimate_factory)
		Create: Vibrant Vaults 0.3.2 (create_vibrant_vaults)
		Curios API 9.5.1+1.21.1 (curios)
		Distant Horizons 3.2.0-b (distanthorizons)
		EntityCulling 1.10.5 (entityculling)
		Farmer's Delight 1.3.3 (farmersdelight)
		Ferrite Core 7.0.3 (ferritecore)
		Flight Lib 4.0.36 (flightlib)
		Flywheel 1.0.6 (flywheel)
		Freecam 1.3.0+mc1.21 (freecam)
		Fusion 1.3.14+a (fusion)
		HT's TreeChop 0.19.3 (treechop)
		ImmediatelyFast 1.6.12+1.21.1 (immediatelyfast)
		Immersive Aircraft 1.4.6+1.21.1 (immersive_aircraft)
		Iron Core 1.0 (ironcore)
		Iron Furnaces 4.3.2 (ironfurnaces)
		IronBarrelsUpdated 1.0.0 (ironbarrels)
		Jade 15.10.6+neoforge (jade)
		Just Enough Breeding 3.2.1 (justenoughbreeding)
		Just Enough Items 19.44.0.406 (jei)
		Just Enough Professions (JEP) 4.0.5 (justenoughprofessions)
		Just Enough Resources 1.6.0.17 (jeresources)
		Kotlin For Forge 5.12.0 (kotlinforforge)
		Let Me Despawn 1.5.0 (letmedespawn)
		Lit On Fire 1.3.1 (lit_on_fire)
		Lithostitched 1.8.0+beta4 (lithostitched)
		Lootr 1.21.1-1.11.38.124 (lootr)
		Minecraft 1.21.1 (minecraft)
		Model Gap Fix 1.21-1.10 (modelfix)
		ModernFix 5.27.20+mc1.21.1 (modernfix)
		Molten Vents 2.1.1 (molten_vents)
		Moonlight Lib 1.21.1-3.5.0 (moonlight)
		Mouse Tweaks 2.26.1 (mousetweaks)
		NeoForge 21.1.248 (neoforge)
		NotEnoughAnimations 1.12.4 (notenoughanimations)
		Player Animator 2.0.4+1.21.1 (playeranimator)
		Polymorph 1.1.0+1.21.1 (polymorph)
		Ponder 1.0.82+mc1.21.1 (ponder)
		Put A Plug In it! 1.2.1 (papi)
		Rechiseled 1.2.5 (rechiseled)
		Resourceful Lib 3.0.12 (resourcefullib)
		Ritchie's Projectile Library 2.1.2 (ritchiesprojectilelib)
		Sable 2.0.5 (sable)
		Sable Companion 1.6.0 (sablecompanion)
		SableMassView 1.0.0 (sablemassview)
		Searchables 1.0.2 (searchables)
		Simple Voice Chat 1.21.1-2.6.22 (voicechat)
		Sophisticated Backpacks 3.25.78 (sophisticatedbackpacks)
		Sophisticated Core 1.4.90 (sophisticatedcore)
		Sound Physics Remastered 1.21.1-1.5.1 (sound_physics_remastered)
		SpectreLib 0.17.2+1.21 (spectrelib)
		Storage Drawers 13.11.4 (storagedrawers)
		SuperMartijn642's Config Library 1.1.8 (supermartijn642configlib)
		SuperMartijn642's Core Lib 1.1.24 (supermartijn642corelib)
		Terralith 2.6.2 (terralith)
		TRansition 1.0.21 (transition)
		TRender 1.0.15 (trender)
		Veil 4.3.2 (veil)
		Xaero's Minimap 26.4.2 (xaerominimap)
		Xaero's World Map 1.45.0 (xaeroworldmap)
		XaeroLib 1.7.1 (xaerolib)
		YUNG's API 1.21.1-NeoForge-5.1.8 (yungsapi)
		YUNG's Better Desert Temples 1.21.1-NeoForge-4.1.5 (betterdeserttemples)
		YUNG's Better Dungeons 1.21.1-NeoForge-5.1.4 (betterdungeons)
		YUNG's Better End Island 1.21.1-NeoForge-3.1.2 (betterendisland)
		YUNG's Better Jungle Temples 1.21.1-NeoForge-3.1.2 (betterjungletemples)
		YUNG's Better Mineshafts 1.21.1-NeoForge-5.1.1 (bettermineshafts)
		YUNG's Better Ocean Monuments 1.21.1-NeoForge-4.1.2 (betteroceanmonuments)
		YUNG's Better Strongholds 1.21.1-NeoForge-5.1.3 (betterstrongholds)
		YUNG's Better Witch Huts 1.21.1-NeoForge-4.1.1 (betterwitchhuts)
[17:07:06] [main/INFO]: Found Kotlin-containing mod Jar[union:/C:/Users/misac_2cf3zzc/AppData/Roaming/ModrinthApp/profiles/Create_%20Paradise/mods/kotlinforforge-5.12.0-all.jar%23386_/META-INF/jarjar/kotlin-stdlib-2.4.0.jar%23495!/], checking whether we need to upgrade it..
[17:07:06] [main/INFO]: Looks like a standalone Kotlin jar. Keeping as is.
[17:07:06] [main/INFO]: Loading coremod script-engine for [xaeroworldmap, xaerominimap]
[17:07:09] [main/INFO]: Compatibility level set to JAVA_17
[17:07:09] [main/INFO]: Compatibility level set to JAVA_21
[17:07:10] [main/INFO]: Launching target 'forgeclient' with arguments [--version, 1.21.1, --gameDir, C:\Users\misac_2cf3zzc\AppData\Roaming\ModrinthApp\profiles\Create_ Paradise, --assetsDir, C:\Users\misac_2cf3zzc\AppData\Roaming\ModrinthApp\meta\assets, --uuid, 183da34660d4420982df962b670ca291, --username, GiantAlexis6497, --assetIndex, 17, --accessToken, ❄❄❄❄❄❄❄❄, --clientId, c4502edb-87c6-40cb-b595-64a280cf8906, --xuid, 0, --userType, msa, --versionType, release, --width, 854, --height, 480]
[17:07:10] [main/WARN]: Reference map 'treechop.mixins.refmap.json' for treechop.mixins.json could not be read. If this is a development environment you can ignore this message
[17:07:10] [main/WARN]: Reference map 'betterdungeons.refmap.json' for betterdungeons.mixins.json could not be read. If this is a development environment you can ignore this message
[17:07:10] [main/WARN]: Reference map 'betterwitchhuts.refmap.json' for betterwitchhuts.mixins.json could not be read. If this is a development environment you can ignore this message
[17:07:10] [main/WARN]: Reference map 'betteroceanmonuments.refmap.json' for betteroceanmonuments.mixins.json could not be read. If this is a development environment you can ignore this message
[17:07:10] [main/WARN]: Reference map '${mod_id}.refmap.json' for drill_drain.mixins.json could not be read. If this is a development environment you can ignore this message
[17:07:10] [main/WARN]: Reference map 'xaeroworldmap.refmap.json' for xaeroworldmap.mixins.json could not be read. If this is a development environment you can ignore this message
[17:07:10] [main/WARN]: Reference map 'controlling.refmap.json' for controlling.mixins.json could not be read. If this is a development environment you can ignore this message
[17:07:10] [main/WARN]: Reference map 'controlling.refmap.json' for controlling.neoforge.mixins.json could not be read. If this is a development environment you can ignore this message
[17:07:10] [main/INFO]: Loaded configuration file for ModernFix 5.27.20+mc1.21.1: 89 options available, 0 override(s) found
[17:07:10] [main/INFO]: Applying Nashorn fix
[17:07:10] [main/INFO]: Configuring Minecraft's max.bg.threads option with 9 threads
[17:07:10] [main/WARN]: Reference map 'yungsapi.refmap.json' for yungsapi.mixins.json could not be read. If this is a development environment you can ignore this message
[17:07:10] [main/WARN]: Reference map 'simulated.refmap.json' for simulated.mixins.json could not be read. If this is a development environment you can ignore this message
[17:07:10] [main/WARN]: Reference map 'carryon.refmap.json' for carryon.mixins.json could not be read. If this is a development environment you can ignore this message
[17:07:10] [main/WARN]: Reference map 'create_connected.refmap.json' for create_connected.mixins.json could not be read. If this is a development environment you can ignore this message
[17:07:10] [main/WARN]: Reference map 'supermartijn642corelib.mixins.refmap.json' for supermartijn642corelib.mixins.json could not be read. If this is a development environment you can ignore this message
[17:07:10] [main/WARN]: Reference map 'curios.refmap.json' for curios.neoforge.mixins.json could not be read. If this is a development environment you can ignore this message
[17:07:10] [main/WARN]: Reference map 'curios.refmap.json' for curios.mixins.json could not be read. If this is a development environment you can ignore this message
[17:07:10] [main/WARN]: Reference map 'searchables.refmap.json' for searchables.mixins.json could not be read. If this is a development environment you can ignore this message
[17:07:10] [main/WARN]: Reference map 'searchables.refmap.json' for searchables.neoforge.mixins.json could not be read. If this is a development environment you can ignore this message
[17:07:10] [main/WARN]: Reference map 'betterstrongholds.refmap.json' for betterstrongholds.mixins.json could not be read. If this is a development environment you can ignore this message
[17:07:10] [main/WARN]: Reference map 'CreateLiquidFuel.refmap.json' for createliquidfuel.mixins.json could not be read. If this is a development environment you can ignore this message
[17:07:10] [main/WARN]: Reference map 'betterendisland.refmap.json' for betterendisland.mixins.json could not be read. If this is a development environment you can ignore this message
[17:07:10] [main/WARN]: Reference map 'bettermineshafts.refmap.json' for bettermineshafts.mixins.json could not be read. If this is a development environment you can ignore this message
[17:07:10] [main/WARN]: Reference map 'betterjungletemples.refmap.json' for betterjungletemples.mixins.json could not be read. If this is a development environment you can ignore this message
[17:07:10] [main/WARN]: Reference map 'create_tweaked_controllers.refmap.json' for create_tweaked_controllers.mixins.json could not be read. If this is a development environment you can ignore this message
[17:07:10] [main/WARN]: Reference map 'aeronautics.refmap.json' for aeronautics.mixins.json could not be read. If this is a development environment you can ignore this message
[17:07:10] [main/WARN]: Reference map 'xaerolib.refmap.json' for xaerolib.mixins.json could not be read. If this is a development environment you can ignore this message
[17:07:10] [main/WARN]: Reference map 'clumps.refmap.json' for clumps.mixins.json could not be read. If this is a development environment you can ignore this message
[17:07:10] [main/WARN]: Reference map 'papi.refmap.json' for papi.mixins.json could not be read. If this is a development environment you can ignore this message
[17:07:10] [main/WARN]: Reference map 'comforts.refmap.json' for comforts.mixins.json could not be read. If this is a development environment you can ignore this message
[17:07:10] [main/WARN]: Reference map 'betterdeserttemples.refmap.json' for betterdeserttemples.mixins.json could not be read. If this is a development environment you can ignore this message
[17:07:10] [main/WARN]: Reference map 'tfmg.refmap.json' for tfmg.mixins.json could not be read. If this is a development environment you can ignore this message
[17:07:10] [main/WARN]: Reference map 'offroad.refmap.json' for offroad.mixins.json could not be read. If this is a development environment you can ignore this message
[17:07:11] [main/WARN]: Reference map 'ponder.refmap.json' for ponder-common.mixins.json could not be read. If this is a development environment you can ignore this message
[17:07:11] [main/WARN]: Reference map 'createcasing.refmap.json' for createcasing.mixins.json could not be read. If this is a development environment you can ignore this message
[17:07:11] [main/INFO]: Using Vanilla renderer mixins
[17:07:11] [main/INFO]: Using Vanilla renderer mixins
[17:07:11] [main/INFO]: [sh.rsap.aeronauticscompat.mixin.AeronauticsCompatMixinPlugin:onLoad:66]: [AeronauticsCompat] Mod detection: sable=true etched=false waterframes=false citadel=false thick_air=false bnb=false simulated=true pneumaticcraft=false cobblemon=false storagedrawers=true chameleon=true camera=false
[17:07:11] [main/WARN]: Reference map 'xaerominimap.refmap.json' for xaerohud.mixins.json could not be read. If this is a development environment you can ignore this message
[17:07:11] [main/WARN]: Reference map 'xaerominimap.refmap.json' for xaerominimap.mixins.json could not be read. If this is a development environment you can ignore this message
[17:07:11] [main/WARN]: Reference map 'polymorph.refmap.json' for polymorph.mixins.json could not be read. If this is a development environment you can ignore this message
[17:07:11] [main/WARN]: Reference map 'polymorph.refmap.json' for polymorph-compatibility.mixins.json could not be read. If this is a development environment you can ignore this message
[17:07:11] [main/WARN]: Reference map 'entityculling.refmap.mixins.json' for entityculling.mixins.json could not be read. If this is a development environment you can ignore this message
[17:07:11] [main/WARN]: Reference map 'createradar.refmap.json' for create_radar.mixins.json could not be read. If this is a development environment you can ignore this message
[17:07:11] [main/WARN]: Reference map 'create_vibrant_vaults.mixins.refmap.json' for create_vibrant_vaults.mixins.json could not be read. If this is a development environment you can ignore this message
[17:07:11] [main/WARN]: Reference map '${refmap_target}refmap.json' for ferritecore.predicates.mixin.json could not be read. If this is a development environment you can ignore this message
[17:07:11] [main/WARN]: Reference map '${refmap_target}refmap.json' for ferritecore.fastmap.mixin.json could not be read. If this is a development environment you can ignore this message
[17:07:11] [main/WARN]: Reference map '${refmap_target}refmap.json' for ferritecore.mrl.mixin.json could not be read. If this is a development environment you can ignore this message
[17:07:11] [main/WARN]: Reference map '${refmap_target}refmap.json' for ferritecore.dedupmultipart.mixin.json could not be read. If this is a development environment you can ignore this message
[17:07:11] [main/WARN]: Reference map '${refmap_target}refmap.json' for ferritecore.blockstatecache.mixin.json could not be read. If this is a development environment you can ignore this message
[17:07:11] [main/WARN]: Reference map '${refmap_target}refmap.json' for ferritecore.dedupbakedquad.mixin.json could not be read. If this is a development environment you can ignore this message
[17:07:11] [main/WARN]: Reference map '${refmap_target}refmap.json' for ferritecore.threaddetec.mixin.json could not be read. If this is a development environment you can ignore this message
[17:07:11] [main/WARN]: Reference map '${refmap_target}refmap.json' for ferritecore.modelsides.mixin.json could not be read. If this is a development environment you can ignore this message
[17:07:11] [main/WARN]: Reference map '${refmap_target}refmap.json' for ferritecore.datacomponents.mixin.json could not be read. If this is a development environment you can ignore this message
[17:07:11] [main/WARN]: Reference map '${refmap_target}refmap.json' for ferritecore.accessors.mixin.json could not be read. If this is a development environment you can ignore this message
[17:07:11] [main/WARN]: Reference map 'create_power_loader.refmap.json' for create_power_loader.mixins.json could not be read. If this is a development environment you can ignore this message
[17:07:11] [main/INFO]: Starting Essential v1.4.1.1 (#31e1806134) [stable]
[17:07:11] [main/WARN]: Reference map 'sound_physics_remastered.refmap.json' for sound_physics_remastered.mixins.json could not be read. If this is a development environment you can ignore this message
[17:07:12] [main/WARN]: Error loading class: net/irisshaders/iris/pipeline/PipelineManager (java.lang.ClassNotFoundException: net.irisshaders.iris.pipeline.PipelineManager)
[17:07:12] [main/WARN]: @Mixin target net.irisshaders.iris.pipeline.PipelineManager was not found veil.neoforge.mixins.json:client.perspective.iris.PipelineManagerMixin from mod veil
[17:07:12] [main/WARN]: Error loading class: me/jellysquid/mods/lithium/common/ai/pathing/PathNodeDefaults (java.lang.ClassNotFoundException: me.jellysquid.mods.lithium.common.ai.pathing.PathNodeDefaults)
[17:07:12] [main/WARN]: Error loading class: xfacthd/framedblocks/common/blockentity/doubled/slab/FramedAdjustableDoubleBlockEntity (java.lang.ClassNotFoundException: xfacthd.framedblocks.common.blockentity.doubled.slab.FramedAdjustableDoubleBlockEntity)
[17:07:12] [main/WARN]: @Mixin target xfacthd.framedblocks.common.blockentity.doubled.slab.FramedAdjustableDoubleBlockEntity was not found createbigcannons.mixins.json:compat.framedblocks.FramedAdjustableDoubleBlockEntityAccessor from mod createbigcannons
[17:07:12] [main/WARN]: Error loading class: net/minecraft/client/renderer/texture/TextureUtil (java.lang.ClassNotFoundException: net.minecraft.client.renderer.texture.TextureUtil)
[17:07:12] [main/INFO]: Immersive Portals not present, skipping DH compatibility mixin.
[17:07:14] [main/WARN]: Error loading class: net/minecraft/client/renderer/texture/TextureUtil (java.lang.ClassNotFoundException: net.minecraft.client.renderer.texture.TextureUtil)
[17:07:14] [main/WARN]: Error loading class: net/minecraft/client/renderer/texture/TextureUtil (java.lang.ClassNotFoundException: net.minecraft.client.renderer.texture.TextureUtil)
[17:07:14] [main/WARN]: Error loading class: org/jetbrains/annotations/ApiStatus$ScheduledForRemoval (java.lang.ClassNotFoundException: org.jetbrains.annotations.ApiStatus$ScheduledForRemoval)
[17:07:14] [main/INFO]: Initializing MixinExtras via com.llamalad7.mixinextras.service.MixinExtrasServiceImpl(version=0.5.3).
[27srp2026 17:07:17.850] [Datafixer Bootstrap/INFO] [com.mojang.datafixers.DataFixerBuilder/]: 229 Datafixer optimizations took 465 milliseconds
[27srp2026 17:07:17.890] [pool-15-thread-1/INFO] [net.minecraft.server.Bootstrap/]: ModernFix reached bootstrap stage (18.98 s after launch)
[27srp2026 17:07:23.882] [pool-15-thread-1/INFO] [net.minecraft.server.Bootstrap/]: Vanilla bootstrap took 5965 milliseconds
[27srp2026 17:07:24.736] [Render thread/WARN] [net.minecraft.server.packs.VanillaPackResourcesBuilder/]: Assets URL 'union:/C:/Users/misac_2cf3zzc/AppData/Roaming/ModrinthApp/meta/libraries/net/minecraft/client/1.21.1-20240808.144430/client-1.21.1-20240808.144430-srg.jar%23314!/assets/.mcassetsroot' uses unexpected schema
[27srp2026 17:07:24.737] [Render thread/WARN] [net.minecraft.server.packs.VanillaPackResourcesBuilder/]: Assets URL 'union:/C:/Users/misac_2cf3zzc/AppData/Roaming/ModrinthApp/meta/libraries/net/minecraft/client/1.21.1-20240808.144430/client-1.21.1-20240808.144430-srg.jar%23314!/data/.mcassetsroot' uses unexpected schema
[27srp2026 17:07:24.769] [Render thread/INFO] [com.mojang.authlib.yggdrasil.YggdrasilAuthenticationService/]: Environment: Environment[sessionHost=https://sessionserver.mojang.com, servicesHost=https://api.minecraftservices.com, name=PROD]
[27srp2026 17:07:24.779] [Render thread/INFO] [net.minecraft.client.Minecraft/]: Setting user: GiantAlexis6497
[27srp2026 17:07:24.984] [Render thread/INFO] [Essential Logger/]: OptiFine not detected.
[27srp2026 17:07:25.567] [Render thread/INFO] [Essential - DI/]: Starting DI!
[27srp2026 17:07:25.662] [Render thread/INFO] [Essential - Connection/]: Authenticating to Mojang as GiantAlexis6497 (183da346-60d4-4209-82df-962b670ca291)
[27srp2026 17:07:25.713] [Render thread/INFO] [net.minecraft.client.Minecraft/]: Backend library: LWJGL version 3.3.3+5
[27srp2026 17:07:25.842] [Render thread/INFO] [ImmediatelyFast/]: Initializing ImmediatelyFast 1.6.12+1.21.1 on NVIDIA GeForce GTX 1650/PCIe/SSE2 (NVIDIA Corporation) with OpenGL 4.6.0 NVIDIA 580.88
[27srp2026 17:07:25.865] [Render thread/WARN] [mixin/]: Error loading class: net/minecraft/client/renderer/texture/TextureUtil (java.lang.ClassNotFoundException: net.minecraft.client.renderer.texture.TextureUtil)
[27srp2026 17:07:26.594] [modloading-worker-0/INFO] [CodecUI/]: Codec construction mixins inactive (Codec, MapCodec, RecordCodecBuilder) - expected on NeoForge; using reflective schema inference (numeric ranges recovered, optional-field defaults not).
[27srp2026 17:07:26.620] [modloading-worker-0/INFO] [Create Deco/]: Registering items for Create Deco
[27srp2026 17:07:26.664] [modloading-worker-0/INFO] [Veil/]: Veil is initializing.
[27srp2026 17:07:26.719] [modloading-worker-0/INFO] [net.neoforged.neoforge.common.NeoForgeMod/NEOFORGE-MOD]: NeoForge mod loading, version 21.1.248, for MC 1.21.1
[27srp2026 17:07:26.786] [modloading-worker-0/INFO] [Create Deco/]: Registering blocks for Create Deco
[27srp2026 17:07:26.836] [DefaultDispatcher-worker-3/INFO] [Essential - Connection/]: Connecting to Essential Connection Manager...
[27srp2026 17:07:26.851] [modloading-worker-0/INFO] [com.cake.drill_drain.CreateDrillDrain/]: Registering all Create: Drill Drain entries
[27srp2026 17:07:26.855] [modloading-worker-0/INFO] [Create Deco/]: Populating connected texture maps...
[27srp2026 17:07:27.103] [DefaultDispatcher-worker-3/INFO] [Essential Logger/]: Using Default JreDnsResolver
[27srp2026 17:07:27.105] [modloading-worker-0/INFO] [xaero.map.WorldMap/]: Registering common data for channel xaeroworldmap:main!
[27srp2026 17:07:27.126] [DefaultDispatcher-worker-3/INFO] [Essential Logger/]: Using Default JreSocketFactory
[27srp2026 17:07:27.343] [modloading-worker-0/INFO] [xaero.map.WorldMap/]: Registering client data for channel xaeroworldmap:main!
[27srp2026 17:07:27.699] [modloading-worker-0/INFO] [xaero.map.WorldMap/]: Loading primary common config for channel xaeroworldmap:main!
[27srp2026 17:07:27.718] [modloading-worker-0/INFO] [xaero.map.WorldMap/]: Loading server config profiles for channel xaeroworldmap:main!
[27srp2026 17:07:27.722] [WebSocketConnectReadThread-134/INFO] [Essential - Connection/]: Connected to Essential Connection Manager.
[27srp2026 17:07:27.742] [modloading-worker-0/INFO] [xaero.map.WorldMap/]: Loading primary client config for channel xaeroworldmap:main!
[27srp2026 17:07:27.763] [modloading-worker-0/INFO] [xaero.map.WorldMap/]: Loading client config profiles for channel xaeroworldmap:main!
[27srp2026 17:07:28.010] [modloading-worker-0/WARN] [mixin/]: Discarding @Unique public method rotate in copycats-neoforge.mixins.json:foundation.copycat.CopycatBlockMixin from mod copycats because it already exists in com.copycatsplus.copycats.content.copycat.fluid_pipe.CopycatGlassFluidPipeBlock
[27srp2026 17:07:28.011] [modloading-worker-0/WARN] [mixin/]: Discarding @Unique public method mirror in copycats-neoforge.mixins.json:foundation.copycat.CopycatBlockMixin from mod copycats because it already exists in com.copycatsplus.copycats.content.copycat.fluid_pipe.CopycatGlassFluidPipeBlock
[27srp2026 17:07:28.011] [modloading-worker-0/WARN] [mixin/]: Discarding @Unique public method useItemOn in copycats-neoforge.mixins.json:foundation.copycat.CopycatBlockMixin from mod copycats because it already exists in com.copycatsplus.copycats.content.copycat.fluid_pipe.CopycatGlassFluidPipeBlock
[27srp2026 17:07:28.011] [modloading-worker-0/WARN] [mixin/]: Discarding @Unique public method useWithoutItem in copycats-neoforge.mixins.json:foundation.copycat.CopycatBlockMixin from mod copycats because it already exists in com.copycatsplus.copycats.content.copycat.fluid_pipe.CopycatGlassFluidPipeBlock
[27srp2026 17:07:28.087] [modloading-worker-0/WARN] [mixin/]: Discarding @Unique public method rotate in copycats-neoforge.mixins.json:foundation.copycat.CopycatBlockMixin from mod copycats because it already exists in com.copycatsplus.copycats.content.copycat.door.CopycatDoorBlock
[27srp2026 17:07:28.087] [modloading-worker-0/WARN] [mixin/]: Discarding @Unique public method mirror in copycats-neoforge.mixins.json:foundation.copycat.CopycatBlockMixin from mod copycats because it already exists in com.copycatsplus.copycats.content.copycat.door.CopycatDoorBlock
[27srp2026 17:07:28.087] [modloading-worker-0/WARN] [mixin/]: Discarding @Unique public method useItemOn in copycats-neoforge.mixins.json:foundation.copycat.CopycatBlockMixin from mod copycats because it already exists in com.copycatsplus.copycats.content.copycat.door.CopycatDoorBlock
[27srp2026 17:07:28.088] [modloading-worker-0/WARN] [mixin/]: Discarding @Unique public method useWithoutItem in copycats-neoforge.mixins.json:foundation.copycat.CopycatBlockMixin from mod copycats because it already exists in com.copycatsplus.copycats.content.copycat.door.CopycatDoorBlock
[27srp2026 17:07:28.132] [modloading-worker-0/WARN] [mixin/]: Discarding @Unique public method rotate in copycats-neoforge.mixins.json:foundation.copycat.multistate.MultiStateCopycatBlockMixin from mod copycats because it already exists in com.copycatsplus.copycats.foundation.copycat.multistate.MultiStateCopycatBlock
[27srp2026 17:07:28.132] [modloading-worker-0/WARN] [mixin/]: Discarding @Unique public method mirror in copycats-neoforge.mixins.json:foundation.copycat.multistate.MultiStateCopycatBlockMixin from mod copycats because it already exists in com.copycatsplus.copycats.foundation.copycat.multistate.MultiStateCopycatBlock
[27srp2026 17:07:28.132] [modloading-worker-0/WARN] [mixin/]: Discarding @Unique public method useItemOn in copycats-neoforge.mixins.json:foundation.copycat.multistate.MultiStateCopycatBlockMixin from mod copycats because it already exists in com.copycatsplus.copycats.foundation.copycat.multistate.MultiStateCopycatBlock
[27srp2026 17:07:28.132] [modloading-worker-0/WARN] [mixin/]: Discarding @Unique public method useWithoutItem in copycats-neoforge.mixins.json:foundation.copycat.multistate.MultiStateCopycatBlockMixin from mod copycats because it already exists in com.copycatsplus.copycats.foundation.copycat.multistate.MultiStateCopycatBlock
[27srp2026 17:07:28.182] [modloading-worker-0/INFO] [xaero.lib.XaeroLib/]: Registering common data for channel xaerolib:main!
[27srp2026 17:07:28.184] [modloading-worker-0/INFO] [xaero.lib.XaeroLib/]: Registering client data for channel xaerolib:main!
[27srp2026 17:07:28.198] [modloading-worker-0/WARN] [mixin/]: Discarding @Unique public method rotate in copycats-neoforge.mixins.json:foundation.copycat.CopycatBlockMixin from mod copycats because it already exists in com.copycatsplus.copycats.content.copycat.sliding_door.CopycatSlidingDoorBlock
[27srp2026 17:07:28.198] [modloading-worker-0/WARN] [mixin/]: Discarding @Unique public method mirror in copycats-neoforge.mixins.json:foundation.copycat.CopycatBlockMixin from mod copycats because it already exists in com.copycatsplus.copycats.content.copycat.sliding_door.CopycatSlidingDoorBlock
[27srp2026 17:07:28.198] [modloading-worker-0/WARN] [mixin/]: Discarding @Unique public method useItemOn in copycats-neoforge.mixins.json:foundation.copycat.CopycatBlockMixin from mod copycats because it already exists in com.copycatsplus.copycats.content.copycat.sliding_door.CopycatSlidingDoorBlock
[27srp2026 17:07:28.198] [modloading-worker-0/WARN] [mixin/]: Discarding @Unique public method useWithoutItem in copycats-neoforge.mixins.json:foundation.copycat.CopycatBlockMixin from mod copycats because it already exists in com.copycatsplus.copycats.content.copycat.sliding_door.CopycatSlidingDoorBlock
[27srp2026 17:07:28.204] [modloading-worker-0/INFO] [xaero.lib.XaeroLib/]: Loading primary common config for channel xaerolib:main!
[27srp2026 17:07:28.214] [modloading-worker-0/INFO] [STDOUT/]: [dev.tr7zw.trender.gui.impl.client.LibGuiClient:onInitializeClient:37]: [TRender] Initializing Client...
[27srp2026 17:07:28.221] [modloading-worker-0/INFO] [xaero.lib.XaeroLib/]: Loading server config profiles for channel xaerolib:main!
[27srp2026 17:07:28.229] [modloading-worker-0/WARN] [mixin/]: Discarding @Unique public method rotate in copycats-neoforge.mixins.json:foundation.copycat.CopycatBlockMixin from mod copycats because it already exists in com.copycatsplus.copycats.foundation.copycat.CCCopycatBlock
[27srp2026 17:07:28.229] [modloading-worker-0/WARN] [mixin/]: Discarding @Unique public method mirror in copycats-neoforge.mixins.json:foundation.copycat.CopycatBlockMixin from mod copycats because it already exists in com.copycatsplus.copycats.foundation.copycat.CCCopycatBlock
[27srp2026 17:07:28.229] [modloading-worker-0/WARN] [mixin/]: Discarding @Unique public method useItemOn in copycats-neoforge.mixins.json:foundation.copycat.CopycatBlockMixin from mod copycats because it already exists in com.copycatsplus.copycats.foundation.copycat.CCCopycatBlock
[27srp2026 17:07:28.229] [modloading-worker-0/WARN] [mixin/]: Discarding @Unique public method useWithoutItem in copycats-neoforge.mixins.json:foundation.copycat.CopycatBlockMixin from mod copycats because it already exists in com.copycatsplus.copycats.foundation.copycat.CCCopycatBlock
[27srp2026 17:07:28.240] [modloading-worker-0/INFO] [xaero.lib.XaeroLib/]: Loading primary client config for channel xaerolib:main!
[27srp2026 17:07:28.252] [modloading-worker-0/INFO] [xaero.lib.XaeroLib/]: Loading client config profiles for channel xaerolib:main!
[27srp2026 17:07:28.299] [modloading-worker-0/WARN] [mixin/]: Discarding @Unique public method rotate in copycats-neoforge.mixins.json:foundation.copycat.CopycatBlockMixin from mod copycats because it already exists in com.copycatsplus.copycats.content.copycat.button.CopycatButtonBlock
[27srp2026 17:07:28.299] [modloading-worker-0/WARN] [mixin/]: Discarding @Unique public method mirror in copycats-neoforge.mixins.json:foundation.copycat.CopycatBlockMixin from mod copycats because it already exists in com.copycatsplus.copycats.content.copycat.button.CopycatButtonBlock
[27srp2026 17:07:28.299] [modloading-worker-0/WARN] [mixin/]: Discarding @Unique public method useItemOn in copycats-neoforge.mixins.json:foundation.copycat.CopycatBlockMixin from mod copycats because it already exists in com.copycatsplus.copycats.content.copycat.button.CopycatButtonBlock
[27srp2026 17:07:28.299] [modloading-worker-0/WARN] [mixin/]: Discarding @Unique public method useWithoutItem in copycats-neoforge.mixins.json:foundation.copycat.CopycatBlockMixin from mod copycats because it already exists in com.copycatsplus.copycats.content.copycat.button.CopycatButtonBlock
[27srp2026 17:07:28.338] [modloading-worker-0/WARN] [mixin/]: Discarding @Unique public method rotate in copycats-neoforge.mixins.json:foundation.copycat.CopycatBlockMixin from mod copycats because it already exists in com.copycatsplus.copycats.content.copycat.fence.CopycatFenceBlock
[27srp2026 17:07:28.338] [modloading-worker-0/WARN] [mixin/]: Discarding @Unique public method mirror in copycats-neoforge.mixins.json:foundation.copycat.CopycatBlockMixin from mod copycats because it already exists in com.copycatsplus.copycats.content.copycat.fence.CopycatFenceBlock
[27srp2026 17:07:28.338] [modloading-worker-0/WARN] [mixin/]: Discarding @Unique public method useItemOn in copycats-neoforge.mixins.json:foundation.copycat.CopycatBlockMixin from mod copycats because it already exists in com.copycatsplus.copycats.content.copycat.fence.CopycatFenceBlock
[27srp2026 17:07:28.338] [modloading-worker-0/WARN] [mixin/]: Discarding @Unique public method useWithoutItem in copycats-neoforge.mixins.json:foundation.copycat.CopycatBlockMixin from mod copycats because it already exists in com.copycatsplus.copycats.content.copycat.fence.CopycatFenceBlock
[27srp2026 17:07:28.353] [modloading-worker-0/WARN] [mixin/]: Discarding @Unique public method rotate in copycats-neoforge.mixins.json:foundation.copycat.CopycatBlockMixin from mod copycats because it already exists in com.copycatsplus.copycats.content.copycat.fence_gate.CopycatFenceGateBlock
[27srp2026 17:07:28.353] [modloading-worker-0/WARN] [mixin/]: Discarding @Unique public method mirror in copycats-neoforge.mixins.json:foundation.copycat.CopycatBlockMixin from mod copycats because it already exists in com.copycatsplus.copycats.content.copycat.fence_gate.CopycatFenceGateBlock
[27srp2026 17:07:28.354] [modloading-worker-0/WARN] [mixin/]: Discarding @Unique public method useItemOn in copycats-neoforge.mixins.json:foundation.copycat.CopycatBlockMixin from mod copycats because it already exists in com.copycatsplus.copycats.content.copycat.fence_gate.CopycatFenceGateBlock
[27srp2026 17:07:28.354] [modloading-worker-0/WARN] [mixin/]: Discarding @Unique public method useWithoutItem in copycats-neoforge.mixins.json:foundation.copycat.CopycatBlockMixin from mod copycats because it already exists in com.copycatsplus.copycats.content.copycat.fence_gate.CopycatFenceGateBlock
[27srp2026 17:07:28.629] [modloading-worker-0/WARN] [mixin/]: Discarding @Unique public method rotate in copycats-neoforge.mixins.json:foundation.copycat.CopycatBlockMixin from mod copycats because it already exists in com.copycatsplus.copycats.content.copycat.ladder.CopycatLadderBlock
[27srp2026 17:07:28.629] [modloading-worker-0/WARN] [mixin/]: Discarding @Unique public method mirror in copycats-neoforge.mixins.json:foundation.copycat.CopycatBlockMixin from mod copycats because it already exists in com.copycatsplus.copycats.content.copycat.ladder.CopycatLadderBlock
[27srp2026 17:07:28.630] [modloading-worker-0/WARN] [mixin/]: Discarding @Unique public method useItemOn in copycats-neoforge.mixins.json:foundation.copycat.CopycatBlockMixin from mod copycats because it already exists in com.copycatsplus.copycats.content.copycat.ladder.CopycatLadderBlock
[27srp2026 17:07:28.630] [modloading-worker-0/WARN] [mixin/]: Discarding @Unique public method useWithoutItem in copycats-neoforge.mixins.json:foundation.copycat.CopycatBlockMixin from mod copycats because it already exists in com.copycatsplus.copycats.content.copycat.ladder.CopycatLadderBlock
[27srp2026 17:07:28.668] [modloading-worker-0/WARN] [mixin/]: Discarding @Unique public method rotate in copycats-neoforge.mixins.json:foundation.copycat.CopycatBlockMixin from mod copycats because it already exists in com.copycatsplus.copycats.content.copycat.pressure_plate.CopycatPressurePlateBlock
[27srp2026 17:07:28.669] [modloading-worker-0/WARN] [mixin/]: Discarding @Unique public method mirror in copycats-neoforge.mixins.json:foundation.copycat.CopycatBlockMixin from mod copycats because it already exists in com.copycatsplus.copycats.content.copycat.pressure_plate.CopycatPressurePlateBlock
[27srp2026 17:07:28.669] [modloading-worker-0/WARN] [mixin/]: Discarding @Unique public method useItemOn in copycats-neoforge.mixins.json:foundation.copycat.CopycatBlockMixin from mod copycats because it already exists in com.copycatsplus.copycats.content.copycat.pressure_plate.CopycatPressurePlateBlock
[27srp2026 17:07:28.669] [modloading-worker-0/WARN] [mixin/]: Discarding @Unique public method useWithoutItem in copycats-neoforge.mixins.json:foundation.copycat.CopycatBlockMixin from mod copycats because it already exists in com.copycatsplus.copycats.content.copycat.pressure_plate.CopycatPressurePlateBlock
[27srp2026 17:07:28.724] [modloading-worker-0/WARN] [mixin/]: Discarding @Unique public method rotate in copycats-neoforge.mixins.json:foundation.copycat.CopycatBlockMixin from mod copycats because it already exists in com.copycatsplus.copycats.content.copycat.pressure_plate.CopycatWeightedPressurePlate
[27srp2026 17:07:28.724] [modloading-worker-0/WARN] [mixin/]: Discarding @Unique public method mirror in copycats-neoforge.mixins.json:foundation.copycat.CopycatBlockMixin from mod copycats because it already exists in com.copycatsplus.copycats.content.copycat.pressure_plate.CopycatWeightedPressurePlate
[27srp2026 17:07:28.724] [modloading-worker-0/WARN] [mixin/]: Discarding @Unique public method useItemOn in copycats-neoforge.mixins.json:foundation.copycat.CopycatBlockMixin from mod copycats because it already exists in com.copycatsplus.copycats.content.copycat.pressure_plate.CopycatWeightedPressurePlate
[27srp2026 17:07:28.725] [modloading-worker-0/WARN] [mixin/]: Discarding @Unique public method useWithoutItem in copycats-neoforge.mixins.json:foundation.copycat.CopycatBlockMixin from mod copycats because it already exists in com.copycatsplus.copycats.content.copycat.pressure_plate.CopycatWeightedPressurePlate
[27srp2026 17:07:28.774] [modloading-worker-0/INFO] [com.leclowndu93150.corpsecurioscompat.Main/]: Hello from Corpse Curios Compat!
[27srp2026 17:07:28.833] [modloading-worker-0/WARN] [mixin/]: Discarding @Unique public method rotate in copycats-neoforge.mixins.json:foundation.copycat.CopycatBlockMixin from mod copycats because it already exists in com.copycatsplus.copycats.content.copycat.stairs.CopycatStairsBlock
[27srp2026 17:07:28.833] [modloading-worker-0/WARN] [mixin/]: Discarding @Unique public method mirror in copycats-neoforge.mixins.json:foundation.copycat.CopycatBlockMixin from mod copycats because it already exists in com.copycatsplus.copycats.content.copycat.stairs.CopycatStairsBlock
[27srp2026 17:07:28.834] [modloading-worker-0/WARN] [mixin/]: Discarding @Unique public method useItemOn in copycats-neoforge.mixins.json:foundation.copycat.CopycatBlockMixin from mod copycats because it already exists in com.copycatsplus.copycats.content.copycat.stairs.CopycatStairsBlock
[27srp2026 17:07:28.834] [modloading-worker-0/WARN] [mixin/]: Discarding @Unique public method useWithoutItem in copycats-neoforge.mixins.json:foundation.copycat.CopycatBlockMixin from mod copycats because it already exists in com.copycatsplus.copycats.content.copycat.stairs.CopycatStairsBlock
[27srp2026 17:07:28.873] [modloading-worker-0/WARN] [mixin/]: Discarding @Unique public method onLoad in copycats-common.mixins.json:foundation.copycat.CopycatBlockEntityMixin from mod copycats because it already exists in com.simibubi.create.content.decoration.copycat.CopycatBlockEntity
[27srp2026 17:07:28.905] [modloading-worker-0/WARN] [mixin/]: Discarding @Unique public method rotate in copycats-neoforge.mixins.json:foundation.copycat.CopycatBlockMixin from mod copycats because it already exists in com.copycatsplus.copycats.content.copycat.trapdoor.CopycatTrapdoorBlock
[27srp2026 17:07:28.905] [modloading-worker-0/WARN] [mixin/]: Discarding @Unique public method mirror in copycats-neoforge.mixins.json:foundation.copycat.CopycatBlockMixin from mod copycats because it already exists in com.copycatsplus.copycats.content.copycat.trapdoor.CopycatTrapdoorBlock
[27srp2026 17:07:28.906] [modloading-worker-0/WARN] [mixin/]: Discarding @Unique public method useItemOn in copycats-neoforge.mixins.json:foundation.copycat.CopycatBlockMixin from mod copycats because it already exists in com.copycatsplus.copycats.content.copycat.trapdoor.CopycatTrapdoorBlock
[27srp2026 17:07:28.906] [modloading-worker-0/WARN] [mixin/]: Discarding @Unique public method useWithoutItem in copycats-neoforge.mixins.json:foundation.copycat.CopycatBlockMixin from mod copycats because it already exists in com.copycatsplus.copycats.content.copycat.trapdoor.CopycatTrapdoorBlock
[27srp2026 17:07:28.946] [modloading-worker-0/WARN] [mixin/]: Discarding @Unique public method rotate in copycats-neoforge.mixins.json:foundation.copycat.CopycatBlockMixin from mod copycats because it already exists in com.copycatsplus.copycats.content.copycat.wall.CopycatWallBlock
[27srp2026 17:07:28.946] [modloading-worker-0/WARN] [mixin/]: Discarding @Unique public method mirror in copycats-neoforge.mixins.json:foundation.copycat.CopycatBlockMixin from mod copycats because it already exists in com.copycatsplus.copycats.content.copycat.wall.CopycatWallBlock
[27srp2026 17:07:28.946] [modloading-worker-0/WARN] [mixin/]: Discarding @Unique public method useItemOn in copycats-neoforge.mixins.json:foundation.copycat.CopycatBlockMixin from mod copycats because it already exists in com.copycatsplus.copycats.content.copycat.wall.CopycatWallBlock
[27srp2026 17:07:28.947] [modloading-worker-0/WARN] [mixin/]: Discarding @Unique public method useWithoutItem in copycats-neoforge.mixins.json:foundation.copycat.CopycatBlockMixin from mod copycats because it already exists in com.copycatsplus.copycats.content.copycat.wall.CopycatWallBlock
[27srp2026 17:07:29.033] [modloading-worker-0/WARN] [mixin/]: Discarding @Unique public method rotate in copycats-neoforge.mixins.json:foundation.copycat.CopycatBlockMixin from mod copycats because it already exists in com.copycatsplus.copycats.content.copycat.shaft.CopycatShaftBlock
[27srp2026 17:07:29.034] [modloading-worker-0/WARN] [mixin/]: Discarding @Unique public method mirror in copycats-neoforge.mixins.json:foundation.copycat.CopycatBlockMixin from mod copycats because it already exists in com.copycatsplus.copycats.content.copycat.shaft.CopycatShaftBlock
[27srp2026 17:07:29.034] [modloading-worker-0/WARN] [mixin/]: Discarding @Unique public method useItemOn in copycats-neoforge.mixins.json:foundation.copycat.CopycatBlockMixin from mod copycats because it already exists in com.copycatsplus.copycats.content.copycat.shaft.CopycatShaftBlock
[27srp2026 17:07:29.034] [modloading-worker-0/WARN] [mixin/]: Discarding @Unique public method useWithoutItem in copycats-neoforge.mixins.json:foundation.copycat.CopycatBlockMixin from mod copycats because it already exists in com.copycatsplus.copycats.content.copycat.shaft.CopycatShaftBlock
[27srp2026 17:07:29.052] [modloading-worker-0/WARN] [mixin/]: Discarding @Unique public method rotate in copycats-neoforge.mixins.json:foundation.copycat.multistate.MultiStateCopycatBlockMixin from mod copycats because it already exists in com.copycatsplus.copycats.content.copycat.cogwheel.CopycatCogWheelBlock
[27srp2026 17:07:29.052] [modloading-worker-0/WARN] [mixin/]: Discarding @Unique public method mirror in copycats-neoforge.mixins.json:foundation.copycat.multistate.MultiStateCopycatBlockMixin from mod copycats because it already exists in com.copycatsplus.copycats.content.copycat.cogwheel.CopycatCogWheelBlock
[27srp2026 17:07:29.052] [modloading-worker-0/WARN] [mixin/]: Discarding @Unique public method useItemOn in copycats-neoforge.mixins.json:foundation.copycat.multistate.MultiStateCopycatBlockMixin from mod copycats because it already exists in com.copycatsplus.copycats.content.copycat.cogwheel.CopycatCogWheelBlock
[27srp2026 17:07:29.052] [modloading-worker-0/WARN] [mixin/]: Discarding @Unique public method useWithoutItem in copycats-neoforge.mixins.json:foundation.copycat.multistate.MultiStateCopycatBlockMixin from mod copycats because it already exists in com.copycatsplus.copycats.content.copycat.cogwheel.CopycatCogWheelBlock
[27srp2026 17:07:29.124] [modloading-worker-0/WARN] [mixin/]: Discarding @Unique public method rotate in copycats-neoforge.mixins.json:foundation.copycat.CopycatBlockMixin from mod copycats because it already exists in com.copycatsplus.copycats.content.copycat.fluid_pipe.CopycatFluidPipeBlock
[27srp2026 17:07:29.124] [modloading-worker-0/WARN] [mixin/]: Discarding @Unique public method mirror in copycats-neoforge.mixins.json:foundation.copycat.CopycatBlockMixin from mod copycats because it already exists in com.copycatsplus.copycats.content.copycat.fluid_pipe.CopycatFluidPipeBlock
[27srp2026 17:07:29.124] [modloading-worker-0/WARN] [mixin/]: Discarding @Unique public method useItemOn in copycats-neoforge.mixins.json:foundation.copycat.CopycatBlockMixin from mod copycats because it already exists in com.copycatsplus.copycats.content.copycat.fluid_pipe.CopycatFluidPipeBlock
[27srp2026 17:07:29.124] [modloading-worker-0/WARN] [mixin/]: Discarding @Unique public method useWithoutItem in copycats-neoforge.mixins.json:foundation.copycat.CopycatBlockMixin from mod copycats because it already exists in com.copycatsplus.copycats.content.copycat.fluid_pipe.CopycatFluidPipeBlock
[27srp2026 17:07:29.206] [modloading-worker-0/WARN] [mixin/]: Discarding @Unique public method rotate in copycats-neoforge.mixins.json:foundation.copycat.CopycatBlockMixin from mod copycats because it already exists in com.copycatsplus.copycats.content.copycat.pane.CopycatPaneBlock
[27srp2026 17:07:29.206] [modloading-worker-0/WARN] [mixin/]: Discarding @Unique public method mirror in copycats-neoforge.mixins.json:foundation.copycat.CopycatBlockMixin from mod copycats because it already exists in com.copycatsplus.copycats.content.copycat.pane.CopycatPaneBlock
[27srp2026 17:07:29.206] [modloading-worker-0/WARN] [mixin/]: Discarding @Unique public method useItemOn in copycats-neoforge.mixins.json:foundation.copycat.CopycatBlockMixin from mod copycats because it already exists in com.copycatsplus.copycats.content.copycat.pane.CopycatPaneBlock
[27srp2026 17:07:29.206] [modloading-worker-0/WARN] [mixin/]: Discarding @Unique public method useWithoutItem in copycats-neoforge.mixins.json:foundation.copycat.CopycatBlockMixin from mod copycats because it already exists in com.copycatsplus.copycats.content.copycat.pane.CopycatPaneBlock
[27srp2026 17:07:29.251] [modloading-worker-0/WARN] [mixin/]: Discarding @Unique public method onLoad in copycats-neoforge.mixins.json:foundation.copycat.CopycatBlockEntityMixin from mod copycats because it already exists in com.copycatsplus.copycats.foundation.copycat.CCCopycatBlockEntity
[27srp2026 17:07:29.271] [modloading-worker-0/WARN] [mixin/]: Discarding @Unique public method onLoad in copycats-neoforge.mixins.json:foundation.copycat.multistate.MultiStateCopycatBlockEntityMixin from mod copycats because it already exists in com.copycatsplus.copycats.foundation.copycat.multistate.MultiStateCopycatBlockEntity
[27srp2026 17:07:29.285] [modloading-worker-0/WARN] [mixin/]: Discarding @Unique public method onLoad in copycats-neoforge.mixins.json:foundation.copycat.CopycatBlockEntityMixin from mod copycats because it already exists in com.copycatsplus.copycats.content.copycat.shaft.CopycatShaftBlockEntity
[27srp2026 17:07:29.292] [modloading-worker-0/WARN] [mixin/]: Discarding @Unique public method onLoad in copycats-neoforge.mixins.json:foundation.copycat.multistate.MultiStateCopycatBlockEntityMixin from mod copycats because it already exists in com.copycatsplus.copycats.content.copycat.cogwheel.CopycatCogWheelBlockEntity
[27srp2026 17:07:29.303] [modloading-worker-0/WARN] [mixin/]: Discarding @Unique public method onLoad in copycats-neoforge.mixins.json:foundation.copycat.CopycatBlockEntityMixin from mod copycats because it already exists in com.copycatsplus.copycats.content.copycat.fluid_pipe.CopycatFluidPipeBlockEntity
[27srp2026 17:07:29.317] [modloading-worker-0/WARN] [mixin/]: Discarding @Unique public method onLoad in copycats-neoforge.mixins.json:foundation.copycat.CopycatBlockEntityMixin from mod copycats because it already exists in com.copycatsplus.copycats.content.copycat.fluid_pipe.CopycatStraightPipeBlockEntity
[27srp2026 17:07:29.324] [modloading-worker-0/WARN] [mixin/]: Discarding @Unique public method onLoad in copycats-neoforge.mixins.json:foundation.copycat.CopycatBlockEntityMixin from mod copycats because it already exists in com.copycatsplus.copycats.content.copycat.sliding_door.CopycatSlidingDoorBlockEntity
[27srp2026 17:07:29.344] [modloading-worker-0/INFO] [mezz.jei.library.load.PluginCaller/]: Sending ConfigManager...
[27srp2026 17:07:29.364] [modloading-worker-0/INFO] [mezz.jei.library.load.PluginCaller/]: Sending ConfigManager took 18.23 milliseconds
[27srp2026 17:07:29.370] [modloading-worker-0/INFO] [STDOUT/]: [yalter.mousetweaks.Logger:Log:6]: [Mouse Tweaks] Main.initialize()
[27srp2026 17:07:29.383] [modloading-worker-0/INFO] [STDOUT/]: [yalter.mousetweaks.Logger:Log:6]: [Mouse Tweaks] Initialized.
[27srp2026 17:07:29.648] [modloading-worker-0/INFO] [com.happysg.radar.CreateRadar/]: Initializing Create Radar!
[27srp2026 17:07:29.654] [modloading-worker-0/INFO] [com.simibubi.create.Create/]: Create 6.0.10 initializing! Commit hash: ac0c444d9828da3453ae8cc65338e8de063286fb
[27srp2026 17:07:29.721] [modloading-worker-0/INFO] [com.happysg.radar.CreateRadar/]: Registering Items!
[27srp2026 17:07:29.740] [modloading-worker-0/INFO] [xaero.hud.minimap.MinimapLogs/]: Xaero's Minimap: World Map found!
[27srp2026 17:07:29.740] [modloading-worker-0/INFO] [xaero.hud.minimap.MinimapLogs/]: No Optifine!
[27srp2026 17:07:29.740] [modloading-worker-0/INFO] [xaero.hud.minimap.MinimapLogs/]: Xaero's Minimap: No Vivecraft!
[27srp2026 17:07:29.820] [modloading-worker-0/INFO] [com.happysg.radar.CreateRadar/]: Registering blocks!
[27srp2026 17:07:29.823] [modloading-worker-0/INFO] [xaero.common.HudMod/]: Registering common data for channel xaerominimap:main!
[27srp2026 17:07:29.871] [modloading-worker-0/INFO] [com.happysg.radar.CreateRadar/]: Registering block entity types!
[27srp2026 17:07:29.882] [modloading-worker-0/INFO] [xaero.common.HudMod/]: Registering client data for channel xaerominimap:main!
[27srp2026 17:07:29.887] [modloading-worker-0/INFO] [com.happysg.radar.CreateRadar/]: Registering CreativeTabs!
[27srp2026 17:07:29.888] [modloading-worker-0/INFO] [com.happysg.radar.CreateRadar/]: Registering Lang!
[27srp2026 17:07:29.940] [modloading-worker-0/INFO] [xaero.common.HudMod/]: Loading primary common config for channel xaerominimap:main!
[27srp2026 17:07:29.954] [modloading-worker-0/INFO] [xaero.common.HudMod/]: Loading server config profiles for channel xaerominimap:main!
[27srp2026 17:07:29.968] [modloading-worker-0/INFO] [xaero.common.HudMod/]: Loading primary client config for channel xaerominimap:main!
[27srp2026 17:07:29.978] [modloading-worker-0/INFO] [xaero.common.HudMod/]: Loading client config profiles for channel xaerominimap:main!
[27srp2026 17:07:30.082] [modloading-worker-0/INFO] [thedarkcolour.kotlinforforge.neoforge.test.KotlinForForge/]: Kotlin For Forge Enabled!
[27srp2026 17:07:30.135] [modloading-worker-0/WARN] [mixin/]: @Inject(@At("INVOKE")) Shift.BY=2 on create_connected.mixins.json:sequencedgearshift.SequencedGearshiftScreenMixin from mod create_connected::handler$bep000$create_connected$updateParamsOfRow exceeds the maximum allowed value: 0. Increase the value of maxShiftBy to suppress this warning.
[27srp2026 17:07:30.541] [modloading-worker-0/WARN] [mixin/]: Discarding @Unique public method useItemOn in copycats-common.mixins.json:copycat.step.CopycatStepBlockMixin from mod copycats because it already exists in com.simibubi.create.content.decoration.copycat.CopycatStepBlock
[27srp2026 17:07:30.549] [modloading-worker-0/WARN] [mixin/]: Discarding @Unique public method useItemOn in copycats-common.mixins.json:copycat.panel.CopycatPanelBlockMixin from mod copycats because it already exists in com.simibubi.create.content.decoration.copycat.CopycatPanelBlock
[27srp2026 17:07:30.550] [modloading-worker-0/WARN] [mixin/]: Discarding @Unique public method mirror in copycats-common.mixins.json:copycat.panel.CopycatPanelBlockMixin from mod copycats because it already exists in com.simibubi.create.content.decoration.copycat.CopycatPanelBlock
[27srp2026 17:07:30.550] [modloading-worker-0/WARN] [mixin/]: Discarding @Unique public method rotate in copycats-common.mixins.json:copycat.panel.CopycatPanelBlockMixin from mod copycats because it already exists in com.simibubi.create.content.decoration.copycat.CopycatPanelBlock
[27srp2026 17:07:31.755] [modloading-worker-0/INFO] [Create cobblestone NeoForge/]: Create cobblestone NeoForge initializing on platform: NeoForge
[27srp2026 17:07:31.755] [modloading-worker-0/INFO] [net.zlt.create_vibrant_vaults.CreateVibrantVaults/]: Create addon mod [Create: Vibrant Vaults] is loading alongside Create [6.0.10]!
[27srp2026 17:07:31.757] [modloading-worker-0/INFO] [Create: Interiors/]: Create: Interiors v0.6.1 initializing! Create version: 6.0.10 on platform: NeoForge
[27srp2026 17:07:31.765] [modloading-worker-0/INFO] [Create cobblestone NeoForge/]: Registering blocks for Create cobblestone NeoForge
[27srp2026 17:07:31.765] [modloading-worker-0/WARN] [Create cobblestone NeoForge/]: Set generator stress tooltip stress to 8. (config not initialized, this is a common forge problem)
[27srp2026 17:07:31.770] [modloading-worker-0/INFO] [Create cobblestone NeoForge/]: Registering blockEntities for Create cobblestone NeoForge
[27srp2026 17:07:31.813] [modloading-worker-0/INFO] [dev.ryanhcode.sable.Sable/]: Sable loaded!
[27srp2026 17:07:31.841] [modloading-worker-0/WARN] [dev.ryanhcode.sable.Sable/]: NOTE: Sable is loaded with Flywheel. Sable contains extensive shader overrides and a full light-storage replacement. Expect this to cause compatibility issues. If issues arise, please report them to the Sable issue tracker (https://github.com/ryanhcode/sable/issues) instead of the Flywheel issue tracker.
[27srp2026 17:07:31.842] [modloading-worker-0/INFO] [com.sable.massview.SableMassView/]: ok
[27srp2026 17:07:32.283] [modloading-sync-worker/INFO] [com.drmangotea.tfmg.TFMG/]: [TFMG Remapper] Remapped 0 fluids
[27srp2026 17:07:33.504] [modloading-sync-worker/INFO] [com.drmangotea.tfmg.TFMG/]: [TFMG Remapper] Remapped 5 blocks
[27srp2026 17:07:34.154] [modloading-sync-worker/INFO] [com.drmangotea.tfmg.TFMG/]: [TFMG Remapper] Remapped 5 items
[27srp2026 17:07:34.245] [modloading-sync-worker/INFO] [Moonlight/]: Initialized block sets in 37ms
[27srp2026 17:07:35.730] [Render thread/INFO] [Moonlight/]: Merging 1 images using mode MIN_AREA_NO_UPSCALE
[27srp2026 17:07:37.404] [Render thread/INFO] [Veil/]: GL Debug supported
[27srp2026 17:07:39.129] [Render thread/INFO] [net.minecraft.server.packs.resources.ReloadableResourceManager/]: Reloading ResourceManager: vanilla, mod_resources, mod/atmosphere, mod/treechop, mod/betterdungeons, mod/almanac, mod/supermartijn642configlib, mod/betterwitchhuts, mod/codecui, mod/createdeco, mod/playeranimator, mod/aeronautics_bundled, mod/betteroceanmonuments, mod/apollib, mod/immersive_aircraft, mod/sophisticatedcore, mod/create_jetpack, mod/drill_drain, mod/ritchiesprojectilelib, mod/xaeroworldmap, mod/controlling, mod/neoforge, mod/modernfix, mod/yungsapi, mod/veil, mod/sophisticatedbackpacks, mod/simulated, mod/mr_create_cobblestonedeepslategenerators, mod/carryon, mod/jeresources, mod/baguettelib, mod/cloth_config, mod/athena, mod/corpse, mod/create_connected, mod/chipped, mod/farmersdelight, mod/aeronautics_rechiseled, mod/ironfurnaces, mod/chunky, mod/supermartijn642corelib, mod/modelfix, mod/curios, mod/searchables, mod/betterthirdperson, mod/betterstrongholds, mod/resourcefullib, mod/createliquidfuel, mod/cbc_compact_mount, mod/architectury, mod/conditional_mixin, mod/transition, mod/betterendisland, mod/flightlib, mod/letmedespawn, mod/bettermineshafts, mod/aerocopycats, mod/essential, mod/betterjungletemples, mod/create_tweaked_controllers, mod/bellsandwhistles, mod/createbigcannons, mod/rechiseled, mod/copycats, mod/jei, mod/lithostitched, mod/aeronautics, mod/xaerolib, mod/trender, mod/clumps, mod/papi, mod/comforts, mod/createsandpapers, mod/escalated, mod/betterdeserttemples, mod/molten_vents, mod/distanthorizons, mod/corpsecurioscompat, mod/terralith, mod/fusion, mod/tfmg, mod/offroad, mod/create_jetpack_curios, mod/create_ultimate_factory, mod/create_rustic_structures, mod/create_netherless, mod/create_confectionery, mod/voicechat,voicechat_api, mod/sound_physics_remastered, mod/moonlight, mod/mousetweaks, mod/jade, mod/justenoughbreeding, mod/lit_on_fire, mod/spectrelib, mod/createendertransmission, mod/kotlinforforge, mod/ironbarrels, mod/notenoughanimations, mod/flywheel, mod/ponder, mod/create, mod/portable_engine_liquid_fuel, mod/createcasing, mod/interiors, mod/sliceanddice, mod/createcobblestone, mod/create_dragons_plus, mod/sable, mod/aeronauticscompat, mod/sablemassview, mod/sablecompanion, mod/xaerominimap, mod/create_simple_ore_doubling, mod/create_sa, mod/polymorph, mod/justenoughprofessions, mod/storagedrawers, mod/freecam, mod/entityculling, mod/create_radar, mod/create_vibrant_vaults, mod/immediatelyfast, mod/appleskin, mod/lootr, mod/ferritecore, mod/cbc_at, mod/ironcore, mod/create_power_loader, mod/mr_create_hangars, mod/create_enchantment_industry, mod/createaddition, mod/aeroadditionbridge, moonlight:merged_pack, Essential Assets, essential
[27srp2026 17:07:39.189] [Worker-ResourceReload-0/INFO] [Moonlight/]: Resource cache state for CLIENT_RESOURCES: needs regeneration
[27srp2026 17:07:39.190] [Worker-ResourceReload-0/INFO] [Moonlight/]: Starting runtime resource generation for pack type CLIENT_RESOURCES with generators [moonlight:dynamic_resources]
[27srp2026 17:07:39.203] [Worker-ResourceReload-0/INFO] [Moonlight/]: Regenerating Dynamic CLIENT_RESOURCES Resources Provider [moonlight:dynamic_resources], requested by strategy REGEN_ON_EVERY_RELOAD
[27srp2026 17:07:39.252] [Worker-ResourceReload-0/INFO] [Moonlight/]: Generated runtime CLIENT_RESOURCES for pack moonlight:dynamic_resources in 49.14 ms
[27srp2026 17:07:39.253] [Worker-ResourceReload-0/INFO] [Moonlight/]: Finished runtime resources generation for 1 packs in a total of 62.21 ms 
[27srp2026 17:07:39.389] [DefaultDispatcher-worker-23/INFO] [Essential Logger/]: Connected to Discord as giantalexis
[27srp2026 17:07:39.535] [Worker-ResourceReload-8/INFO] [voicechat/]: [voicechat] Compatibility version 20
[27srp2026 17:07:39.551] [Worker-ResourceReload-6/INFO] [net.mc_orion.copycat_aero.aerocopycats/]: HELLO FROM COMMON SETUP
[27srp2026 17:07:39.553] [Worker-ResourceReload-3/INFO] [xaero.lib.XaeroLib/]: Loading XaeroLib common 1/2!
[27srp2026 17:07:39.636] [Worker-ResourceReload-2/INFO] [com.jaquadro.minecraft.storagedrawers.ModServices/]: New compacting rule 4 minecraft:clay_ball = 1 minecraft:clay
[27srp2026 17:07:39.643] [Worker-ResourceReload-2/INFO] [com.jaquadro.minecraft.storagedrawers.ModServices/]: New compacting rule 4 minecraft:snowball = 1 minecraft:snow_block
[27srp2026 17:07:39.650] [Worker-ResourceReload-2/INFO] [com.jaquadro.minecraft.storagedrawers.ModServices/]: New compacting rule 4 minecraft:glowstone_dust = 1 minecraft:glowstone
[27srp2026 17:07:39.650] [Worker-ResourceReload-2/INFO] [com.jaquadro.minecraft.storagedrawers.ModServices/]: New compacting rule 4 minecraft:brick = 1 minecraft:bricks
[27srp2026 17:07:39.650] [Worker-ResourceReload-2/INFO] [com.jaquadro.minecraft.storagedrawers.ModServices/]: New compacting rule 4 minecraft:nether_brick = 1 minecraft:nether_bricks
[27srp2026 17:07:39.650] [Worker-ResourceReload-2/INFO] [com.jaquadro.minecraft.storagedrawers.ModServices/]: New compacting rule 9 minecraft:nether_wart = 1 minecraft:nether_wart_block
[27srp2026 17:07:39.650] [Worker-ResourceReload-2/INFO] [com.jaquadro.minecraft.storagedrawers.ModServices/]: New compacting rule 4 minecraft:quartz = 1 minecraft:quartz_block
[27srp2026 17:07:39.650] [Worker-ResourceReload-2/INFO] [com.jaquadro.minecraft.storagedrawers.ModServices/]: New compacting rule 9 minecraft:melon_slice = 1 minecraft:melon
[27srp2026 17:07:39.650] [Worker-ResourceReload-2/INFO] [com.jaquadro.minecraft.storagedrawers.ModServices/]: New compacting rule 9 minecraft:bamboo = 1 minecraft:bamboo_block
[27srp2026 17:07:39.655] [Worker-ResourceReload-2/INFO] [com.jaquadro.minecraft.storagedrawers.ModServices/]: New compacting rule 4 minecraft:clay_ball = 1 minecraft:clay
[27srp2026 17:07:39.657] [Worker-ResourceReload-2/INFO] [com.jaquadro.minecraft.storagedrawers.ModServices/]: New denied storage item storagedrawers:creative_vending_upgrade
[27srp2026 17:07:39.693] [Worker-ResourceReload-2/INFO] [com.jaquadro.minecraft.storagedrawers.ModServices/]: Adding ore conversions for types: forge:storage_blocks, forge:ingots, forge:nuggets
[27srp2026 17:07:39.693] [Worker-ResourceReload-2/INFO] [com.jaquadro.minecraft.storagedrawers.ModServices/]: Adding ore conversions for materials: aluminum, constantan, steel, uranium, invar, tin, lead, silver, platinum, nickel, osmium, bronze, electrum
[27srp2026 17:07:39.742] [Worker-ResourceReload-6/INFO] [sh.rsap.aeronauticscompat.AeronauticsCompat/]: [AeronauticsCompat] Sable=true Etched=false WaterFrames=false Citadel=false
[27srp2026 17:07:39.752] [Worker-ResourceReload-8/INFO] [voicechat/]: [voicechat] Loading plugins
[27srp2026 17:07:39.753] [NeoForge Version Check/INFO] [net.neoforged.fml.VersionChecker/]: [create_jetpack] Starting version check at https://api.modrinth.com/updates/create-jetpack/forge_updates.json?neoforge=only
[27srp2026 17:07:39.854] [Worker-ResourceReload-8/INFO] [voicechat/]: [voicechat] Loaded 1 plugin(s)
[27srp2026 17:07:39.854] [Worker-ResourceReload-8/INFO] [voicechat/]: [voicechat] Initializing plugins
[27srp2026 17:07:39.870] [Worker-ResourceReload-8/INFO] [Sound Physics - General/]: Initializing Simple Voice Chat integration
[27srp2026 17:07:39.871] [Worker-ResourceReload-8/INFO] [voicechat/]: [voicechat] Initialized 1 plugin(s)
[27srp2026 17:07:39.872] [Worker-ResourceReload-8/INFO] [voicechat/]: [voicechat] Registering events for 'sound_physics_remastered'
[27srp2026 17:07:39.991] [Worker-ResourceReload-7/ERROR] [net.minecraft.Util/]: Invalid path in pack: createdeco:textures/block/palettes/decals/BLANK_decal_dont_use.png, ignoring
[27srp2026 17:07:40.011] [Worker-ResourceReload-1/INFO] [net.minecraft.client.gui.font.providers.UnihexProvider/]: Found unifont_all_no_pua-15.1.05.hex, loading
[27srp2026 17:07:40.294] [Render thread/INFO] [Moonlight/]: Initialized color sets in 241ms
[27srp2026 17:07:40.302] [Render thread/INFO] [com.happysg.radar.CreateRadar/]: Registering Display Sources!
[27srp2026 17:07:40.477] [Worker-ResourceReload-8/INFO] [net.minecraft.client.gui.font.providers.UnihexProvider/]: Found unifont_jp_patch-15.1.05.hex, loading
[27srp2026 17:07:40.602] [Worker-ResourceReload-8/INFO] [xaero.map.WorldMap/]: Loading Xaero's World Map - Stage 1/2
[27srp2026 17:07:40.665] [Worker-ResourceReload-1/INFO] [voicechat/]: [voicechat] Initializing Opus
[27srp2026 17:07:40.906] [Worker-ResourceReload-2/INFO] [net.mc_orion.copycat_aero.aerocopycats/]: HELLO FROM CLIENT SETUP
[27srp2026 17:07:40.906] [Worker-ResourceReload-2/INFO] [net.mc_orion.copycat_aero.aerocopycats/]: MINECRAFT NAME >> GiantAlexis6497
[27srp2026 17:07:40.921] [Worker-ResourceReload-4/INFO] [xaero.lib.XaeroLib/]: Loading XaeroLib client 1/2!
[27srp2026 17:07:40.961] [Worker-ResourceReload-10/INFO] [dev.gurad.bridge.aero_craft_addition.AeroAdditionBridge/]: HELLO FROM CLIENT SETUP
[27srp2026 17:07:40.961] [Worker-ResourceReload-10/INFO] [dev.gurad.bridge.aero_craft_addition.AeroAdditionBridge/]: MINECRAFT NAME >> GiantAlexis6497
[27srp2026 17:07:41.030] [Worker-ResourceReload-1/INFO] [voicechat/]: [voicechat] Successfully initialized Opus
[27srp2026 17:07:41.031] [Worker-ResourceReload-1/INFO] [voicechat/]: [voicechat] Initializing RNNoise
[27srp2026 17:07:41.071] [Worker-ResourceReload-1/INFO] [voicechat/]: [voicechat] Successfully initialized RNNoise
[27srp2026 17:07:41.073] [Worker-ResourceReload-1/INFO] [voicechat/]: [voicechat] Initializing Speex
[27srp2026 17:07:41.129] [Worker-ResourceReload-1/INFO] [voicechat/]: [voicechat] Successfully initialized Speex
[27srp2026 17:07:41.144] [Worker-ResourceReload-1/INFO] [voicechat/]: [voicechat] Initializing LAME
[27srp2026 17:07:41.164] [Worker-ResourceReload-1/INFO] [voicechat/]: [voicechat] Successfully initialized LAME
[27srp2026 17:07:41.169] [Worker-ResourceReload-1/INFO] [voicechat/]: [voicechat] Using Cloth Config GUI
[27srp2026 17:07:41.171] [Worker-ResourceReload-1/INFO] [Sound Physics - General/]: Reloading reverb parameters
[27srp2026 17:07:41.173] [Worker-ResourceReload-6/INFO] [DistantHorizons-DistantHorizons-com.seibel.distanthorizons.common.AbstractModInitializer_neoforge/]: Initializing Distant Horizons client, firing DhApiBeforeDhInitEvent...
[27srp2026 17:07:41.192] [Worker-ResourceReload-3/INFO] [SpectreLib/]: Registering config screens for mod comforts with 2 config(s)
[27srp2026 17:07:41.213] [Worker-ResourceReload-6/INFO] [DistantHorizons-DistantHorizons-com.seibel.distanthorizons.core.Initializer/]: Running library validation...
[27srp2026 17:07:41.239] [Worker-ResourceReload-1/INFO] [Sound Physics - General/]: Unknown sound in sound rate config: create_the_air_wars:12-7mm_gun_lastshot
[27srp2026 17:07:41.239] [Worker-ResourceReload-1/INFO] [Sound Physics - General/]: Unknown sound in sound rate config: create_the_air_wars:12-7mm_gun_loop
[27srp2026 17:07:41.239] [Worker-ResourceReload-1/INFO] [Sound Physics - General/]: Unknown sound in sound rate config: vs_clockwork:balloon_leaking_heavy
[27srp2026 17:07:41.239] [Worker-ResourceReload-1/INFO] [Sound Physics - General/]: Unknown sound in sound rate config: vs_clockwork:balloon_leaking_light
[27srp2026 17:07:41.239] [Worker-ResourceReload-1/INFO] [Sound Physics - General/]: Unknown sound in sound rate config: vs_clockwork:balloon_rupture
[27srp2026 17:07:41.240] [Worker-ResourceReload-1/INFO] [Sound Physics - General/]: Unknown sound in sound rate config: farmersdelight:block.cutting_board.knife
[27srp2026 17:07:41.242] [Worker-ResourceReload-1/INFO] [Sound Physics - General/]: Unknown sound in sound rate config: farmersdelight:block.tomato_bush.pick_tomatoes
[27srp2026 17:07:41.242] [Worker-ResourceReload-1/INFO] [Sound Physics - General/]: Unknown sound in sound rate config: vs_clockwork:boing
[27srp2026 17:07:41.242] [Worker-ResourceReload-1/INFO] [Sound Physics - General/]: Unknown sound in sound rate config: create_the_air_wars:bullet_passby
[27srp2026 17:07:41.242] [Worker-ResourceReload-1/INFO] [Sound Physics - General/]: Unknown sound in sound rate config: vs_clockwork:clock_song
[27srp2026 17:07:41.242] [Worker-ResourceReload-1/INFO] [Sound Physics - General/]: Unknown sound in sound rate config: railways:conductor_whistle
[27srp2026 17:07:41.242] [Worker-ResourceReload-1/INFO] [Sound Physics - General/]: Unknown sound in sound rate config: vs_clockwork:doink
[27srp2026 17:07:41.242] [Worker-ResourceReload-1/INFO] [Sound Physics - General/]: Unknown sound in sound rate config: tfmg:electric_hum
[27srp2026 17:07:41.243] [Worker-ResourceReload-1/INFO] [Sound Physics - General/]: Unknown sound in sound rate config: create_the_air_wars:explgrenade
[27srp2026 17:07:41.243] [Worker-ResourceReload-1/INFO] [Sound Physics - General/]: Unknown sound in sound rate config: create_the_air_wars:explotion
[27srp2026 17:07:41.243] [Worker-ResourceReload-1/INFO] [Sound Physics - General/]: Unknown sound in sound rate config: create_the_air_wars:fdgdg
[27srp2026 17:07:41.243] [Worker-ResourceReload-1/INFO] [Sound Physics - General/]: Unknown sound in sound rate config: create_the_air_wars:fire_autocannon
[27srp2026 17:07:41.243] [Worker-ResourceReload-1/INFO] [Sound Physics - General/]: Unknown sound in sound rate config: create_the_air_wars:fire_big_cannon
[27srp2026 17:07:41.243] [Worker-ResourceReload-1/INFO] [Sound Physics - General/]: Unknown sound in sound rate config: vs_clockwork:flightsuit_equip
[27srp2026 17:07:41.243] [Worker-ResourceReload-1/INFO] [Sound Physics - General/]: Unknown sound in sound rate config: vs_clockwork:flightsuit_unequip
[27srp2026 17:07:41.243] [Worker-ResourceReload-1/INFO] [Sound Physics - General/]: Unknown sound in sound rate config: vs_clockwork:gas_hiss
[27srp2026 17:07:41.243] [Worker-ResourceReload-1/INFO] [Sound Physics - General/]: Unknown sound in sound rate config: vs_clockwork:gas_nozzle_loop
[27srp2026 17:07:41.243] [Worker-ResourceReload-1/INFO] [Sound Physics - General/]: Unknown sound in sound rate config: vs_clockwork:gas_nozzle_start
[27srp2026 17:07:41.244] [Worker-ResourceReload-1/INFO] [Sound Physics - General/]: Unknown sound in sound rate config: vs_clockwork:gear_whirr
[27srp2026 17:07:41.244] [Worker-ResourceReload-1/INFO] [Sound Physics - General/]: Unknown sound in sound rate config: tfmg:generator_hum
[27srp2026 17:07:41.244] [Worker-ResourceReload-1/INFO] [Sound Physics - General/]: Unknown sound in sound rate config: aviator_dream:ghost_high
[27srp2026 17:07:41.244] [Worker-ResourceReload-1/INFO] [Sound Physics - General/]: Unknown sound in sound rate config: aviator_dream:ghost_idle
[27srp2026 17:07:41.244] [Worker-ResourceReload-1/INFO] [Sound Physics - General/]: Unknown sound in sound rate config: aviator_dream:ghost_start
[27srp2026 17:07:41.244] [Worker-ResourceReload-1/INFO] [Sound Physics - General/]: Unknown sound in sound rate config: aviator_dream:ghost_stop
[27srp2026 17:07:41.244] [Worker-ResourceReload-1/INFO] [Sound Physics - General/]: Unknown sound in sound rate config: vs_clockwork:goggles_equip
[27srp2026 17:07:41.246] [Worker-ResourceReload-1/INFO] [Sound Physics - General/]: Unknown sound in sound rate config: vs_clockwork:goggles_unequip
[27srp2026 17:07:41.246] [Worker-ResourceReload-1/INFO] [Sound Physics - General/]: Unknown sound in sound rate config: vs_clockwork:gravitron_fling
[27srp2026 17:07:41.246] [Worker-ResourceReload-1/INFO] [Sound Physics - General/]: Unknown sound in sound rate config: vs_clockwork:gravitron_freeze
[27srp2026 17:07:41.246] [Worker-ResourceReload-1/INFO] [Sound Physics - General/]: Unknown sound in sound rate config: vs_clockwork:gravitron_grab
[27srp2026 17:07:41.246] [Worker-ResourceReload-1/INFO] [Sound Physics - General/]: Unknown sound in sound rate config: vs_clockwork:gravitron_release
[27srp2026 17:07:41.246] [Worker-ResourceReload-1/INFO] [Sound Physics - General/]: Unknown sound in sound rate config: vs_clockwork:gravitron_shutdown
[27srp2026 17:07:41.246] [Worker-ResourceReload-1/INFO] [Sound Physics - General/]: Unknown sound in sound rate config: vs_clockwork:gravitron_start
[27srp2026 17:07:41.246] [Worker-ResourceReload-1/INFO] [Sound Physics - General/]: Unknown sound in sound rate config: create_the_air_wars:greanateactv
[27srp2026 17:07:41.246] [Worker-ResourceReload-1/INFO] [Sound Physics - General/]: Unknown sound in sound rate config: railways:handcar_cogs
[27srp2026 17:07:41.246] [Worker-ResourceReload-1/INFO] [Sound Physics - General/]: Unknown sound in sound rate config: trackwork:honk
[27srp2026 17:07:41.246] [Worker-ResourceReload-1/INFO] [Sound Physics - General/]: Unknown sound in sound rate config: vs_clockwork:hose_attach
[27srp2026 17:07:41.246] [Worker-ResourceReload-1/INFO] [Sound Physics - General/]: Unknown sound in sound rate config: vs_clockwork:hose_release
[27srp2026 17:07:41.247] [Worker-ResourceReload-1/INFO] [Sound Physics - General/]: Unknown sound in sound rate config: vs_clockwork:joint_break
[27srp2026 17:07:41.247] [Worker-ResourceReload-1/INFO] [Sound Physics - General/]: Unknown sound in sound rate config: vs_clockwork:junk_propeller
[27srp2026 17:07:41.247] [Worker-ResourceReload-1/INFO] [Sound Physics - General/]: Unknown sound in sound rate config: vs_clockwork:junk_rattle
[27srp2026 17:07:41.247] [Worker-ResourceReload-1/INFO] [Sound Physics - General/]: Unknown sound in sound rate config: aviator_dream:lynx_high
[27srp2026 17:07:41.247] [Worker-ResourceReload-1/INFO] [Sound Physics - General/]: Unknown sound in sound rate config: aviator_dream:lynx_idle
[27srp2026 17:07:41.247] [Worker-ResourceReload-1/INFO] [Sound Physics - General/]: Unknown sound in sound rate config: aviator_dream:lynx_start
[27srp2026 17:07:41.247] [Worker-ResourceReload-1/INFO] [Sound Physics - General/]: Unknown sound in sound rate config: aviator_dream:lynx_stop
[27srp2026 17:07:41.247] [Worker-ResourceReload-1/INFO] [Sound Physics - General/]: Unknown sound in sound rate config: vs_clockwork:physics_infuser_finish
[27srp2026 17:07:41.247] [Worker-ResourceReload-1/INFO] [Sound Physics - General/]: Unknown sound in sound rate config: vs_clockwork:physics_infuser_initialize
[27srp2026 17:07:41.247] [Worker-ResourceReload-1/INFO] [Sound Physics - General/]: Unknown sound in sound rate config: vs_clockwork:physics_infuser_lightning
[27srp2026 17:07:41.247] [Worker-ResourceReload-1/INFO] [Sound Physics - General/]: Unknown sound in sound rate config: vs_clockwork:physics_infuser_windup
[27srp2026 17:07:41.247] [Worker-ResourceReload-1/INFO] [Sound Physics - General/]: Unknown sound in sound rate config: drivebywire:plug_in
[27srp2026 17:07:41.247] [Worker-ResourceReload-1/INFO] [Sound Physics - General/]: Unknown sound in sound rate config: drivebywire:plug_out
[27srp2026 17:07:41.247] [Worker-ResourceReload-1/INFO] [Sound Physics - General/]: Unknown sound in sound rate config: create_the_air_wars:polet
[27srp2026 17:07:41.247] [Worker-ResourceReload-1/INFO] [Sound Physics - General/]: Unknown sound in sound rate config: trackwork:power_wrench
[27srp2026 17:07:41.247] [Worker-ResourceReload-1/INFO] [Sound Physics - General/]: Unknown sound in sound rate config: vs_clockwork:propeller
[27srp2026 17:07:41.247] [Worker-ResourceReload-1/INFO] [Sound Physics - General/]: Unknown sound in sound rate config: vs_clockwork:propeller_start
[27srp2026 17:07:41.247] [Worker-ResourceReload-1/INFO] [Sound Physics - General/]: Unknown sound in sound rate config: vs_clockwork:propeller_stop
[27srp2026 17:07:41.248] [Worker-ResourceReload-1/INFO] [Sound Physics - General/]: Unknown sound in sound rate config: aviator_dream:r1820_idle
[27srp2026 17:07:41.248] [Worker-ResourceReload-1/INFO] [Sound Physics - General/]: Unknown sound in sound rate config: aviator_dream:r1820_prop
[27srp2026 17:07:41.248] [Worker-ResourceReload-1/INFO] [Sound Physics - General/]: Unknown sound in sound rate config: aviator_dream:r1820_start
[27srp2026 17:07:41.248] [Worker-ResourceReload-1/INFO] [Sound Physics - General/]: Unknown sound in sound rate config: aviator_dream:r1830_idle
[27srp2026 17:07:41.248] [Worker-ResourceReload-1/INFO] [Sound Physics - General/]: Unknown sound in sound rate config: aviator_dream:r1830_start
[27srp2026 17:07:41.248] [Worker-ResourceReload-1/INFO] [Sound Physics - General/]: Unknown sound in sound rate config: aviator_dream:r3350_high
[27srp2026 17:07:41.248] [Worker-ResourceReload-1/INFO] [Sound Physics - General/]: Unknown sound in sound rate config: aviator_dream:r3350_low
[27srp2026 17:07:41.248] [Worker-ResourceReload-1/INFO] [Sound Physics - General/]: Unknown sound in sound rate config: aviator_dream:r3350_mid
[27srp2026 17:07:41.248] [Worker-ResourceReload-1/INFO] [Sound Physics - General/]: Unknown sound in sound rate config: aviator_dream:r3350_prop
[27srp2026 17:07:41.248] [Worker-ResourceReload-1/INFO] [Sound Physics - General/]: Unknown sound in sound rate config: aviator_dream:r3350_start
[27srp2026 17:07:41.248] [Worker-ResourceReload-1/INFO] [Sound Physics - General/]: Unknown sound in sound rate config: aviator_dream:r3350_stop
[27srp2026 17:07:41.248] [Worker-ResourceReload-1/INFO] [Sound Physics - General/]: Unknown sound in sound rate config: aviator_dream:r_idle
[27srp2026 17:07:41.248] [Worker-ResourceReload-1/INFO] [Sound Physics - General/]: Unknown sound in sound rate config: aviator_dream:r_rev
[27srp2026 17:07:41.248] [Worker-ResourceReload-1/INFO] [Sound Physics - General/]: Unknown sound in sound rate config: aviator_dream:r_start
[27srp2026 17:07:41.248] [Worker-ResourceReload-1/INFO] [Sound Physics - General/]: Unknown sound in sound rate config: createairwork:rocket_engine_idle
[27srp2026 17:07:41.248] [Worker-ResourceReload-1/INFO] [Sound Physics - General/]: Unknown sound in sound rate config: createairwork:rocket_engine_throttle
[27srp2026 17:07:41.248] [Worker-ResourceReload-1/INFO] [Sound Physics - General/]: Unknown sound in sound rate config: create_the_air_wars:shell_flying
[27srp2026 17:07:41.248] [Worker-ResourceReload-1/INFO] [Sound Physics - General/]: Unknown sound in sound rate config: create_the_air_wars:shellex3
[27srp2026 17:07:41.248] [Worker-ResourceReload-1/INFO] [Sound Physics - General/]: Unknown sound in sound rate config: create_the_air_wars:shellexp1
[27srp2026 17:07:41.248] [Worker-ResourceReload-1/INFO] [Sound Physics - General/]: Unknown sound in sound rate config: create_the_air_wars:shellexp2
[27srp2026 17:07:41.248] [Worker-ResourceReload-1/INFO] [Sound Physics - General/]: Unknown sound in sound rate config: create_the_air_wars:sonar_sound
[27srp2026 17:07:41.248] [Worker-ResourceReload-1/INFO] [Sound Physics - General/]: Unknown sound in sound rate config: trackwork:spring_tool
[27srp2026 17:07:41.248] [Worker-ResourceReload-1/INFO] [Sound Physics - General/]: Unknown sound in sound rate config: create_hypertube:suction
[27srp2026 17:07:41.248] [Worker-ResourceReload-1/INFO] [Sound Physics - General/]: Unknown sound in sound rate config: vs_clockwork:supersonic
[27srp2026 17:07:41.248] [Worker-ResourceReload-1/INFO] [Sound Physics - General/]: Unknown sound in sound rate config: trackwork:suspension_creak
[27srp2026 17:07:41.248] [Worker-ResourceReload-1/INFO] [Sound Physics - General/]: Unknown sound in sound rate config: tfmg:switch_off
[27srp2026 17:07:41.248] [Worker-ResourceReload-1/INFO] [Sound Physics - General/]: Unknown sound in sound rate config: tfmg:switch_on
[27srp2026 17:07:41.249] [Worker-ResourceReload-1/INFO] [Sound Physics - General/]: Unknown sound in sound rate config: vs_clockwork:thick_fluid_empty
[27srp2026 17:07:41.249] [Worker-ResourceReload-1/INFO] [Sound Physics - General/]: Unknown sound in sound rate config: vs_clockwork:thick_fluid_fill
[27srp2026 17:07:41.249] [Worker-ResourceReload-1/INFO] [Sound Physics - General/]: Unknown sound in sound rate config: vs_clockwork:thick_fluid_swim
[27srp2026 17:07:41.249] [Worker-ResourceReload-1/INFO] [Sound Physics - General/]: Unknown sound in sound rate config: vs_clockwork:thruster
[27srp2026 17:07:41.249] [Worker-ResourceReload-1/INFO] [Sound Physics - General/]: Unknown sound in sound rate config: vs_clockwork:thwoom
[27srp2026 17:07:41.249] [Worker-ResourceReload-1/INFO] [Sound Physics - General/]: Unknown sound in sound rate config: vs_clockwork:tick
[27srp2026 17:07:41.249] [Worker-ResourceReload-1/INFO] [Sound Physics - General/]: Unknown sound in sound rate config: vs_clockwork:tock
[27srp2026 17:07:41.249] [Worker-ResourceReload-1/INFO] [Sound Physics - General/]: Unknown sound in sound rate config: trackwork:track_ambient_ground_1
[27srp2026 17:07:41.249] [Worker-ResourceReload-1/INFO] [Sound Physics - General/]: Unknown sound in sound rate config: trackwork:track_ambient_ground_2
[27srp2026 17:07:41.249] [Worker-ResourceReload-1/INFO] [Sound Physics - General/]: Unknown sound in sound rate config: trackwork:track_ambient_sprocket
[27srp2026 17:07:41.249] [Worker-ResourceReload-1/INFO] [Sound Physics - General/]: Unknown sound in sound rate config: trackwork:track_ground_slip
[27srp2026 17:07:41.249] [Worker-ResourceReload-1/INFO] [Sound Physics - General/]: Unknown sound in sound rate config: create_hypertube:traveling
[27srp2026 17:07:41.249] [Worker-ResourceReload-1/INFO] [Sound Physics - General/]: Unknown sound in sound rate config: create_the_air_wars:vilet
[27srp2026 17:07:41.249] [Worker-ResourceReload-1/INFO] [Sound Physics - General/]: Unknown sound in sound rate config: create_the_air_wars:vzriv
[27srp2026 17:07:41.249] [Worker-ResourceReload-1/INFO] [Sound Physics - General/]: Unknown sound in sound rate config: create_the_air_wars:vzrivc-8
[27srp2026 17:07:41.249] [Worker-ResourceReload-1/INFO] [Sound Physics - General/]: Unknown sound in sound rate config: vs_clockwork:wand_equip
[27srp2026 17:07:41.249] [Worker-ResourceReload-1/INFO] [Sound Physics - General/]: Unknown sound in sound rate config: vs_clockwork:wand_finish
[27srp2026 17:07:41.249] [Worker-ResourceReload-1/INFO] [Sound Physics - General/]: Unknown sound in sound rate config: vs_clockwork:wand_idle
[27srp2026 17:07:41.249] [Worker-ResourceReload-1/INFO] [Sound Physics - General/]: Unknown sound in sound rate config: vs_clockwork:wand_start
[27srp2026 17:07:41.249] [Worker-ResourceReload-1/INFO] [Sound Physics - General/]: Unknown sound in sound rate config: vs_clockwork:wanderlust
[27srp2026 17:07:41.249] [Worker-ResourceReload-1/INFO] [Sound Physics - General/]: Unknown sound in sound rate config: vs_clockwork:welder_whirr
[27srp2026 17:07:41.249] [Worker-ResourceReload-1/INFO] [Sound Physics - General/]: Unknown sound in sound rate config: trackwork:wheel_ambient_ground_1
[27srp2026 17:07:41.249] [Worker-ResourceReload-1/INFO] [Sound Physics - General/]: Unknown sound in sound rate config: trackwork:wheel_ambient_ground_2
[27srp2026 17:07:41.249] [Worker-ResourceReload-1/INFO] [Sound Physics - General/]: Unknown sound in sound rate config: trackwork:wheel_ground_slip
[27srp2026 17:07:41.249] [Worker-ResourceReload-1/INFO] [Sound Physics - General/]: Unknown sound in sound rate config: trackwork:wheel_rocktoss
[27srp2026 17:07:41.249] [Worker-ResourceReload-1/INFO] [Sound Physics - General/]: Unknown sound in sound rate config: create_the_air_wars:zapusk
[27srp2026 17:07:41.272] [Worker-ResourceReload-3/INFO] [xaero.minimap.XaeroMinimap/]: Loading Xaero's Minimap - Stage 1/2
[27srp2026 17:07:41.493] [Worker-ResourceReload-1/INFO] [Sound Physics - General/]: Using Cloth Config GUI
[27srp2026 17:07:41.753] [Worker-ResourceReload-0/ERROR] [net.minecraft.client.resources.model.ModelManager/]: Failed to load blockstate create_radar:blockstates/radome.json from pack mod/create_radar
com.google.gson.JsonParseException: java.io.EOFException: End of input at line 1 column 1 path $
	at TRANSFORMER/minecraft@1.21.1/net.minecraft.util.GsonHelper.fromNullableJson(GsonHelper.java:527) ~[client-1.21.1-20240808.144430-srg.jar%23314!/:?]
	at TRANSFORMER/minecraft@1.21.1/net.minecraft.util.GsonHelper.fromJson(GsonHelper.java:532) ~[client-1.21.1-20240808.144430-srg.jar%23314!/:?]
	at TRANSFORMER/minecraft@1.21.1/net.minecraft.util.GsonHelper.parse(GsonHelper.java:594) ~[client-1.21.1-20240808.144430-srg.jar%23314!/:?]
	at TRANSFORMER/minecraft@1.21.1/net.minecraft.util.GsonHelper.parse(GsonHelper.java:602) ~[client-1.21.1-20240808.144430-srg.jar%23314!/:?]
	at TRANSFORMER/minecraft@1.21.1/net.minecraft.client.resources.model.ModelManager.lambda$loadBlockStates$12(ModelManager.java:180) [client-1.21.1-20240808.144430-srg.jar%23314!/:?]
	at java.base/java.util.concurrent.CompletableFuture$AsyncSupply.run(CompletableFuture.java:1789) [?:?]
	at java.base/java.util.concurrent.CompletableFuture$AsyncSupply.exec(CompletableFuture.java:1781) [?:?]
	at java.base/java.util.concurrent.ForkJoinTask.doExec(ForkJoinTask.java:511) [?:?]
	at java.base/java.util.concurrent.ForkJoinPool$WorkQueue.topLevelExec(ForkJoinPool.java:1450) [?:?]
	at java.base/java.util.concurrent.ForkJoinPool.runWorker(ForkJoinPool.java:2019) [?:?]
	at java.base/java.util.concurrent.ForkJoinWorkerThread.run(ForkJoinWorkerThread.java:187) [?:?]
Caused by: java.io.EOFException: End of input at line 1 column 1 path $
	at MC-BOOTSTRAP/com.google.gson@2.10.1/com.google.gson.stream.JsonReader.nextNonWhitespace(JsonReader.java:1457) ~[gson-2.10.1.jar%23187!/:?]
	at MC-BOOTSTRAP/com.google.gson@2.10.1/com.google.gson.stream.JsonReader.doPeek(JsonReader.java:558) ~[gson-2.10.1.jar%23187!/:?]
	at MC-BOOTSTRAP/com.google.gson@2.10.1/com.google.gson.stream.JsonReader.peek(JsonReader.java:433) ~[gson-2.10.1.jar%23187!/:?]
	at MC-BOOTSTRAP/com.google.gson@2.10.1/com.google.gson.internal.bind.TypeAdapters$28.read(TypeAdapters.java:769) ~[gson-2.10.1.jar%23187!/:?]
	at MC-BOOTSTRAP/com.google.gson@2.10.1/com.google.gson.internal.bind.TypeAdapters$28.read(TypeAdapters.java:725) ~[gson-2.10.1.jar%23187!/:?]
	at MC-BOOTSTRAP/com.google.gson@2.10.1/com.google.gson.internal.bind.TypeAdapters$34$1.read(TypeAdapters.java:1007) ~[gson-2.10.1.jar%23187!/:?]
	at TRANSFORMER/minecraft@1.21.1/net.minecraft.util.GsonHelper.fromNullableJson(GsonHelper.java:525) ~[client-1.21.1-20240808.144430-srg.jar%23314!/:?]
	... 10 more
[27srp2026 17:07:41.933] [Worker-ResourceReload-2/ERROR] [net.minecraft.client.resources.model.ModelManager/]: Failed to load blockstate create_radar:blockstates/shield_jammer.json from pack mod/create_radar
com.google.gson.JsonParseException: java.io.EOFException: End of input at line 1 column 1 path $
	at TRANSFORMER/minecraft@1.21.1/net.minecraft.util.GsonHelper.fromNullableJson(GsonHelper.java:527) ~[client-1.21.1-20240808.144430-srg.jar%23314!/:?]
	at TRANSFORMER/minecraft@1.21.1/net.minecraft.util.GsonHelper.fromJson(GsonHelper.java:532) ~[client-1.21.1-20240808.144430-srg.jar%23314!/:?]
	at TRANSFORMER/minecraft@1.21.1/net.minecraft.util.GsonHelper.parse(GsonHelper.java:594) ~[client-1.21.1-20240808.144430-srg.jar%23314!/:?]
	at TRANSFORMER/minecraft@1.21.1/net.minecraft.util.GsonHelper.parse(GsonHelper.java:602) ~[client-1.21.1-20240808.144430-srg.jar%23314!/:?]
	at TRANSFORMER/minecraft@1.21.1/net.minecraft.client.resources.model.ModelManager.lambda$loadBlockStates$12(ModelManager.java:180) [client-1.21.1-20240808.144430-srg.jar%23314!/:?]
	at java.base/java.util.concurrent.CompletableFuture$AsyncSupply.run(CompletableFuture.java:1789) [?:?]
	at java.base/java.util.concurrent.CompletableFuture$AsyncSupply.exec(CompletableFuture.java:1781) [?:?]
	at java.base/java.util.concurrent.ForkJoinTask.doExec(ForkJoinTask.java:511) [?:?]
	at java.base/java.util.concurrent.ForkJoinPool$WorkQueue.topLevelExec(ForkJoinPool.java:1450) [?:?]
	at java.base/java.util.concurrent.ForkJoinPool.runWorker(ForkJoinPool.java:2019) [?:?]
	at java.base/java.util.concurrent.ForkJoinWorkerThread.run(ForkJoinWorkerThread.java:187) [?:?]
Caused by: java.io.EOFException: End of input at line 1 column 1 path $
	at MC-BOOTSTRAP/com.google.gson@2.10.1/com.google.gson.stream.JsonReader.nextNonWhitespace(JsonReader.java:1457) ~[gson-2.10.1.jar%23187!/:?]
	at MC-BOOTSTRAP/com.google.gson@2.10.1/com.google.gson.stream.JsonReader.doPeek(JsonReader.java:558) ~[gson-2.10.1.jar%23187!/:?]
	at MC-BOOTSTRAP/com.google.gson@2.10.1/com.google.gson.stream.JsonReader.peek(JsonReader.java:433) ~[gson-2.10.1.jar%23187!/:?]
	at MC-BOOTSTRAP/com.google.gson@2.10.1/com.google.gson.internal.bind.TypeAdapters$28.read(TypeAdapters.java:769) ~[gson-2.10.1.jar%23187!/:?]
	at MC-BOOTSTRAP/com.google.gson@2.10.1/com.google.gson.internal.bind.TypeAdapters$28.read(TypeAdapters.java:725) ~[gson-2.10.1.jar%23187!/:?]
	at MC-BOOTSTRAP/com.google.gson@2.10.1/com.google.gson.internal.bind.TypeAdapters$34$1.read(TypeAdapters.java:1007) ~[gson-2.10.1.jar%23187!/:?]
	at TRANSFORMER/minecraft@1.21.1/net.minecraft.util.GsonHelper.fromNullableJson(GsonHelper.java:525) ~[client-1.21.1-20240808.144430-srg.jar%23314!/:?]
	... 10 more
[27srp2026 17:07:41.955] [Worker-ResourceReload-1/ERROR] [net.minecraft.client.resources.model.ModelManager/]: Failed to load blockstate create_radar:blockstates/siren.json from pack mod/create_radar
com.google.gson.JsonParseException: java.io.EOFException: End of input at line 1 column 1 path $
	at TRANSFORMER/minecraft@1.21.1/net.minecraft.util.GsonHelper.fromNullableJson(GsonHelper.java:527) ~[client-1.21.1-20240808.144430-srg.jar%23314!/:?]
	at TRANSFORMER/minecraft@1.21.1/net.minecraft.util.GsonHelper.fromJson(GsonHelper.java:532) ~[client-1.21.1-20240808.144430-srg.jar%23314!/:?]
	at TRANSFORMER/minecraft@1.21.1/net.minecraft.util.GsonHelper.parse(GsonHelper.java:594) ~[client-1.21.1-20240808.144430-srg.jar%23314!/:?]
	at TRANSFORMER/minecraft@1.21.1/net.minecraft.util.GsonHelper.parse(GsonHelper.java:602) ~[client-1.21.1-20240808.144430-srg.jar%23314!/:?]
	at TRANSFORMER/minecraft@1.21.1/net.minecraft.client.resources.model.ModelManager.lambda$loadBlockStates$12(ModelManager.java:180) [client-1.21.1-20240808.144430-srg.jar%23314!/:?]
	at java.base/java.util.concurrent.CompletableFuture$AsyncSupply.run(CompletableFuture.java:1789) [?:?]
	at java.base/java.util.concurrent.CompletableFuture$AsyncSupply.exec(CompletableFuture.java:1781) [?:?]
	at java.base/java.util.concurrent.ForkJoinTask.doExec(ForkJoinTask.java:511) [?:?]
	at java.base/java.util.concurrent.ForkJoinPool$WorkQueue.topLevelExec(ForkJoinPool.java:1450) [?:?]
	at java.base/java.util.concurrent.ForkJoinPool.runWorker(ForkJoinPool.java:2019) [?:?]
	at java.base/java.util.concurrent.ForkJoinWorkerThread.run(ForkJoinWorkerThread.java:187) [?:?]
Caused by: java.io.EOFException: End of input at line 1 column 1 path $
	at MC-BOOTSTRAP/com.google.gson@2.10.1/com.google.gson.stream.JsonReader.nextNonWhitespace(JsonReader.java:1457) ~[gson-2.10.1.jar%23187!/:?]
	at MC-BOOTSTRAP/com.google.gson@2.10.1/com.google.gson.stream.JsonReader.doPeek(JsonReader.java:558) ~[gson-2.10.1.jar%23187!/:?]
	at MC-BOOTSTRAP/com.google.gson@2.10.1/com.google.gson.stream.JsonReader.peek(JsonReader.java:433) ~[gson-2.10.1.jar%23187!/:?]
	at MC-BOOTSTRAP/com.google.gson@2.10.1/com.google.gson.internal.bind.TypeAdapters$28.read(TypeAdapters.java:769) ~[gson-2.10.1.jar%23187!/:?]
	at MC-BOOTSTRAP/com.google.gson@2.10.1/com.google.gson.internal.bind.TypeAdapters$28.read(TypeAdapters.java:725) ~[gson-2.10.1.jar%23187!/:?]
	at MC-BOOTSTRAP/com.google.gson@2.10.1/com.google.gson.internal.bind.TypeAdapters$34$1.read(TypeAdapters.java:1007) ~[gson-2.10.1.jar%23187!/:?]
	at TRANSFORMER/minecraft@1.21.1/net.minecraft.util.GsonHelper.fromNullableJson(GsonHelper.java:525) ~[client-1.21.1-20240808.144430-srg.jar%23314!/:?]
	... 10 more
[27srp2026 17:07:41.956] [Worker-ResourceReload-8/ERROR] [net.minecraft.client.resources.model.ModelManager/]: Failed to load blockstate create_radar:blockstates/sky_radar.json from pack mod/create_radar
com.google.gson.JsonParseException: java.io.EOFException: End of input at line 1 column 1 path $
	at TRANSFORMER/minecraft@1.21.1/net.minecraft.util.GsonHelper.fromNullableJson(GsonHelper.java:527) ~[client-1.21.1-20240808.144430-srg.jar%23314!/:?]
	at TRANSFORMER/minecraft@1.21.1/net.minecraft.util.GsonHelper.fromJson(GsonHelper.java:532) ~[client-1.21.1-20240808.144430-srg.jar%23314!/:?]
	at TRANSFORMER/minecraft@1.21.1/net.minecraft.util.GsonHelper.parse(GsonHelper.java:594) ~[client-1.21.1-20240808.144430-srg.jar%23314!/:?]
	at TRANSFORMER/minecraft@1.21.1/net.minecraft.util.GsonHelper.parse(GsonHelper.java:602) ~[client-1.21.1-20240808.144430-srg.jar%23314!/:?]
	at TRANSFORMER/minecraft@1.21.1/net.minecraft.client.resources.model.ModelManager.lambda$loadBlockStates$12(ModelManager.java:180) [client-1.21.1-20240808.144430-srg.jar%23314!/:?]
	at java.base/java.util.concurrent.CompletableFuture$AsyncSupply.run(CompletableFuture.java:1789) [?:?]
	at java.base/java.util.concurrent.CompletableFuture$AsyncSupply.exec(CompletableFuture.java:1781) [?:?]
	at java.base/java.util.concurrent.ForkJoinTask.doExec(ForkJoinTask.java:511) [?:?]
	at java.base/java.util.concurrent.ForkJoinPool$WorkQueue.topLevelExec(ForkJoinPool.java:1450) [?:?]
	at java.base/java.util.concurrent.ForkJoinPool.runWorker(ForkJoinPool.java:2019) [?:?]
	at java.base/java.util.concurrent.ForkJoinWorkerThread.run(ForkJoinWorkerThread.java:187) [?:?]
Caused by: java.io.EOFException: End of input at line 1 column 1 path $
	at MC-BOOTSTRAP/com.google.gson@2.10.1/com.google.gson.stream.JsonReader.nextNonWhitespace(JsonReader.java:1457) ~[gson-2.10.1.jar%23187!/:?]
	at MC-BOOTSTRAP/com.google.gson@2.10.1/com.google.gson.stream.JsonReader.doPeek(JsonReader.java:558) ~[gson-2.10.1.jar%23187!/:?]
	at MC-BOOTSTRAP/com.google.gson@2.10.1/com.google.gson.stream.JsonReader.peek(JsonReader.java:433) ~[gson-2.10.1.jar%23187!/:?]
	at MC-BOOTSTRAP/com.google.gson@2.10.1/com.google.gson.internal.bind.TypeAdapters$28.read(TypeAdapters.java:769) ~[gson-2.10.1.jar%23187!/:?]
	at MC-BOOTSTRAP/com.google.gson@2.10.1/com.google.gson.internal.bind.TypeAdapters$28.read(TypeAdapters.java:725) ~[gson-2.10.1.jar%23187!/:?]
	at MC-BOOTSTRAP/com.google.gson@2.10.1/com.google.gson.internal.bind.TypeAdapters$34$1.read(TypeAdapters.java:1007) ~[gson-2.10.1.jar%23187!/:?]
	at TRANSFORMER/minecraft@1.21.1/net.minecraft.util.GsonHelper.fromNullableJson(GsonHelper.java:525) ~[client-1.21.1-20240808.144430-srg.jar%23314!/:?]
	... 10 more
[27srp2026 17:07:41.988] [Worker-ResourceReload-0/ERROR] [net.minecraft.client.resources.model.ModelManager/]: Failed to load blockstate create_radar:blockstates/smart_mount.json from pack mod/create_radar
com.google.gson.JsonParseException: java.io.EOFException: End of input at line 1 column 1 path $
	at TRANSFORMER/minecraft@1.21.1/net.minecraft.util.GsonHelper.fromNullableJson(GsonHelper.java:527) ~[client-1.21.1-20240808.144430-srg.jar%23314!/:?]
	at TRANSFORMER/minecraft@1.21.1/net.minecraft.util.GsonHelper.fromJson(GsonHelper.java:532) ~[client-1.21.1-20240808.144430-srg.jar%23314!/:?]
	at TRANSFORMER/minecraft@1.21.1/net.minecraft.util.GsonHelper.parse(GsonHelper.java:594) ~[client-1.21.1-20240808.144430-srg.jar%23314!/:?]
	at TRANSFORMER/minecraft@1.21.1/net.minecraft.util.GsonHelper.parse(GsonHelper.java:602) ~[client-1.21.1-20240808.144430-srg.jar%23314!/:?]
	at TRANSFORMER/minecraft@1.21.1/net.minecraft.client.resources.model.ModelManager.lambda$loadBlockStates$12(ModelManager.java:180) [client-1.21.1-20240808.144430-srg.jar%23314!/:?]
	at java.base/java.util.concurrent.CompletableFuture$AsyncSupply.run(CompletableFuture.java:1789) [?:?]
	at java.base/java.util.concurrent.CompletableFuture$AsyncSupply.exec(CompletableFuture.java:1781) [?:?]
	at java.base/java.util.concurrent.ForkJoinTask.doExec(ForkJoinTask.java:511) [?:?]
	at java.base/java.util.concurrent.ForkJoinPool$WorkQueue.topLevelExec(ForkJoinPool.java:1450) [?:?]
	at java.base/java.util.concurrent.ForkJoinPool.runWorker(ForkJoinPool.java:2019) [?:?]
	at java.base/java.util.concurrent.ForkJoinWorkerThread.run(ForkJoinWorkerThread.java:187) [?:?]
Caused by: java.io.EOFException: End of input at line 1 column 1 path $
	at MC-BOOTSTRAP/com.google.gson@2.10.1/com.google.gson.stream.JsonReader.nextNonWhitespace(JsonReader.java:1457) ~[gson-2.10.1.jar%23187!/:?]
	at MC-BOOTSTRAP/com.google.gson@2.10.1/com.google.gson.stream.JsonReader.doPeek(JsonReader.java:558) ~[gson-2.10.1.jar%23187!/:?]
	at MC-BOOTSTRAP/com.google.gson@2.10.1/com.google.gson.stream.JsonReader.peek(JsonReader.java:433) ~[gson-2.10.1.jar%23187!/:?]
	at MC-BOOTSTRAP/com.google.gson@2.10.1/com.google.gson.internal.bind.TypeAdapters$28.read(TypeAdapters.java:769) ~[gson-2.10.1.jar%23187!/:?]
	at MC-BOOTSTRAP/com.google.gson@2.10.1/com.google.gson.internal.bind.TypeAdapters$28.read(TypeAdapters.java:725) ~[gson-2.10.1.jar%23187!/:?]
	at MC-BOOTSTRAP/com.google.gson@2.10.1/com.google.gson.internal.bind.TypeAdapters$34$1.read(TypeAdapters.java:1007) ~[gson-2.10.1.jar%23187!/:?]
	at TRANSFORMER/minecraft@1.21.1/net.minecraft.util.GsonHelper.fromNullableJson(GsonHelper.java:525) ~[client-1.21.1-20240808.144430-srg.jar%23314!/:?]
	... 10 more
[27srp2026 17:07:42.003] [Worker-ResourceReload-0/ERROR] [net.minecraft.client.resources.model.ModelManager/]: Failed to load blockstate create_radar:blockstates/sonar_bearing.json from pack mod/create_radar
com.google.gson.JsonParseException: java.io.EOFException: End of input at line 1 column 1 path $
	at TRANSFORMER/minecraft@1.21.1/net.minecraft.util.GsonHelper.fromNullableJson(GsonHelper.java:527) ~[client-1.21.1-20240808.144430-srg.jar%23314!/:?]
	at TRANSFORMER/minecraft@1.21.1/net.minecraft.util.GsonHelper.fromJson(GsonHelper.java:532) ~[client-1.21.1-20240808.144430-srg.jar%23314!/:?]
	at TRANSFORMER/minecraft@1.21.1/net.minecraft.util.GsonHelper.parse(GsonHelper.java:594) ~[client-1.21.1-20240808.144430-srg.jar%23314!/:?]
	at TRANSFORMER/minecraft@1.21.1/net.minecraft.util.GsonHelper.parse(GsonHelper.java:602) ~[client-1.21.1-20240808.144430-srg.jar%23314!/:?]
	at TRANSFORMER/minecraft@1.21.1/net.minecraft.client.resources.model.ModelManager.lambda$loadBlockStates$12(ModelManager.java:180) [client-1.21.1-20240808.144430-srg.jar%23314!/:?]
	at java.base/java.util.concurrent.CompletableFuture$AsyncSupply.run(CompletableFuture.java:1789) [?:?]
	at java.base/java.util.concurrent.CompletableFuture$AsyncSupply.exec(CompletableFuture.java:1781) [?:?]
	at java.base/java.util.concurrent.ForkJoinTask.doExec(ForkJoinTask.java:511) [?:?]
	at java.base/java.util.concurrent.ForkJoinPool$WorkQueue.topLevelExec(ForkJoinPool.java:1450) [?:?]
	at java.base/java.util.concurrent.ForkJoinPool.runWorker(ForkJoinPool.java:2019) [?:?]
	at java.base/java.util.concurrent.ForkJoinWorkerThread.run(ForkJoinWorkerThread.java:187) [?:?]
Caused by: java.io.EOFException: End of input at line 1 column 1 path $
	at MC-BOOTSTRAP/com.google.gson@2.10.1/com.google.gson.stream.JsonReader.nextNonWhitespace(JsonReader.java:1457) ~[gson-2.10.1.jar%23187!/:?]
	at MC-BOOTSTRAP/com.google.gson@2.10.1/com.google.gson.stream.JsonReader.doPeek(JsonReader.java:558) ~[gson-2.10.1.jar%23187!/:?]
	at MC-BOOTSTRAP/com.google.gson@2.10.1/com.google.gson.stream.JsonReader.peek(JsonReader.java:433) ~[gson-2.10.1.jar%23187!/:?]
	at MC-BOOTSTRAP/com.google.gson@2.10.1/com.google.gson.internal.bind.TypeAdapters$28.read(TypeAdapters.java:769) ~[gson-2.10.1.jar%23187!/:?]
	at MC-BOOTSTRAP/com.google.gson@2.10.1/com.google.gson.internal.bind.TypeAdapters$28.read(TypeAdapters.java:725) ~[gson-2.10.1.jar%23187!/:?]
	at MC-BOOTSTRAP/com.google.gson@2.10.1/com.google.gson.internal.bind.TypeAdapters$34$1.read(TypeAdapters.java:1007) ~[gson-2.10.1.jar%23187!/:?]
	at TRANSFORMER/minecraft@1.21.1/net.minecraft.util.GsonHelper.fromNullableJson(GsonHelper.java:525) ~[client-1.21.1-20240808.144430-srg.jar%23314!/:?]
	... 10 more
[27srp2026 17:07:42.003] [Worker-ResourceReload-8/ERROR] [net.minecraft.client.resources.model.ModelManager/]: Failed to load blockstate create_radar:blockstates/sonar_panel.json from pack mod/create_radar
com.google.gson.JsonParseException: java.io.EOFException: End of input at line 1 column 1 path $
	at TRANSFORMER/minecraft@1.21.1/net.minecraft.util.GsonHelper.fromNullableJson(GsonHelper.java:527) ~[client-1.21.1-20240808.144430-srg.jar%23314!/:?]
	at TRANSFORMER/minecraft@1.21.1/net.minecraft.util.GsonHelper.fromJson(GsonHelper.java:532) ~[client-1.21.1-20240808.144430-srg.jar%23314!/:?]
	at TRANSFORMER/minecraft@1.21.1/net.minecraft.util.GsonHelper.parse(GsonHelper.java:594) ~[client-1.21.1-20240808.144430-srg.jar%23314!/:?]
	at TRANSFORMER/minecraft@1.21.1/net.minecraft.util.GsonHelper.parse(GsonHelper.java:602) ~[client-1.21.1-20240808.144430-srg.jar%23314!/:?]
	at TRANSFORMER/minecraft@1.21.1/net.minecraft.client.resources.model.ModelManager.lambda$loadBlockStates$12(ModelManager.java:180) [client-1.21.1-20240808.144430-srg.jar%23314!/:?]
	at java.base/java.util.concurrent.CompletableFuture$AsyncSupply.run(CompletableFuture.java:1789) [?:?]
	at java.base/java.util.concurrent.CompletableFuture$AsyncSupply.exec(CompletableFuture.java:1781) [?:?]
	at java.base/java.util.concurrent.ForkJoinTask.doExec(ForkJoinTask.java:511) [?:?]
	at java.base/java.util.concurrent.ForkJoinPool$WorkQueue.topLevelExec(ForkJoinPool.java:1450) [?:?]
	at java.base/java.util.concurrent.ForkJoinPool.runWorker(ForkJoinPool.java:2019) [?:?]
	at java.base/java.util.concurrent.ForkJoinWorkerThread.run(ForkJoinWorkerThread.java:187) [?:?]
Caused by: java.io.EOFException: End of input at line 1 column 1 path $
	at MC-BOOTSTRAP/com.google.gson@2.10.1/com.google.gson.stream.JsonReader.nextNonWhitespace(JsonReader.java:1457) ~[gson-2.10.1.jar%23187!/:?]
	at MC-BOOTSTRAP/com.google.gson@2.10.1/com.google.gson.stream.JsonReader.doPeek(JsonReader.java:558) ~[gson-2.10.1.jar%23187!/:?]
	at MC-BOOTSTRAP/com.google.gson@2.10.1/com.google.gson.stream.JsonReader.peek(JsonReader.java:433) ~[gson-2.10.1.jar%23187!/:?]
	at MC-BOOTSTRAP/com.google.gson@2.10.1/com.google.gson.internal.bind.TypeAdapters$28.read(TypeAdapters.java:769) ~[gson-2.10.1.jar%23187!/:?]
	at MC-BOOTSTRAP/com.google.gson@2.10.1/com.google.gson.internal.bind.TypeAdapters$28.read(TypeAdapters.java:725) ~[gson-2.10.1.jar%23187!/:?]
	at MC-BOOTSTRAP/com.google.gson@2.10.1/com.google.gson.internal.bind.TypeAdapters$34$1.read(TypeAdapters.java:1007) ~[gson-2.10.1.jar%23187!/:?]
	at TRANSFORMER/minecraft@1.21.1/net.minecraft.util.GsonHelper.fromNullableJson(GsonHelper.java:525) ~[client-1.21.1-20240808.144430-srg.jar%23314!/:?]
	... 10 more
[27srp2026 17:07:42.266] [Worker-ResourceReload-4/WARN] [xaero.lib.XaeroLib/]: io exception while checking patreon: Online mod data expired! Date: Mon Aug 24 13:29:54 CEST 2026
[27srp2026 17:07:42.320] [NeoForge Version Check/INFO] [net.neoforged.fml.VersionChecker/]: [create_jetpack] Found status: UP_TO_DATE Current: 5.2.1 Target: null
[27srp2026 17:07:42.321] [NeoForge Version Check/INFO] [net.neoforged.fml.VersionChecker/]: [controlling] Starting version check at https://updates.blamejared.com/get?n=controlling&gv=1.21.1&ml=neoforge
[27srp2026 17:07:42.469] [NeoForge Version Check/INFO] [net.neoforged.fml.VersionChecker/]: [controlling] Found status: BETA Current: 19.0.5 Target: 19.0.5
[27srp2026 17:07:42.472] [NeoForge Version Check/INFO] [net.neoforged.fml.VersionChecker/]: [mr_create_cobblestonedeepslategenerators] Starting version check at https://api.modrinth.com/updates/F2XXc3ws/forge_updates.json?neoforge=only
[27srp2026 17:07:42.611] [NeoForge Version Check/INFO] [net.neoforged.fml.VersionChecker/]: [mr_create_cobblestonedeepslategenerators] Found status: OUTDATED Current: 1.4.6-neoforge+1.21.1 Target: 1.4.6-neoforge+1.21.1+mod
[27srp2026 17:07:42.612] [NeoForge Version Check/INFO] [net.neoforged.fml.VersionChecker/]: [corpse] Starting version check at https://update.maxhenkel.de/neoforge/corpse
[27srp2026 17:07:42.836] [NeoForge Version Check/INFO] [net.neoforged.fml.VersionChecker/]: [corpse] Found status: BETA Current: 1.21.1-1.1.13 Target: 1.21.1-1.1.13
[27srp2026 17:07:42.869] [NeoForge Version Check/INFO] [net.neoforged.fml.VersionChecker/]: [create_connected] Starting version check at https://raw.githubusercontent.com/hlysine/create_connected/main/update.json
[27srp2026 17:07:42.931] [Worker-ResourceReload-6/INFO] [DistantHorizons-DistantHorizons-com.seibel.distanthorizons.common.AbstractModInitializer_neoforge/]: Distant Horizons, Version: 3.2.0-b
[27srp2026 17:07:42.976] [Worker-ResourceReload-6/INFO] [DistantHorizons-DistantHorizons-com.seibel.distanthorizons.common.AbstractModInitializer_neoforge/]: Skipping mod compatibility accessor for: [optifine]
[27srp2026 17:07:42.980] [Worker-ResourceReload-6/INFO] [DistantHorizons-DistantHorizons-com.seibel.distanthorizons.common.AbstractModInitializer_neoforge/]: Skipping mod compatibility accessor for: [c2me]
[27srp2026 17:07:42.983] [Worker-ResourceReload-6/INFO] [DistantHorizons-DistantHorizons-com.seibel.distanthorizons.common.AbstractModInitializer_neoforge/]: Skipping mod compatibility accessor for: [immersive_portals]
[27srp2026 17:07:42.985] [Worker-ResourceReload-6/INFO] [DistantHorizons-DistantHorizons-com.seibel.distanthorizons.common.AbstractModInitializer_neoforge/]: Skipping mod compatibility accessor for: [iris]
[27srp2026 17:07:42.991] [NeoForge Version Check/INFO] [net.neoforged.fml.VersionChecker/]: [create_connected] Found status: UP_TO_DATE Current: 1.3.2-mc1.21.1 Target: null
[27srp2026 17:07:42.992] [NeoForge Version Check/INFO] [net.neoforged.fml.VersionChecker/]: [chipped] Starting version check at https://api.modrinth.com/updates/BAscRYKm/forge_updates.json
[27srp2026 17:07:43.077] [Worker-ResourceReload-6/INFO] [DistantHorizons-DistantHorizons-com.seibel.distanthorizons.core.config.ConfigHandler/]: Initialising config for [DistantHorizons]
[27srp2026 17:07:43.115] [NeoForge Version Check/INFO] [net.neoforged.fml.VersionChecker/]: [chipped] Found status: BETA Current: 4.0.2 Target: null
[27srp2026 17:07:43.115] [NeoForge Version Check/INFO] [net.neoforged.fml.VersionChecker/]: [searchables] Starting version check at https://updates.blamejared.com/get?n=searchables&gv=1.21.1&ml=neoforge
[27srp2026 17:07:43.139] [NeoForge Version Check/INFO] [net.neoforged.fml.VersionChecker/]: [searchables] Found status: BETA Current: 1.0.2 Target: 1.0.2
[27srp2026 17:07:43.139] [NeoForge Version Check/INFO] [net.neoforged.fml.VersionChecker/]: [copycats] Starting version check at https://raw.githubusercontent.com/copycats-plus/copycats/multiloader/update.json
[27srp2026 17:07:43.172] [NeoForge Version Check/INFO] [net.neoforged.fml.VersionChecker/]: [copycats] Found status: AHEAD Current: 3.0.8+mc.1.21.1-neoforge Target: null
[27srp2026 17:07:43.172] [NeoForge Version Check/INFO] [net.neoforged.fml.VersionChecker/]: [clumps] Starting version check at https://updates.blamejared.com/get?n=clumps&gv=1.21.1&ml=neoforge
[27srp2026 17:07:43.193] [NeoForge Version Check/INFO] [net.neoforged.fml.VersionChecker/]: [clumps] Found status: BETA Current: 19.0.0.1 Target: 19.0.0.1
[27srp2026 17:07:43.194] [NeoForge Version Check/INFO] [net.neoforged.fml.VersionChecker/]: [voicechat] Starting version check at https://update.maxhenkel.de/neoforge/voicechat
[27srp2026 17:07:43.202] [Worker-ResourceReload-1/WARN] [net.minecraft.client.renderer.texture.SpriteLoader/]: Texture create_radar:block/spotlight_light with size 10x10 limits mip level from 4 to 1
[27srp2026 17:07:43.232] [NeoForge Version Check/INFO] [net.neoforged.fml.VersionChecker/]: [voicechat] Found status: UP_TO_DATE Current: 1.21.1-2.6.22 Target: null
[27srp2026 17:07:43.232] [NeoForge Version Check/INFO] [net.neoforged.fml.VersionChecker/]: [sound_physics_remastered] Starting version check at https://update.maxhenkel.de/neoforge/sound_physics_remastered
[27srp2026 17:07:43.278] [NeoForge Version Check/INFO] [net.neoforged.fml.VersionChecker/]: [sound_physics_remastered] Found status: BETA Current: 1.21.1-1.5.1 Target: 1.21.1-1.5.1
[27srp2026 17:07:43.278] [NeoForge Version Check/INFO] [net.neoforged.fml.VersionChecker/]: [create] Starting version check at https://api.modrinth.com/updates/create/forge_updates.json?neoforge=only
[27srp2026 17:07:43.375] [Worker-ResourceReload-5/ERROR] [net.minecraft.client.resources.model.ModelManager/]: Failed to load model create_radar:models/block/cannon_mount_radar.json
com.google.gson.JsonParseException: JSON data was null or empty
	at TRANSFORMER/minecraft@1.21.1/net.minecraft.util.GsonHelper.fromJson(GsonHelper.java:534) ~[client-1.21.1-20240808.144430-srg.jar%23314!/:?]
	at TRANSFORMER/minecraft@1.21.1/net.minecraft.util.GsonHelper.fromJson(GsonHelper.java:582) ~[client-1.21.1-20240808.144430-srg.jar%23314!/:?]
	at TRANSFORMER/minecraft@1.21.1/net.minecraft.client.renderer.block.model.BlockModel.fromStream(BlockModel.java:83) ~[client-1.21.1-20240808.144430-srg.jar%23314!/:?]
	at TRANSFORMER/minecraft@1.21.1/net.minecraft.client.resources.model.ModelManager.lambda$loadBlockModels$8(ModelManager.java:144) [client-1.21.1-20240808.144430-srg.jar%23314!/:?]
	at java.base/java.util.concurrent.CompletableFuture$AsyncSupply.run(CompletableFuture.java:1789) [?:?]
	at java.base/java.util.concurrent.CompletableFuture$AsyncSupply.exec(CompletableFuture.java:1781) [?:?]
	at java.base/java.util.concurrent.ForkJoinTask.doExec(ForkJoinTask.java:511) [?:?]
	at java.base/java.util.concurrent.ForkJoinPool$WorkQueue.topLevelExec(ForkJoinPool.java:1450) [?:?]
	at java.base/java.util.concurrent.ForkJoinPool.runWorker(ForkJoinPool.java:2019) [?:?]
	at java.base/java.util.concurrent.ForkJoinWorkerThread.run(ForkJoinWorkerThread.java:187) [?:?]
[27srp2026 17:07:43.378] [Worker-ResourceReload-6/INFO] [DistantHorizons-DistantHorizons-com.seibel.distanthorizons.core.config.ConfigHandler/]: [DistantHorizons] Config initialised
[27srp2026 17:07:43.408] [Worker-ResourceReload-6/INFO] [DistantHorizons-DistantHorizons-com.seibel.distanthorizons.core.config.eventHandlers.IgnoredDimensionCsvHandler/]: Dimension ignoring disabled, DH will render all dimensions.
[27srp2026 17:07:43.408] [NeoForge Version Check/INFO] [net.neoforged.fml.VersionChecker/]: [create] Found status: OUTDATED Current: 6.0.10 Target: 6.0.10+mc1.21.1
[27srp2026 17:07:43.408] [Worker-ResourceReload-6/INFO] [com.seibel.distanthorizons.core.logging.DhLogger/]: Applying config to loggers
[27srp2026 17:07:43.408] [NeoForge Version Check/INFO] [net.neoforged.fml.VersionChecker/]: [sliceanddice] Starting version check at https://api.modrinth.com/updates/slice-and-dice/forge_updates.json?neoforge=only
[27srp2026 17:07:43.423] [Worker-ResourceReload-6/WARN] [DistantHorizons-DistantHorizons-com.seibel.distanthorizons.common.AbstractModInitializer_neoforge/]: Partially Incompatible Distant Horizons mod detected: [Chunky] Chunky can cause DH LODs to have holes since Chunky can generate chunks faster than DH can process them. 
Using DH's distant generator instead of chunky or increasing DH's CPU thread count can resolve the issue.
[27srp2026 17:07:43.425] [Worker-ResourceReload-6/INFO] [DistantHorizons-DistantHorizons-com.seibel.distanthorizons.core.Initializer/]: Garbage collectors: [G1 Young Generation, G1 Concurrent GC, G1 Old Generation]
[27srp2026 17:07:43.425] [Worker-ResourceReload-6/WARN] [DistantHorizons-DistantHorizons-com.seibel.distanthorizons.core.Initializer/]: Distant Horizons: G1 Garbage collector detected.
This can cause FPS stuttering. 
It's recommended to use a concurrent garbage collector 
like ZGC (Java 21+) or Shenandoah (Java 8 through 17) 
for a smoother experience. 
This warning can be disabled in the DH config.
[27srp2026 17:07:43.426] [Worker-ResourceReload-6/INFO] [DistantHorizons-DistantHorizons-com.seibel.distanthorizons.core.Initializer/]: Explicit Garbage Collection: [Enabled]
[27srp2026 17:07:43.426] [Worker-ResourceReload-6/INFO] [DistantHorizons-DistantHorizons-com.seibel.distanthorizons.common.AbstractModInitializer_neoforge/]: Distant Horizons client Initialized.
[27srp2026 17:07:43.426] [Worker-ResourceReload-6/INFO] [DistantHorizons-DistantHorizons-com.seibel.distanthorizons.common.AbstractModInitializer_neoforge/]: Running Delayed setup...
[27srp2026 17:07:43.428] [Worker-ResourceReload-6/INFO] [DistantHorizons-DistantHorizons-com.seibel.distanthorizons.common.AbstractModInitializer_neoforge/]: Delayed setup complete, firing DhApiAfterDhInitEvent event...
[27srp2026 17:07:43.432] [DH-PostClientInit Thread/INFO] [DistantHorizons-DistantHorizons-com.seibel.distanthorizons.common.wrappers.DependencySetup_neoforge/]: Setting DH Rendering API to: [OPEN_GL]...
[27srp2026 17:07:43.512] [DH-PostClientInit Thread/INFO] [DistantHorizons-DistantHorizons-com.seibel.distanthorizons.common.wrappers.DependencySetup_neoforge/]: DH Rendering successfully bound to: [OpenGL]...
[27srp2026 17:07:43.522] [Render thread/INFO] [xaero.map.WorldMap/]: Loading Xaero's World Map - Stage 2/2
[27srp2026 17:07:43.530] [Render thread/INFO] [xaero.map.WorldMap/]: New world map region cache hash code: -1630691010
[27srp2026 17:07:43.542] [NeoForge Version Check/INFO] [net.neoforged.fml.VersionChecker/]: [sliceanddice] Found status: UP_TO_DATE Current: 4.3.3 Target: null
[27srp2026 17:07:43.542] [NeoForge Version Check/INFO] [net.neoforged.fml.VersionChecker/]: [create_power_loader] Starting version check at https://raw.githubusercontent.com/hlysine/create_power_loader/main/update.json
[27srp2026 17:07:43.569] [NeoForge Version Check/INFO] [net.neoforged.fml.VersionChecker/]: [create_power_loader] Found status: UP_TO_DATE Current: 2.0.5-mc1.21.1 Target: null
[27srp2026 17:07:43.570] [NeoForge Version Check/INFO] [net.neoforged.fml.VersionChecker/]: [mr_create_hangars] Starting version check at https://api.modrinth.com/updates/en3HEaOT/forge_updates.json?neoforge=only
[27srp2026 17:07:43.699] [NeoForge Version Check/INFO] [net.neoforged.fml.VersionChecker/]: [mr_create_hangars] Found status: AHEAD Current: 1-V1.0.0 Target: null
[27srp2026 17:07:43.996] [Worker-ResourceReload-2/ERROR] [net.minecraft.client.resources.model.ModelManager/]: Failed to load model tfmg:models/block/large_transformer/meow.json
com.google.gson.JsonParseException: Invalid rotation -180.0 found, only -45/-22.5/0/22.5/45 allowed
	at TRANSFORMER/minecraft@1.21.1/net.minecraft.client.renderer.block.model.BlockElement$Deserializer.getAngle(BlockElement.java:115) ~[client-1.21.1-20240808.144430-srg.jar%23314!/:?]
	at TRANSFORMER/minecraft@1.21.1/net.minecraft.client.renderer.block.model.BlockElement$Deserializer.getRotation(BlockElement.java:104) ~[client-1.21.1-20240808.144430-srg.jar%23314!/:?]
	at TRANSFORMER/minecraft@1.21.1/net.minecraft.client.renderer.block.model.BlockElement$Deserializer.deserialize(BlockElement.java:84) ~[client-1.21.1-20240808.144430-srg.jar%23314!/:?]
	at TRANSFORMER/minecraft@1.21.1/net.minecraft.client.renderer.block.model.BlockElement$Deserializer.deserialize(BlockElement.java:76) ~[client-1.21.1-20240808.144430-srg.jar%23314!/:?]
	at MC-BOOTSTRAP/com.google.gson@2.10.1/com.google.gson.internal.bind.TreeTypeAdapter.read(TreeTypeAdapter.java:76) ~[gson-2.10.1.jar%23187!/:?]
	at MC-BOOTSTRAP/com.google.gson@2.10.1/com.google.gson.Gson.fromJson(Gson.java:1227) ~[gson-2.10.1.jar%23187!/:?]
	at MC-BOOTSTRAP/com.google.gson@2.10.1/com.google.gson.Gson.fromJson(Gson.java:1329) ~[gson-2.10.1.jar%23187!/:?]
	at MC-BOOTSTRAP/com.google.gson@2.10.1/com.google.gson.Gson.fromJson(Gson.java:1300) ~[gson-2.10.1.jar%23187!/:?]
	at MC-BOOTSTRAP/com.google.gson@2.10.1/com.google.gson.internal.bind.TreeTypeAdapter$GsonContextImpl.deserialize(TreeTypeAdapter.java:179) ~[gson-2.10.1.jar%23187!/:?]
	at TRANSFORMER/minecraft@1.21.1/net.minecraft.client.renderer.block.model.BlockModel$Deserializer.getElements(BlockModel.java:409) ~[client-1.21.1-20240808.144430-srg.jar%23314!/:?]
	at TRANSFORMER/minecraft@1.21.1/net.minecraft.client.renderer.block.model.BlockModel$Deserializer.deserialize(BlockModel.java:338) ~[client-1.21.1-20240808.144430-srg.jar%23314!/:?]
	at TRANSFORMER/neoforge@21.1.248/net.neoforged.neoforge.client.model.ExtendedBlockModelDeserializer.deserialize(ExtendedBlockModelDeserializer.java:51) ~[neoforge-21.1.248-universal.jar%23315!/:?]
	at TRANSFORMER/neoforge@21.1.248/net.neoforged.neoforge.client.model.ExtendedBlockModelDeserializer.deserialize(ExtendedBlockModelDeserializer.java:37) ~[neoforge-21.1.248-universal.jar%23315!/:?]
	at MC-BOOTSTRAP/com.google.gson@2.10.1/com.google.gson.internal.bind.TreeTypeAdapter.read(TreeTypeAdapter.java:76) ~[gson-2.10.1.jar%23187!/:?]
	at TRANSFORMER/minecraft@1.21.1/net.minecraft.util.GsonHelper.fromNullableJson(GsonHelper.java:525) ~[client-1.21.1-20240808.144430-srg.jar%23314!/:?]
	at TRANSFORMER/minecraft@1.21.1/net.minecraft.util.GsonHelper.fromJson(GsonHelper.java:532) ~[client-1.21.1-20240808.144430-srg.jar%23314!/:?]
	at TRANSFORMER/minecraft@1.21.1/net.minecraft.util.GsonHelper.fromJson(GsonHelper.java:582) ~[client-1.21.1-20240808.144430-srg.jar%23314!/:?]
	at TRANSFORMER/minecraft@1.21.1/net.minecraft.client.renderer.block.model.BlockModel.fromStream(BlockModel.java:83) ~[client-1.21.1-20240808.144430-srg.jar%23314!/:?]
	at TRANSFORMER/minecraft@1.21.1/net.minecraft.client.resources.model.ModelManager.lambda$loadBlockModels$8(ModelManager.java:144) [client-1.21.1-20240808.144430-srg.jar%23314!/:?]
	at java.base/java.util.concurrent.CompletableFuture$AsyncSupply.run(CompletableFuture.java:1789) [?:?]
	at java.base/java.util.concurrent.CompletableFuture$AsyncSupply.exec(CompletableFuture.java:1781) [?:?]
	at java.base/java.util.concurrent.ForkJoinTask.doExec(ForkJoinTask.java:511) [?:?]
	at java.base/java.util.concurrent.ForkJoinPool$WorkQueue.topLevelExec(ForkJoinPool.java:1450) [?:?]
	at java.base/java.util.concurrent.ForkJoinPool.runWorker(ForkJoinPool.java:2019) [?:?]
	at java.base/java.util.concurrent.ForkJoinWorkerThread.run(ForkJoinWorkerThread.java:187) [?:?]
[27srp2026 17:07:44.633] [Worker-ResourceReload-2/ERROR] [net.minecraft.client.resources.model.ModelManager/]: Failed to load model create_radar:models/block/shield_jammer.json
com.google.gson.JsonParseException: JSON data was null or empty
	at TRANSFORMER/minecraft@1.21.1/net.minecraft.util.GsonHelper.fromJson(GsonHelper.java:534) ~[client-1.21.1-20240808.144430-srg.jar%23314!/:?]
	at TRANSFORMER/minecraft@1.21.1/net.minecraft.util.GsonHelper.fromJson(GsonHelper.java:582) ~[client-1.21.1-20240808.144430-srg.jar%23314!/:?]
	at TRANSFORMER/minecraft@1.21.1/net.minecraft.client.renderer.block.model.BlockModel.fromStream(BlockModel.java:83) ~[client-1.21.1-20240808.144430-srg.jar%23314!/:?]
	at TRANSFORMER/minecraft@1.21.1/net.minecraft.client.resources.model.ModelManager.lambda$loadBlockModels$8(ModelManager.java:144) [client-1.21.1-20240808.144430-srg.jar%23314!/:?]
	at java.base/java.util.concurrent.CompletableFuture$AsyncSupply.run(CompletableFuture.java:1789) [?:?]
	at java.base/java.util.concurrent.CompletableFuture$AsyncSupply.exec(CompletableFuture.java:1781) [?:?]
	at java.base/java.util.concurrent.ForkJoinTask.doExec(ForkJoinTask.java:511) [?:?]
	at java.base/java.util.concurrent.ForkJoinPool$WorkQueue.topLevelExec(ForkJoinPool.java:1450) [?:?]
	at java.base/java.util.concurrent.ForkJoinPool.runWorker(ForkJoinPool.java:2019) [?:?]
	at java.base/java.util.concurrent.ForkJoinWorkerThread.run(ForkJoinWorkerThread.java:187) [?:?]
[27srp2026 17:07:44.642] [Worker-ResourceReload-10/ERROR] [net.minecraft.client.resources.model.ModelManager/]: Failed to load model create_radar:models/block/sky_radar_mount.json
com.google.gson.JsonParseException: JSON data was null or empty
	at TRANSFORMER/minecraft@1.21.1/net.minecraft.util.GsonHelper.fromJson(GsonHelper.java:534) ~[client-1.21.1-20240808.144430-srg.jar%23314!/:?]
	at TRANSFORMER/minecraft@1.21.1/net.minecraft.util.GsonHelper.fromJson(GsonHelper.java:582) ~[client-1.21.1-20240808.144430-srg.jar%23314!/:?]
	at TRANSFORMER/minecraft@1.21.1/net.minecraft.client.renderer.block.model.BlockModel.fromStream(BlockModel.java:83) ~[client-1.21.1-20240808.144430-srg.jar%23314!/:?]
	at TRANSFORMER/minecraft@1.21.1/net.minecraft.client.resources.model.ModelManager.lambda$loadBlockModels$8(ModelManager.java:144) [client-1.21.1-20240808.144430-srg.jar%23314!/:?]
	at java.base/java.util.concurrent.CompletableFuture$AsyncSupply.run(CompletableFuture.java:1789) [?:?]
	at java.base/java.util.concurrent.CompletableFuture$AsyncSupply.exec(CompletableFuture.java:1781) [?:?]
	at java.base/java.util.concurrent.ForkJoinTask.doExec(ForkJoinTask.java:511) [?:?]
	at java.base/java.util.concurrent.ForkJoinPool$WorkQueue.topLevelExec(ForkJoinPool.java:1450) [?:?]
	at java.base/java.util.concurrent.ForkJoinPool.runWorker(ForkJoinPool.java:2019) [?:?]
	at java.base/java.util.concurrent.ForkJoinWorkerThread.run(ForkJoinWorkerThread.java:187) [?:?]
[27srp2026 17:07:44.753] [Worker-ResourceReload-9/ERROR] [net.minecraft.client.resources.model.ModelManager/]: Failed to load model create_radar:models/block/smart_cannon_mount.json
com.google.gson.JsonParseException: JSON data was null or empty
	at TRANSFORMER/minecraft@1.21.1/net.minecraft.util.GsonHelper.fromJson(GsonHelper.java:534) ~[client-1.21.1-20240808.144430-srg.jar%23314!/:?]
	at TRANSFORMER/minecraft@1.21.1/net.minecraft.util.GsonHelper.fromJson(GsonHelper.java:582) ~[client-1.21.1-20240808.144430-srg.jar%23314!/:?]
	at TRANSFORMER/minecraft@1.21.1/net.minecraft.client.renderer.block.model.BlockModel.fromStream(BlockModel.java:83) ~[client-1.21.1-20240808.144430-srg.jar%23314!/:?]
	at TRANSFORMER/minecraft@1.21.1/net.minecraft.client.resources.model.ModelManager.lambda$loadBlockModels$8(ModelManager.java:144) [client-1.21.1-20240808.144430-srg.jar%23314!/:?]
	at java.base/java.util.concurrent.CompletableFuture$AsyncSupply.run(CompletableFuture.java:1789) [?:?]
	at java.base/java.util.concurrent.CompletableFuture$AsyncSupply.exec(CompletableFuture.java:1781) [?:?]
	at java.base/java.util.concurrent.ForkJoinTask.doExec(ForkJoinTask.java:511) [?:?]
	at java.base/java.util.concurrent.ForkJoinPool$WorkQueue.topLevelExec(ForkJoinPool.java:1450) [?:?]
	at java.base/java.util.concurrent.ForkJoinPool.runWorker(ForkJoinPool.java:2019) [?:?]
	at java.base/java.util.concurrent.ForkJoinWorkerThread.run(ForkJoinWorkerThread.java:187) [?:?]
[27srp2026 17:07:44.775] [Render thread/ERROR] [xaero.map.WorldMap/]: io exception while checking versions: Online mod data expired! Date: Mon Aug 24 13:29:54 CEST 2026
[27srp2026 17:07:44.777] [Render thread/INFO] [xaero.map.WorldMap/]: Registered player tracker system: map_synced
[27srp2026 17:07:44.781] [Render thread/INFO] [xaero.map.WorldMap/]: Xaero's WorldMap Mod: Xaero's minimap found!
[27srp2026 17:07:44.786] [Render thread/INFO] [xaero.map.WorldMap/]: Registered player tracker system: minimap_synced
[27srp2026 17:07:44.787] [Render thread/INFO] [xaero.map.WorldMap/]: No Optifine!
[27srp2026 17:07:44.787] [Render thread/INFO] [xaero.map.WorldMap/]: Xaero's World Map: No Vivecraft!
[27srp2026 17:07:44.838] [Render thread/WARN] [net.neoforged.fml.DeferredWorkQueue/LOADING]: Mod 'xaeroworldmap' took 1.316 s to run a deferred task.
[27srp2026 17:07:44.840] [Render thread/INFO] [xaero.minimap.XaeroMinimap/]: Loading Xaero's Minimap - Stage 2/2
[27srp2026 17:07:46.449] [Render thread/WARN] [xaero.hud.minimap.MinimapLogs/]: io exception while checking versions: Online mod data expired! Date: Mon Aug 24 13:29:54 CEST 2026
[27srp2026 17:07:46.451] [Render thread/INFO] [xaero.hud.minimap.MinimapLogs/]: Registered player tracker system: minimap_synced
[27srp2026 17:07:46.452] [Render thread/WARN] [net.neoforged.fml.DeferredWorkQueue/LOADING]: Mod 'xaerominimap' took 1.612 s to run a deferred task.
[27srp2026 17:07:46.452] [Render thread/INFO] [xaero.lib.XaeroLib/]: Loading XaeroLib common 2/2!
[27srp2026 17:07:46.453] [Render thread/INFO] [xaero.lib.XaeroLib/]: Loading XaeroLib client 2/2!
[27srp2026 17:07:47.514] [Worker-ResourceReload-6/WARN] [net.minecraft.client.resources.model.ModelBakery/]: Unable to load model: 'minecraft:block_block' referenced from: tfmg:block/electric_diode/block: java.io.FileNotFoundException: minecraft:models/block_block.json
[27srp2026 17:07:48.147] [Worker-ResourceReload-6/WARN] [net.minecraft.client.resources.model.ModelBakery/]: Unable to load model: 'cbc_at:block/rocket_pod/cast_iron_assembled_rocket_pod_rail' referenced from: cbc_at:block/rocket_pod/cast_iron_assembled_rocket_pod_rail: java.io.FileNotFoundException: cbc_at:models/block/rocket_pod/cast_iron_assembled_rocket_pod_rail.json
[27srp2026 17:07:48.149] [Worker-ResourceReload-6/WARN] [net.minecraft.client.resources.model.ModelBakery/]: Unable to load model: 'cbc_at:block/rocket_pod/bronze_assembled_rocket_pod_rail' referenced from: cbc_at:block/rocket_pod/bronze_assembled_rocket_pod_rail: java.io.FileNotFoundException: cbc_at:models/block/rocket_pod/bronze_assembled_rocket_pod_rail.json
[27srp2026 17:07:48.149] [Worker-ResourceReload-6/WARN] [net.minecraft.client.resources.model.ModelBakery/]: Unable to load model: 'cbc_at:block/rocket_pod/steel_assembled_rocket_pod_rail' referenced from: cbc_at:block/rocket_pod/steel_assembled_rocket_pod_rail: java.io.FileNotFoundException: cbc_at:models/block/rocket_pod/steel_assembled_rocket_pod_rail.json
[27srp2026 17:07:48.150] [Worker-ResourceReload-6/WARN] [net.minecraft.client.resources.model.ModelBakery/]: Unable to load model: 'cbc_at:block/medium_rocket_rail/wrought_iron_assembled_medium_rocket_rail' referenced from: cbc_at:block/medium_rocket_rail/wrought_iron_assembled_medium_rocket_rail: java.io.FileNotFoundException: cbc_at:models/block/medium_rocket_rail/wrought_iron_assembled_medium_rocket_rail.json
[27srp2026 17:07:48.154] [Worker-ResourceReload-6/WARN] [net.minecraft.client.resources.model.ModelBakery/]: Unable to load model: 'cbc_at:block/twin_autocannon/cast_iron_assembled_vert_twin_autocannon_silencer' referenced from: cbc_at:block/twin_autocannon/cast_iron_assembled_vert_twin_autocannon_silencer: java.io.FileNotFoundException: cbc_at:models/block/twin_autocannon/cast_iron_assembled_vert_twin_autocannon_silencer.json
[27srp2026 17:07:48.156] [Worker-ResourceReload-6/WARN] [net.minecraft.client.resources.model.ModelBakery/]: Unable to load model: 'cbc_at:block/twin_autocannon/cast_iron_assembled_vert_twin_autocannon_muzzle_brake' referenced from: cbc_at:block/twin_autocannon/cast_iron_assembled_vert_twin_autocannon_muzzle_brake: java.io.FileNotFoundException: cbc_at:models/block/twin_autocannon/cast_iron_assembled_vert_twin_autocannon_muzzle_brake.json
[27srp2026 17:07:48.162] [Worker-ResourceReload-6/WARN] [net.minecraft.client.resources.model.BlockStateModelLoader/]: Exception loading blockstate definition: 'cbc_at:blockstates/unbored_cast_iron_rocket_pod_rail.json' missing model for variant: 'cbc_at:unbored_cast_iron_rocket_pod_rail#assembled=true,facing=up,waterlogged=true'
[27srp2026 17:07:48.162] [Worker-ResourceReload-6/WARN] [net.minecraft.client.resources.model.BlockStateModelLoader/]: Exception loading blockstate definition: 'cbc_at:blockstates/unbored_cast_iron_rocket_pod_rail.json' missing model for variant: 'cbc_at:unbored_cast_iron_rocket_pod_rail#assembled=true,facing=down,waterlogged=true'
[27srp2026 17:07:48.162] [Worker-ResourceReload-6/WARN] [net.minecraft.client.resources.model.BlockStateModelLoader/]: Exception loading blockstate definition: 'cbc_at:blockstates/unbored_cast_iron_rocket_pod_rail.json' missing model for variant: 'cbc_at:unbored_cast_iron_rocket_pod_rail#assembled=true,facing=up,waterlogged=false'
[27srp2026 17:07:48.162] [Worker-ResourceReload-6/WARN] [net.minecraft.client.resources.model.BlockStateModelLoader/]: Exception loading blockstate definition: 'cbc_at:blockstates/unbored_cast_iron_rocket_pod_rail.json' missing model for variant: 'cbc_at:unbored_cast_iron_rocket_pod_rail#assembled=true,facing=south,waterlogged=false'
[27srp2026 17:07:48.162] [Worker-ResourceReload-6/WARN] [net.minecraft.client.resources.model.BlockStateModelLoader/]: Exception loading blockstate definition: 'cbc_at:blockstates/unbored_cast_iron_rocket_pod_rail.json' missing model for variant: 'cbc_at:unbored_cast_iron_rocket_pod_rail#assembled=true,facing=west,waterlogged=true'
[27srp2026 17:07:48.162] [Worker-ResourceReload-6/WARN] [net.minecraft.client.resources.model.BlockStateModelLoader/]: Exception loading blockstate definition: 'cbc_at:blockstates/unbored_cast_iron_rocket_pod_rail.json' missing model for variant: 'cbc_at:unbored_cast_iron_rocket_pod_rail#assembled=true,facing=north,waterlogged=false'
[27srp2026 17:07:48.162] [Worker-ResourceReload-6/WARN] [net.minecraft.client.resources.model.BlockStateModelLoader/]: Exception loading blockstate definition: 'cbc_at:blockstates/unbored_cast_iron_rocket_pod_rail.json' missing model for variant: 'cbc_at:unbored_cast_iron_rocket_pod_rail#assembled=true,facing=down,waterlogged=false'
[27srp2026 17:07:48.162] [Worker-ResourceReload-6/WARN] [net.minecraft.client.resources.model.BlockStateModelLoader/]: Exception loading blockstate definition: 'cbc_at:blockstates/unbored_cast_iron_rocket_pod_rail.json' missing model for variant: 'cbc_at:unbored_cast_iron_rocket_pod_rail#assembled=true,facing=east,waterlogged=true'
[27srp2026 17:07:48.162] [Worker-ResourceReload-6/WARN] [net.minecraft.client.resources.model.BlockStateModelLoader/]: Exception loading blockstate definition: 'cbc_at:blockstates/unbored_cast_iron_rocket_pod_rail.json' missing model for variant: 'cbc_at:unbored_cast_iron_rocket_pod_rail#assembled=true,facing=south,waterlogged=true'
[27srp2026 17:07:48.162] [Worker-ResourceReload-6/WARN] [net.minecraft.client.resources.model.BlockStateModelLoader/]: Exception loading blockstate definition: 'cbc_at:blockstates/unbored_cast_iron_rocket_pod_rail.json' missing model for variant: 'cbc_at:unbored_cast_iron_rocket_pod_rail#assembled=true,facing=north,waterlogged=true'
[27srp2026 17:07:48.162] [Worker-ResourceReload-6/WARN] [net.minecraft.client.resources.model.BlockStateModelLoader/]: Exception loading blockstate definition: 'cbc_at:blockstates/unbored_cast_iron_rocket_pod_rail.json' missing model for variant: 'cbc_at:unbored_cast_iron_rocket_pod_rail#assembled=true,facing=east,waterlogged=false'
[27srp2026 17:07:48.162] [Worker-ResourceReload-6/WARN] [net.minecraft.client.resources.model.BlockStateModelLoader/]: Exception loading blockstate definition: 'cbc_at:blockstates/unbored_cast_iron_rocket_pod_rail.json' missing model for variant: 'cbc_at:unbored_cast_iron_rocket_pod_rail#assembled=true,facing=west,waterlogged=false'
[27srp2026 17:07:48.162] [Worker-ResourceReload-6/WARN] [net.minecraft.client.resources.model.BlockStateModelLoader/]: Exception loading blockstate definition: 'cbc_at:blockstates/unbored_bronze_rocket_pod_rail.json' missing model for variant: 'cbc_at:unbored_bronze_rocket_pod_rail#assembled=true,facing=up,waterlogged=false'
[27srp2026 17:07:48.163] [Worker-ResourceReload-6/WARN] [net.minecraft.client.resources.model.BlockStateModelLoader/]: Exception loading blockstate definition: 'cbc_at:blockstates/unbored_bronze_rocket_pod_rail.json' missing model for variant: 'cbc_at:unbored_bronze_rocket_pod_rail#assembled=true,facing=north,waterlogged=false'
[27srp2026 17:07:48.163] [Worker-ResourceReload-6/WARN] [net.minecraft.client.resources.model.BlockStateModelLoader/]: Exception loading blockstate definition: 'cbc_at:blockstates/unbored_bronze_rocket_pod_rail.json' missing model for variant: 'cbc_at:unbored_bronze_rocket_pod_rail#assembled=true,facing=south,waterlogged=true'
[27srp2026 17:07:48.163] [Worker-ResourceReload-6/WARN] [net.minecraft.client.resources.model.BlockStateModelLoader/]: Exception loading blockstate definition: 'cbc_at:blockstates/unbored_bronze_rocket_pod_rail.json' missing model for variant: 'cbc_at:unbored_bronze_rocket_pod_rail#assembled=true,facing=down,waterlogged=true'
[27srp2026 17:07:48.163] [Worker-ResourceReload-6/WARN] [net.minecraft.client.resources.model.BlockStateModelLoader/]: Exception loading blockstate definition: 'cbc_at:blockstates/unbored_bronze_rocket_pod_rail.json' missing model for variant: 'cbc_at:unbored_bronze_rocket_pod_rail#assembled=true,facing=south,waterlogged=false'
[27srp2026 17:07:48.163] [Worker-ResourceReload-6/WARN] [net.minecraft.client.resources.model.BlockStateModelLoader/]: Exception loading blockstate definition: 'cbc_at:blockstates/unbored_bronze_rocket_pod_rail.json' missing model for variant: 'cbc_at:unbored_bronze_rocket_pod_rail#assembled=true,facing=west,waterlogged=true'
[27srp2026 17:07:48.163] [Worker-ResourceReload-6/WARN] [net.minecraft.client.resources.model.BlockStateModelLoader/]: Exception loading blockstate definition: 'cbc_at:blockstates/unbored_bronze_rocket_pod_rail.json' missing model for variant: 'cbc_at:unbored_bronze_rocket_pod_rail#assembled=true,facing=east,waterlogged=true'
[27srp2026 17:07:48.163] [Worker-ResourceReload-6/WARN] [net.minecraft.client.resources.model.BlockStateModelLoader/]: Exception loading blockstate definition: 'cbc_at:blockstates/unbored_bronze_rocket_pod_rail.json' missing model for variant: 'cbc_at:unbored_bronze_rocket_pod_rail#assembled=true,facing=west,waterlogged=false'
[27srp2026 17:07:48.163] [Worker-ResourceReload-6/WARN] [net.minecraft.client.resources.model.BlockStateModelLoader/]: Exception loading blockstate definition: 'cbc_at:blockstates/unbored_bronze_rocket_pod_rail.json' missing model for variant: 'cbc_at:unbored_bronze_rocket_pod_rail#assembled=true,facing=down,waterlogged=false'
[27srp2026 17:07:48.163] [Worker-ResourceReload-6/WARN] [net.minecraft.client.resources.model.BlockStateModelLoader/]: Exception loading blockstate definition: 'cbc_at:blockstates/unbored_bronze_rocket_pod_rail.json' missing model for variant: 'cbc_at:unbored_bronze_rocket_pod_rail#assembled=true,facing=north,waterlogged=true'
[27srp2026 17:07:48.163] [Worker-ResourceReload-6/WARN] [net.minecraft.client.resources.model.BlockStateModelLoader/]: Exception loading blockstate definition: 'cbc_at:blockstates/unbored_bronze_rocket_pod_rail.json' missing model for variant: 'cbc_at:unbored_bronze_rocket_pod_rail#assembled=true,facing=east,waterlogged=false'
[27srp2026 17:07:48.163] [Worker-ResourceReload-6/WARN] [net.minecraft.client.resources.model.BlockStateModelLoader/]: Exception loading blockstate definition: 'cbc_at:blockstates/unbored_bronze_rocket_pod_rail.json' missing model for variant: 'cbc_at:unbored_bronze_rocket_pod_rail#assembled=true,facing=up,waterlogged=true'
[27srp2026 17:07:48.169] [Worker-ResourceReload-6/WARN] [net.minecraft.client.resources.model.ModelBakery/]: Unable to load model: 'cbc_at:block/autocannon/unbored_cast_iron_assembled_autocannon_silencer' referenced from: cbc_at:block/autocannon/unbored_cast_iron_assembled_autocannon_silencer: java.io.FileNotFoundException: cbc_at:models/block/autocannon/unbored_cast_iron_assembled_autocannon_silencer.json
[27srp2026 17:07:48.170] [Worker-ResourceReload-6/WARN] [net.minecraft.client.resources.model.ModelBakery/]: Unable to load model: 'cbc_at:block/autocannon/unbored_bronze_assembled_autocannon_silencer' referenced from: cbc_at:block/autocannon/unbored_bronze_assembled_autocannon_silencer: java.io.FileNotFoundException: cbc_at:models/block/autocannon/unbored_bronze_assembled_autocannon_silencer.json
[27srp2026 17:07:48.170] [Worker-ResourceReload-6/WARN] [net.minecraft.client.resources.model.ModelBakery/]: Unable to load model: 'cbc_at:block/autocannon/unbored_steel_assembled_autocannon_silencer' referenced from: cbc_at:block/autocannon/unbored_steel_assembled_autocannon_silencer: java.io.FileNotFoundException: cbc_at:models/block/autocannon/unbored_steel_assembled_autocannon_silencer.json
[27srp2026 17:07:48.170] [Worker-ResourceReload-6/WARN] [net.minecraft.client.resources.model.ModelBakery/]: Unable to load model: 'cbc_at:block/autocannon/unbored_cast_iron_assembled_autocannon_muzzle_brake' referenced from: cbc_at:block/autocannon/unbored_cast_iron_assembled_autocannon_muzzle_brake: java.io.FileNotFoundException: cbc_at:models/block/autocannon/unbored_cast_iron_assembled_autocannon_muzzle_brake.json
[27srp2026 17:07:48.171] [Worker-ResourceReload-6/WARN] [net.minecraft.client.resources.model.ModelBakery/]: Unable to load model: 'cbc_at:block/autocannon/unbored_bronze_assembled_autocannon_muzzle_brake' referenced from: cbc_at:block/autocannon/unbored_bronze_assembled_autocannon_muzzle_brake: java.io.FileNotFoundException: cbc_at:models/block/autocannon/unbored_bronze_assembled_autocannon_muzzle_brake.json
[27srp2026 17:07:48.172] [Worker-ResourceReload-6/WARN] [net.minecraft.client.resources.model.ModelBakery/]: Unable to load model: 'cbc_at:block/autocannon/unbored_steel_assembled_autocannon_muzzle_brake' referenced from: cbc_at:block/autocannon/unbored_steel_assembled_autocannon_muzzle_brake: java.io.FileNotFoundException: cbc_at:models/block/autocannon/unbored_steel_assembled_autocannon_muzzle_brake.json
[27srp2026 17:07:48.248] [Worker-ResourceReload-6/WARN] [net.minecraft.client.resources.model.ModelBakery/]: Unable to load model: 'minecraft:brass_drone' referenced from: create_sa:item/brass_drone_item: java.io.FileNotFoundException: minecraft:models/brass_drone.json
[27srp2026 17:07:48.262] [Worker-ResourceReload-6/WARN] [net.minecraft.client.resources.model.ModelBakery/]: Unable to load model: 'minecraft:chains' referenced from: create_sa:item/chains: java.io.FileNotFoundException: minecraft:models/chains.json
[27srp2026 17:07:48.298] [Worker-ResourceReload-6/WARN] [net.minecraft.client.resources.model.ModelBakery/]: Unable to load model: 'minecraft:flamethrower' referenced from: create_sa:item/flamethrower: java.io.FileNotFoundException: minecraft:models/flamethrower.json
[27srp2026 17:07:48.316] [Worker-ResourceReload-6/WARN] [net.minecraft.client.resources.model.ModelBakery/]: Unable to load model: 'cbc_at:block/heavy_autocannon/bronze_recoil_spring' referenced from: cbc_at:block/heavy_autocannon/bronze_recoil_spring: java.io.FileNotFoundException: cbc_at:models/block/heavy_autocannon/bronze_recoil_spring.json
[27srp2026 17:07:48.317] [Worker-ResourceReload-6/WARN] [net.minecraft.client.resources.model.ModelBakery/]: Unable to load model: 'createcasing:block/shaft/andesite' referenced from: createcasing:block/shaft/andesite: java.io.FileNotFoundException: createcasing:models/block/shaft/andesite.json
[27srp2026 17:07:48.318] [Worker-ResourceReload-6/WARN] [net.minecraft.client.resources.model.ModelBakery/]: Unable to load model: 'cbc_at:block/heavy_autocannon/cast_iron_recoil_spring' referenced from: cbc_at:block/heavy_autocannon/cast_iron_recoil_spring: java.io.FileNotFoundException: cbc_at:models/block/heavy_autocannon/cast_iron_recoil_spring.json
[27srp2026 17:07:48.319] [Worker-ResourceReload-6/WARN] [net.minecraft.client.resources.model.ModelBakery/]: Unable to load model: 'cbc_at:block/heavy_autocannon/steel_recoil_spring' referenced from: cbc_at:block/heavy_autocannon/steel_recoil_spring: java.io.FileNotFoundException: cbc_at:models/block/heavy_autocannon/steel_recoil_spring.json
[27srp2026 17:07:59.013] [Worker-ResourceReload-6/WARN] [net.minecraft.client.resources.model.ModelManager/]: Missing textures in model cbc_at:built_up_nethersteel_rifled_barrel#facing=up:
    minecraft:textures/atlas/blocks.png:cbc_at:block/built_up_nethersteel_barrel_side
[27srp2026 17:07:59.016] [Worker-ResourceReload-6/WARN] [net.minecraft.client.resources.model.ModelManager/]: Missing textures in model cbc_at:unbored_cast_iron_rocket_pod_rail#assembled=false,facing=north,waterlogged=false:
    minecraft:textures/atlas/blocks.png:cbc_at:block/cast_iron_rocket_pod
[27srp2026 17:07:59.017] [Worker-ResourceReload-6/WARN] [net.minecraft.client.resources.model.ModelManager/]: Missing textures in model cbc_at:unbored_bronze_rocket_pod_breech#facing=up,waterlogged=false:
    minecraft:textures/atlas/blocks.png:cbc_at:block/bronze_rocket_pod
[27srp2026 17:07:59.017] [Worker-ResourceReload-6/WARN] [net.minecraft.client.resources.model.ModelManager/]: Missing textures in model cbc_at:block/twin_autocannon/bronze_recoil_spring#standalone:
    minecraft:textures/atlas/blocks.png:minecraft:0
[27srp2026 17:07:59.017] [Worker-ResourceReload-6/WARN] [net.minecraft.client.resources.model.ModelManager/]: Missing textures in model cbc_at:unbored_steel_rocket_pod_breech#facing=down,waterlogged=false:
    minecraft:textures/atlas/blocks.png:cbc_at:block/bronze_rocket_pod
[27srp2026 17:07:59.017] [Worker-ResourceReload-6/WARN] [net.minecraft.client.resources.model.ModelManager/]: Missing textures in model cbc_at:bronze_rocket_pod_rail#assembled=false,facing=north,waterlogged=false:
    minecraft:textures/atlas/blocks.png:cbc_at:block/bronze_rocket_pod
[27srp2026 17:07:59.017] [Worker-ResourceReload-6/WARN] [net.minecraft.client.resources.model.ModelManager/]: Missing textures in model cbc_at:unbored_cast_iron_rocket_pod_breech#facing=west,waterlogged=false:
    minecraft:textures/atlas/blocks.png:cbc_at:block/cast_iron_rocket_pod
[27srp2026 17:07:59.017] [Worker-ResourceReload-6/WARN] [net.minecraft.client.resources.model.ModelManager/]: Missing textures in model cbc_at:cast_iron_rocket_pod_rail#assembled=false,facing=up,waterlogged=false:
    minecraft:textures/atlas/blocks.png:cbc_at:block/cast_iron_rocket_pod
[27srp2026 17:07:59.017] [Worker-ResourceReload-6/WARN] [net.minecraft.client.resources.model.ModelManager/]: Missing textures in model cbc_at:cast_iron_rocket_pod_rail#assembled=false,facing=east,waterlogged=false:
    minecraft:textures/atlas/blocks.png:cbc_at:block/cast_iron_rocket_pod
[27srp2026 17:07:59.017] [Worker-ResourceReload-6/WARN] [net.minecraft.client.resources.model.ModelManager/]: Missing textures in model cbc_at:steel_rocket_pod_rail#assembled=false,facing=west,waterlogged=true:
    minecraft:textures/atlas/blocks.png:cbc_at:block/bronze_rocket_pod
[27srp2026 17:07:59.017] [Worker-ResourceReload-6/WARN] [net.minecraft.client.resources.model.ModelManager/]: Missing textures in model cbc_at:unbored_cast_iron_rocket_pod_breech#inventory:
    minecraft:textures/atlas/blocks.png:cbc_at:block/cast_iron_rocket_pod
[27srp2026 17:07:59.017] [Worker-ResourceReload-6/WARN] [net.minecraft.client.resources.model.ModelManager/]: Missing textures in model cbc_at:steel_rocket_pod_rail#assembled=false,facing=north,waterlogged=false:
    minecraft:textures/atlas/blocks.png:cbc_at:block/bronze_rocket_pod
[27srp2026 17:07:59.017] [Worker-ResourceReload-6/WARN] [net.minecraft.client.resources.model.ModelManager/]: Missing textures in model cbc_at:steel_rocket_pod_rail#inventory:
    minecraft:textures/atlas/blocks.png:cbc_at:block/bronze_rocket_pod
[27srp2026 17:07:59.017] [Worker-ResourceReload-6/WARN] [net.minecraft.client.resources.model.ModelManager/]: Missing textures in model cbc_at:unbored_bronze_fume_extractor#facing=down:
    minecraft:textures/atlas/blocks.png:minecraft:bronze_cannon_barrel_side
[27srp2026 17:07:59.017] [Worker-ResourceReload-6/WARN] [net.minecraft.client.resources.model.ModelManager/]: Missing textures in model cbc_at:bronze_rocket_pod_breech#inventory:
    minecraft:textures/atlas/blocks.png:cbc_at:block/bronze_rocket_pod
[27srp2026 17:07:59.017] [Worker-ResourceReload-6/WARN] [net.minecraft.client.resources.model.ModelManager/]: Missing textures in model cbc_at:unbored_steel_rocket_pod_breech#facing=west,waterlogged=true:
    minecraft:textures/atlas/blocks.png:cbc_at:block/bronze_rocket_pod
[27srp2026 17:07:59.017] [Worker-ResourceReload-6/WARN] [net.minecraft.client.resources.model.ModelManager/]: Missing textures in model cbc_at:unbored_cast_iron_rocket_pod_rail#assembled=false,facing=south,waterlogged=false:
    minecraft:textures/atlas/blocks.png:cbc_at:block/cast_iron_rocket_pod
[27srp2026 17:07:59.017] [Worker-ResourceReload-6/WARN] [net.minecraft.client.resources.model.ModelManager/]: Missing textures in model cbc_at:steel_rocket_pod_rail#assembled=false,facing=south,waterlogged=true:
    minecraft:textures/atlas/blocks.png:cbc_at:block/bronze_rocket_pod
[27srp2026 17:07:59.017] [Worker-ResourceReload-6/WARN] [net.minecraft.client.resources.model.ModelManager/]: Missing textures in model cbc_at:unbored_steel_rocket_pod_breech#facing=east,waterlogged=false:
    minecraft:textures/atlas/blocks.png:cbc_at:block/bronze_rocket_pod
[27srp2026 17:07:59.018] [Worker-ResourceReload-6/WARN] [net.minecraft.client.resources.model.ModelManager/]: Missing textures in model create_power_loader:brass_chunk_loader#inventory:
    minecraft:textures/atlas/blocks.png:minecraft:axis
    minecraft:textures/atlas/blocks.png:minecraft:axis_top
[27srp2026 17:07:59.018] [Worker-ResourceReload-6/WARN] [net.minecraft.client.resources.model.ModelManager/]: Missing textures in model cbc_at:unbored_steel_rocket_pod_rail#assembled=false,facing=east,waterlogged=false:
    minecraft:textures/atlas/blocks.png:cbc_at:block/bronze_rocket_pod
[27srp2026 17:07:59.018] [Worker-ResourceReload-6/WARN] [net.minecraft.client.resources.model.ModelManager/]: Missing textures in model cbc_at:bronze_rocket_pod_rail#inventory:
    minecraft:textures/atlas/blocks.png:cbc_at:block/bronze_rocket_pod
[27srp2026 17:07:59.018] [Worker-ResourceReload-6/WARN] [net.minecraft.client.resources.model.ModelManager/]: Missing textures in model cbc_at:cast_iron_rocket_pod_breech#facing=east,waterlogged=true:
    minecraft:textures/atlas/blocks.png:cbc_at:block/cast_iron_rocket_pod
[27srp2026 17:07:59.018] [Worker-ResourceReload-6/WARN] [net.minecraft.client.resources.model.ModelManager/]: Missing textures in model cbc_at:bronze_rocket_pod_rail#assembled=false,facing=south,waterlogged=true:
    minecraft:textures/atlas/blocks.png:cbc_at:block/bronze_rocket_pod
[27srp2026 17:07:59.018] [Worker-ResourceReload-6/WARN] [net.minecraft.client.resources.model.ModelManager/]: Missing textures in model cbc_at:unbored_bronze_fume_extractor#facing=west:
    minecraft:textures/atlas/blocks.png:minecraft:bronze_cannon_barrel_side
[27srp2026 17:07:59.018] [Worker-ResourceReload-6/WARN] [net.minecraft.client.resources.model.ModelManager/]: Missing textures in model cbc_at:bronze_rocket_pod_rail#assembled=false,facing=down,waterlogged=true:
    minecraft:textures/atlas/blocks.png:cbc_at:block/bronze_rocket_pod
[27srp2026 17:07:59.018] [Worker-ResourceReload-6/WARN] [net.minecraft.client.resources.model.ModelManager/]: Missing textures in model cbc_at:unbored_bronze_fume_extractor#facing=north:
    minecraft:textures/atlas/blocks.png:minecraft:bronze_cannon_barrel_side
[27srp2026 17:07:59.018] [Worker-ResourceReload-6/WARN] [net.minecraft.client.resources.model.ModelManager/]: Missing textures in model cbc_at:unbored_cast_iron_rocket_pod_breech#facing=up,waterlogged=true:
    minecraft:textures/atlas/blocks.png:cbc_at:block/cast_iron_rocket_pod
[27srp2026 17:07:59.018] [Worker-ResourceReload-6/WARN] [net.minecraft.client.resources.model.ModelManager/]: Missing textures in model cbc_at:heavy_autocannon_qfbreech_mould#inventory:
    minecraft:textures/atlas/blocks.png:minecraft:cast_mould
[27srp2026 17:07:59.018] [Worker-ResourceReload-6/WARN] [net.minecraft.client.resources.model.ModelManager/]: Missing textures in model cbc_at:steel_rocket_pod_breech#facing=south,waterlogged=false:
    minecraft:textures/atlas/blocks.png:cbc_at:block/bronze_rocket_pod
[27srp2026 17:07:59.018] [Worker-ResourceReload-6/WARN] [net.minecraft.client.resources.model.ModelManager/]: Missing textures in model cbc_at:cast_iron_rocket_pod_rail#inventory:
    minecraft:textures/atlas/blocks.png:cbc_at:block/cast_iron_rocket_pod
[27srp2026 17:07:59.018] [Worker-ResourceReload-6/WARN] [net.minecraft.client.resources.model.ModelManager/]: Missing textures in model cbc_at:bronze_rocket_pod_breech#facing=west,waterlogged=false:
    minecraft:textures/atlas/blocks.png:cbc_at:block/bronze_rocket_pod
[27srp2026 17:07:59.018] [Worker-ResourceReload-6/WARN] [net.minecraft.client.resources.model.ModelManager/]: Missing textures in model cbc_at:unbored_bronze_fume_extractor#inventory:
    minecraft:textures/atlas/blocks.png:minecraft:bronze_cannon_barrel_side
[27srp2026 17:07:59.018] [Worker-ResourceReload-6/WARN] [net.minecraft.client.resources.model.ModelManager/]: Missing textures in model create_connected:fan_soul_stripping_catalyst#inventory:
    minecraft:textures/atlas/blocks.png:createnetherindustry:block/soul_stripping_block
[27srp2026 17:07:59.018] [Worker-ResourceReload-6/WARN] [net.minecraft.client.resources.model.ModelManager/]: Missing textures in model cbc_at:bronze_rocket_pod_breech#facing=north,waterlogged=false:
    minecraft:textures/atlas/blocks.png:cbc_at:block/bronze_rocket_pod
[27srp2026 17:07:59.018] [Worker-ResourceReload-6/WARN] [net.minecraft.client.resources.model.ModelManager/]: Missing textures in model cbc_at:unbored_steel_rocket_pod_rail#assembled=false,facing=west,waterlogged=true:
    minecraft:textures/atlas/blocks.png:cbc_at:block/bronze_rocket_pod
[27srp2026 17:07:59.018] [Worker-ResourceReload-6/WARN] [net.minecraft.client.resources.model.ModelManager/]: Missing textures in model cbc_at:unbored_bronze_rocket_pod_breech#facing=west,waterlogged=false:
    minecraft:textures/atlas/blocks.png:cbc_at:block/bronze_rocket_pod
[27srp2026 17:07:59.018] [Worker-ResourceReload-6/WARN] [net.minecraft.client.resources.model.ModelManager/]: Missing textures in model cbc_at:unbored_cast_iron_rocket_pod_breech#facing=north,waterlogged=false:
    minecraft:textures/atlas/blocks.png:cbc_at:block/cast_iron_rocket_pod
[27srp2026 17:07:59.018] [Worker-ResourceReload-6/WARN] [net.minecraft.client.resources.model.ModelManager/]: Missing textures in model create_connected:fan_glooming_catalyst#:
    minecraft:textures/atlas/blocks.png:twilightforest:block/deadrock
    minecraft:textures/atlas/blocks.png:create_shimmer:block/ominous_campfire_fire
[27srp2026 17:07:59.018] [Worker-ResourceReload-6/WARN] [net.minecraft.client.resources.model.ModelManager/]: Missing textures in model cbc_at:unbored_steel_rocket_pod_rail#inventory:
    minecraft:textures/atlas/blocks.png:cbc_at:block/bronze_rocket_pod
[27srp2026 17:07:59.018] [Worker-ResourceReload-6/WARN] [net.minecraft.client.resources.model.ModelManager/]: Missing textures in model cbc_at:unbored_cast_iron_rocket_pod_breech#facing=east,waterlogged=true:
    minecraft:textures/atlas/blocks.png:cbc_at:block/cast_iron_rocket_pod
[27srp2026 17:07:59.018] [Worker-ResourceReload-6/WARN] [net.minecraft.client.resources.model.ModelManager/]: Missing textures in model cbc_at:cast_iron_rocket_pod_rail#assembled=false,facing=down,waterlogged=true:
    minecraft:textures/atlas/blocks.png:cbc_at:block/cast_iron_rocket_pod
[27srp2026 17:07:59.018] [Worker-ResourceReload-6/WARN] [net.minecraft.client.resources.model.ModelManager/]: Missing textures in model create_connected:fan_transmutation_catalyst#:
    minecraft:textures/atlas/blocks.png:create_shimmer:fluid/shimmer_flow
[27srp2026 17:07:59.018] [Worker-ResourceReload-6/WARN] [net.minecraft.client.resources.model.ModelManager/]: Missing textures in model cbc_at:steel_rocket_pod_rail#assembled=false,facing=up,waterlogged=true:
    minecraft:textures/atlas/blocks.png:cbc_at:block/bronze_rocket_pod
[27srp2026 17:07:59.018] [Worker-ResourceReload-6/WARN] [net.minecraft.client.resources.model.ModelManager/]: Missing textures in model cbc_at:bronze_fume_extractor#inventory:
    minecraft:textures/atlas/blocks.png:minecraft:bronze_cannon_barrel_side
[27srp2026 17:07:59.019] [Worker-ResourceReload-6/WARN] [net.minecraft.client.resources.model.ModelManager/]: Missing textures in model cbc_at:cast_iron_rocket_pod_rail#assembled=false,facing=west,waterlogged=false:
    minecraft:textures/atlas/blocks.png:cbc_at:block/cast_iron_rocket_pod
[27srp2026 17:07:59.019] [Worker-ResourceReload-6/WARN] [net.minecraft.client.resources.model.ModelManager/]: Missing textures in model cbc_at:bronze_rocket_pod_breech#facing=down,waterlogged=true:
    minecraft:textures/atlas/blocks.png:cbc_at:block/bronze_rocket_pod
[27srp2026 17:07:59.019] [Worker-ResourceReload-6/WARN] [net.minecraft.client.resources.model.ModelManager/]: Missing textures in model cbc_at:unbored_bronze_rocket_pod_rail#assembled=false,facing=south,waterlogged=true:
    minecraft:textures/atlas/blocks.png:cbc_at:block/bronze_rocket_pod
[27srp2026 17:07:59.019] [Worker-ResourceReload-6/WARN] [net.minecraft.client.resources.model.ModelManager/]: Missing textures in model cbc_at:unbored_bronze_rocket_pod_breech#facing=east,waterlogged=false:
    minecraft:textures/atlas/blocks.png:cbc_at:block/bronze_rocket_pod
[27srp2026 17:07:59.019] [Worker-ResourceReload-6/WARN] [net.minecraft.client.resources.model.ModelManager/]: Missing textures in model cbc_at:bronze_rocket_pod_breech#facing=south,waterlogged=true:
    minecraft:textures/atlas/blocks.png:cbc_at:block/bronze_rocket_pod
[27srp2026 17:07:59.019] [Worker-ResourceReload-6/WARN] [net.minecraft.client.resources.model.ModelManager/]: Missing textures in model cbc_at:steel_rocket_pod_breech#facing=down,waterlogged=false:
    minecraft:textures/atlas/blocks.png:cbc_at:block/bronze_rocket_pod
[27srp2026 17:07:59.019] [Worker-ResourceReload-6/WARN] [net.minecraft.client.resources.model.ModelManager/]: Missing textures in model cbc_at:unbored_cast_iron_rocket_pod_rail#assembled=false,facing=west,waterlogged=true:
    minecraft:textures/atlas/blocks.png:cbc_at:block/cast_iron_rocket_pod
[27srp2026 17:07:59.019] [Worker-ResourceReload-6/WARN] [net.minecraft.client.resources.model.ModelManager/]: Missing textures in model tfmg:constantan_truss#axis=y,waterlogged=false:
    minecraft:textures/atlas/blocks.png:tfmg:block/constantan_truss_truss
[27srp2026 17:07:59.019] [Worker-ResourceReload-6/WARN] [net.minecraft.client.resources.model.ModelManager/]: Missing textures in model cbc_at:cast_iron_rocket_pod_breech#inventory:
    minecraft:textures/atlas/blocks.png:cbc_at:block/cast_iron_rocket_pod
[27srp2026 17:07:59.019] [Worker-ResourceReload-6/WARN] [net.minecraft.client.resources.model.ModelManager/]: Missing textures in model cbc_at:steel_rocket_pod_rail#assembled=false,facing=down,waterlogged=true:
    minecraft:textures/atlas/blocks.png:cbc_at:block/bronze_rocket_pod
[27srp2026 17:07:59.019] [Worker-ResourceReload-6/WARN] [net.minecraft.client.resources.model.ModelManager/]: Missing textures in model tfmg:constantan_truss#inventory:
    minecraft:textures/atlas/blocks.png:tfmg:block/constantan_truss_truss
[27srp2026 17:07:59.019] [Worker-ResourceReload-6/WARN] [net.minecraft.client.resources.model.ModelManager/]: Missing textures in model cbc_at:unbored_bronze_rocket_pod_breech#inventory:
    minecraft:textures/atlas/blocks.png:cbc_at:block/bronze_rocket_pod
[27srp2026 17:07:59.019] [Worker-ResourceReload-6/WARN] [net.minecraft.client.resources.model.ModelManager/]: Missing textures in model cbc_at:unbored_bronze_fume_extractor#facing=east:
    minecraft:textures/atlas/blocks.png:minecraft:bronze_cannon_barrel_side
[27srp2026 17:07:59.019] [Worker-ResourceReload-6/WARN] [net.minecraft.client.resources.model.ModelManager/]: Missing textures in model cbc_at:steel_rocket_pod_rail#assembled=false,facing=east,waterlogged=false:
    minecraft:textures/atlas/blocks.png:cbc_at:block/bronze_rocket_pod
[27srp2026 17:07:59.020] [Worker-ResourceReload-6/WARN] [net.minecraft.client.resources.model.ModelManager/]: Missing textures in model cbc_at:unbored_bronze_rocket_pod_rail#assembled=false,facing=down,waterlogged=false:
    minecraft:textures/atlas/blocks.png:cbc_at:block/bronze_rocket_pod
[27srp2026 17:07:59.020] [Worker-ResourceReload-6/WARN] [net.minecraft.client.resources.model.ModelManager/]: Missing textures in model cbc_at:unbored_bronze_rocket_pod_breech#facing=south,waterlogged=false:
    minecraft:textures/atlas/blocks.png:cbc_at:block/bronze_rocket_pod
[27srp2026 17:07:59.020] [Worker-ResourceReload-6/WARN] [net.minecraft.client.resources.model.ModelManager/]: Missing textures in model cbc_at:unbored_steel_rocket_pod_breech#facing=north,waterlogged=false:
    minecraft:textures/atlas/blocks.png:cbc_at:block/bronze_rocket_pod
[27srp2026 17:07:59.020] [Worker-ResourceReload-6/WARN] [net.minecraft.client.resources.model.ModelManager/]: Missing textures in model tfmg:constantan_truss#axis=x,waterlogged=true:
    minecraft:textures/atlas/blocks.png:tfmg:block/constantan_truss_truss
[27srp2026 17:07:59.020] [Worker-ResourceReload-6/WARN] [net.minecraft.client.resources.model.ModelManager/]: Missing textures in model cbc_at:cast_iron_rocket_pod_rail#assembled=false,facing=south,waterlogged=false:
    minecraft:textures/atlas/blocks.png:cbc_at:block/cast_iron_rocket_pod
[27srp2026 17:07:59.020] [Worker-ResourceReload-6/WARN] [net.minecraft.client.resources.model.ModelManager/]: Missing textures in model cbc_at:unbored_steel_rocket_pod_breech#inventory:
    minecraft:textures/atlas/blocks.png:cbc_at:block/bronze_rocket_pod
[27srp2026 17:07:59.020] [Worker-ResourceReload-6/WARN] [net.minecraft.client.resources.model.ModelManager/]: Missing textures in model cbc_at:steel_rocket_pod_breech#facing=west,waterlogged=false:
    minecraft:textures/atlas/blocks.png:cbc_at:block/bronze_rocket_pod
[27srp2026 17:07:59.020] [Worker-ResourceReload-6/WARN] [net.minecraft.client.resources.model.ModelManager/]: Missing textures in model cbc_at:cast_iron_rocket_pod_breech#facing=west,waterlogged=false:
    minecraft:textures/atlas/blocks.png:cbc_at:block/cast_iron_rocket_pod
[27srp2026 17:07:59.020] [Worker-ResourceReload-6/WARN] [net.minecraft.client.resources.model.ModelManager/]: Missing textures in model cbc_at:wrought_iron_medium_rocket_rail_breech#inventory:
    minecraft:textures/atlas/blocks.png:cbc_at:block/bronze_medium_rocket_rail
[27srp2026 17:07:59.020] [Worker-ResourceReload-6/WARN] [net.minecraft.client.resources.model.ModelManager/]: Missing textures in model cbc_at:heavy_autocannon_empty_cartridge#inventory:
    minecraft:textures/atlas/blocks.png:minecraft:cartridge_side
[27srp2026 17:07:59.020] [Worker-ResourceReload-6/WARN] [net.minecraft.client.resources.model.ModelManager/]: Missing textures in model cbc_at:unbored_bronze_rocket_pod_rail#assembled=false,facing=up,waterlogged=true:
    minecraft:textures/atlas/blocks.png:cbc_at:block/bronze_rocket_pod
[27srp2026 17:07:59.020] [Worker-ResourceReload-6/WARN] [net.minecraft.client.resources.model.ModelManager/]: Missing textures in model create_power_loader:andesite_chunk_loader#inventory:
    minecraft:textures/atlas/blocks.png:minecraft:axis
    minecraft:textures/atlas/blocks.png:minecraft:axis_top
[27srp2026 17:07:59.020] [Worker-ResourceReload-6/WARN] [net.minecraft.client.resources.model.ModelManager/]: Missing textures in model create_connected:fan_glooming_catalyst#inventory:
    minecraft:textures/atlas/blocks.png:twilightforest:block/deadrock
    minecraft:textures/atlas/blocks.png:create_shimmer:block/ominous_campfire_fire
[27srp2026 17:07:59.020] [Worker-ResourceReload-6/WARN] [net.minecraft.client.resources.model.ModelManager/]: Missing textures in model cbc_at:unbored_steel_rocket_pod_rail#assembled=false,facing=down,waterlogged=true:
    minecraft:textures/atlas/blocks.png:cbc_at:block/bronze_rocket_pod
[27srp2026 17:07:59.020] [Worker-ResourceReload-6/WARN] [net.minecraft.client.resources.model.ModelManager/]: Missing textures in model tfmg:block/fuse_block/fuse#standalone:
    minecraft:textures/atlas/blocks.png:tfmg:block/fuse_block
[27srp2026 17:07:59.020] [Worker-ResourceReload-6/WARN] [net.minecraft.client.resources.model.ModelManager/]: Missing textures in model create_connected:fan_enriched_catalyst#:
    minecraft:textures/atlas/blocks.png:createnuclear:block/enriched_soul_soil
    minecraft:textures/atlas/blocks.png:createnuclear:block/enriching/campfire/enriching_flame
[27srp2026 17:07:59.021] [Worker-ResourceReload-6/WARN] [net.minecraft.client.resources.model.ModelManager/]: Missing textures in model cbc_at:unbored_bronze_rocket_pod_rail#assembled=false,facing=east,waterlogged=true:
    minecraft:textures/atlas/blocks.png:cbc_at:block/bronze_rocket_pod
[27srp2026 17:07:59.021] [Worker-ResourceReload-6/WARN] [net.minecraft.client.resources.model.ModelManager/]: Missing textures in model cbc_at:unbored_steel_rocket_pod_rail#assembled=false,facing=north,waterlogged=false:
    minecraft:textures/atlas/blocks.png:cbc_at:block/bronze_rocket_pod
[27srp2026 17:07:59.021] [Worker-ResourceReload-6/WARN] [net.minecraft.client.resources.model.ModelManager/]: Missing textures in model cbc_at:steel_rocket_pod_breech#inventory:
    minecraft:textures/atlas/blocks.png:cbc_at:block/bronze_rocket_pod
[27srp2026 17:07:59.021] [Worker-ResourceReload-6/WARN] [net.minecraft.client.resources.model.ModelManager/]: Missing textures in model cbc_at:cast_iron_rocket_pod_breech#facing=down,waterlogged=true:
    minecraft:textures/atlas/blocks.png:cbc_at:block/cast_iron_rocket_pod
[27srp2026 17:07:59.021] [Worker-ResourceReload-6/WARN] [net.minecraft.client.resources.model.ModelManager/]: Missing textures in model create_connected:fan_enriched_catalyst#inventory:
    minecraft:textures/atlas/blocks.png:createnuclear:block/enriched_soul_soil
    minecraft:textures/atlas/blocks.png:createnuclear:block/enriching/campfire/enriching_flame
[27srp2026 17:07:59.021] [Worker-ResourceReload-6/WARN] [net.minecraft.client.resources.model.ModelManager/]: Missing textures in model cbc_at:unbored_bronze_fume_extractor#facing=south:
    minecraft:textures/atlas/blocks.png:minecraft:bronze_cannon_barrel_side
[27srp2026 17:07:59.021] [Worker-ResourceReload-6/WARN] [net.minecraft.client.resources.model.ModelManager/]: Missing textures in model cbc_at:unbored_steel_rocket_pod_rail#assembled=false,facing=south,waterlogged=false:
    minecraft:textures/atlas/blocks.png:cbc_at:block/bronze_rocket_pod
[27srp2026 17:07:59.021] [Worker-ResourceReload-6/WARN] [net.minecraft.client.resources.model.ModelManager/]: Missing textures in model cbc_at:bronze_rocket_pod_rail#assembled=false,facing=east,waterlogged=true:
    minecraft:textures/atlas/blocks.png:cbc_at:block/bronze_rocket_pod
[27srp2026 17:07:59.021] [Worker-ResourceReload-6/WARN] [net.minecraft.client.resources.model.ModelManager/]: Missing textures in model cbc_at:unbored_bronze_rocket_pod_breech#facing=north,waterlogged=true:
    minecraft:textures/atlas/blocks.png:cbc_at:block/bronze_rocket_pod
[27srp2026 17:07:59.021] [Worker-ResourceReload-6/WARN] [net.minecraft.client.resources.model.ModelManager/]: Missing textures in model cbc_at:built_up_nethersteel_rifled_barrel#facing=east:
    minecraft:textures/atlas/blocks.png:cbc_at:block/built_up_nethersteel_barrel_side
[27srp2026 17:07:59.021] [Worker-ResourceReload-6/WARN] [net.minecraft.client.resources.model.ModelManager/]: Missing textures in model create_connected:fan_soul_stripping_catalyst#:
    minecraft:textures/atlas/blocks.png:createnetherindustry:block/soul_stripping_block
[27srp2026 17:07:59.021] [Worker-ResourceReload-6/WARN] [net.minecraft.client.resources.model.ModelManager/]: Missing textures in model create_connected:fan_transmutation_catalyst#inventory:
    minecraft:textures/atlas/blocks.png:create_shimmer:fluid/shimmer_flow
[27srp2026 17:07:59.021] [Worker-ResourceReload-6/WARN] [net.minecraft.client.resources.model.ModelManager/]: Missing textures in model cbc_at:unbored_cast_iron_rocket_pod_rail#assembled=false,facing=east,waterlogged=false:
    minecraft:textures/atlas/blocks.png:cbc_at:block/cast_iron_rocket_pod
[27srp2026 17:07:59.022] [Worker-ResourceReload-6/WARN] [net.minecraft.client.resources.model.ModelManager/]: Missing textures in model cbc_at:block/twin_autocannon/cast_iron_vert_recoil_spring#standalone:
    minecraft:textures/atlas/blocks.png:minecraft:0
[27srp2026 17:07:59.022] [Worker-ResourceReload-6/WARN] [net.minecraft.client.resources.model.ModelManager/]: Missing textures in model cbc_at:bronze_rocket_pod_rail#assembled=false,facing=up,waterlogged=true:
    minecraft:textures/atlas/blocks.png:cbc_at:block/bronze_rocket_pod
[27srp2026 17:07:59.022] [Worker-ResourceReload-6/WARN] [net.minecraft.client.resources.model.ModelManager/]: Missing textures in model cbc_at:unbored_bronze_fume_extractor#facing=up:
    minecraft:textures/atlas/blocks.png:minecraft:bronze_cannon_barrel_side
[27srp2026 17:07:59.022] [Worker-ResourceReload-6/WARN] [net.minecraft.client.resources.model.ModelManager/]: Missing textures in model cbc_at:unbored_cast_iron_rocket_pod_rail#assembled=false,facing=up,waterlogged=true:
    minecraft:textures/atlas/blocks.png:cbc_at:block/cast_iron_rocket_pod
[27srp2026 17:07:59.022] [Worker-ResourceReload-6/WARN] [net.minecraft.client.resources.model.ModelManager/]: Missing textures in model cbc_at:bronze_rocket_pod_breech#facing=up,waterlogged=true:
    minecraft:textures/atlas/blocks.png:cbc_at:block/bronze_rocket_pod
[27srp2026 17:07:59.022] [Worker-ResourceReload-6/WARN] [net.minecraft.client.resources.model.ModelManager/]: Missing textures in model cbc_at:steel_rocket_pod_breech#facing=north,waterlogged=false:
    minecraft:textures/atlas/blocks.png:cbc_at:block/bronze_rocket_pod
[27srp2026 17:07:59.022] [Worker-ResourceReload-6/WARN] [net.minecraft.client.resources.model.ModelManager/]: Missing textures in model cbc_at:steel_rocket_pod_breech#facing=up,waterlogged=false:
    minecraft:textures/atlas/blocks.png:cbc_at:block/bronze_rocket_pod
[27srp2026 17:07:59.022] [Worker-ResourceReload-6/WARN] [net.minecraft.client.resources.model.ModelManager/]: Missing textures in model cbc_at:unbored_cast_iron_rocket_pod_breech#facing=down,waterlogged=true:
    minecraft:textures/atlas/blocks.png:cbc_at:block/cast_iron_rocket_pod
[27srp2026 17:07:59.022] [Worker-ResourceReload-6/WARN] [net.minecraft.client.resources.model.ModelManager/]: Missing textures in model cbc_at:unbored_cast_iron_rocket_pod_breech#facing=south,waterlogged=false:
    minecraft:textures/atlas/blocks.png:cbc_at:block/cast_iron_rocket_pod
[27srp2026 17:07:59.022] [Worker-ResourceReload-6/WARN] [net.minecraft.client.resources.model.ModelManager/]: Missing textures in model cbc_at:wrought_iron_medium_rocket_rail#inventory:
    minecraft:textures/atlas/blocks.png:cbc_at:block/bronze_medium_rocket_rail
[27srp2026 17:07:59.022] [Worker-ResourceReload-6/WARN] [net.minecraft.client.resources.model.ModelManager/]: Missing textures in model cbc_at:cast_iron_rocket_pod_breech#facing=south,waterlogged=true:
    minecraft:textures/atlas/blocks.png:cbc_at:block/cast_iron_rocket_pod
[27srp2026 17:07:59.022] [Worker-ResourceReload-6/WARN] [net.minecraft.client.resources.model.ModelManager/]: Missing textures in model cbc_at:unbored_bronze_rocket_pod_rail#assembled=false,facing=west,waterlogged=true:
    minecraft:textures/atlas/blocks.png:cbc_at:block/bronze_rocket_pod
[27srp2026 17:07:59.022] [Worker-ResourceReload-6/WARN] [net.minecraft.client.resources.model.ModelManager/]: Missing textures in model cbc_at:built_up_nethersteel_rifled_barrel#facing=down:
    minecraft:textures/atlas/blocks.png:cbc_at:block/built_up_nethersteel_barrel_side
[27srp2026 17:07:59.022] [Worker-ResourceReload-6/WARN] [net.minecraft.client.resources.model.ModelManager/]: Missing textures in model cbc_at:cast_iron_rocket_pod_breech#facing=up,waterlogged=false:
    minecraft:textures/atlas/blocks.png:cbc_at:block/cast_iron_rocket_pod
[27srp2026 17:07:59.022] [Worker-ResourceReload-6/WARN] [net.minecraft.client.resources.model.ModelManager/]: Missing textures in model cbc_at:unbored_bronze_rocket_pod_rail#inventory:
    minecraft:textures/atlas/blocks.png:cbc_at:block/bronze_rocket_pod
[27srp2026 17:07:59.022] [Worker-ResourceReload-6/WARN] [net.minecraft.client.resources.model.ModelManager/]: Missing textures in model cbc_at:bronze_rocket_pod_breech#facing=east,waterlogged=true:
    minecraft:textures/atlas/blocks.png:cbc_at:block/bronze_rocket_pod
[27srp2026 17:07:59.022] [Worker-ResourceReload-6/WARN] [net.minecraft.client.resources.model.ModelManager/]: Missing textures in model cbc_at:bronze_rocket_pod_rail#assembled=false,facing=west,waterlogged=true:
    minecraft:textures/atlas/blocks.png:cbc_at:block/bronze_rocket_pod
[27srp2026 17:07:59.022] [Worker-ResourceReload-6/WARN] [net.minecraft.client.resources.model.ModelManager/]: Missing textures in model cbc_at:unbored_bronze_rocket_pod_breech#facing=down,waterlogged=false:
    minecraft:textures/atlas/blocks.png:cbc_at:block/bronze_rocket_pod
[27srp2026 17:07:59.022] [Worker-ResourceReload-6/WARN] [net.minecraft.client.resources.model.ModelManager/]: Missing textures in model tfmg:constantan_truss#axis=z,waterlogged=true:
    minecraft:textures/atlas/blocks.png:tfmg:block/constantan_truss_truss
[27srp2026 17:07:59.022] [Worker-ResourceReload-6/WARN] [net.minecraft.client.resources.model.ModelManager/]: Missing textures in model cbc_at:unbored_steel_rocket_pod_breech#facing=up,waterlogged=true:
    minecraft:textures/atlas/blocks.png:cbc_at:block/bronze_rocket_pod
[27srp2026 17:07:59.022] [Worker-ResourceReload-6/WARN] [net.minecraft.client.resources.model.ModelManager/]: Missing textures in model cbc_at:unbored_cast_iron_rocket_pod_rail#inventory:
    minecraft:textures/atlas/blocks.png:cbc_at:block/cast_iron_rocket_pod
[27srp2026 17:07:59.022] [Worker-ResourceReload-6/WARN] [net.minecraft.client.resources.model.ModelManager/]: Missing textures in model cbc_at:unbored_steel_rocket_pod_rail#assembled=false,facing=up,waterlogged=false:
    minecraft:textures/atlas/blocks.png:cbc_at:block/bronze_rocket_pod
[27srp2026 17:07:59.022] [Worker-ResourceReload-6/WARN] [net.minecraft.client.resources.model.ModelManager/]: Missing textures in model cbc_at:built_up_nethersteel_rifled_barrel#inventory:
    minecraft:textures/atlas/blocks.png:cbc_at:block/built_up_nethersteel_barrel_side
[27srp2026 17:07:59.022] [Worker-ResourceReload-6/WARN] [net.minecraft.client.resources.model.ModelManager/]: Missing textures in model cbc_at:block/twin_autocannon/bronze_vert_recoil_spring#standalone:
    minecraft:textures/atlas/blocks.png:minecraft:0
[27srp2026 17:07:59.023] [Worker-ResourceReload-6/WARN] [net.minecraft.client.resources.model.ModelManager/]: Missing textures in model cbc_at:cast_iron_rocket_pod_breech#facing=north,waterlogged=false:
    minecraft:textures/atlas/blocks.png:cbc_at:block/cast_iron_rocket_pod
[27srp2026 17:07:59.023] [Worker-ResourceReload-6/WARN] [net.minecraft.client.resources.model.ModelManager/]: Missing textures in model cbc_at:built_up_nethersteel_rifled_barrel#facing=south:
    minecraft:textures/atlas/blocks.png:cbc_at:block/built_up_nethersteel_barrel_side
[27srp2026 17:07:59.023] [Worker-ResourceReload-6/WARN] [net.minecraft.client.resources.model.ModelManager/]: Missing textures in model cbc_at:unbored_bronze_rocket_pod_rail#assembled=false,facing=north,waterlogged=false:
    minecraft:textures/atlas/blocks.png:cbc_at:block/bronze_rocket_pod
[27srp2026 17:07:59.023] [Worker-ResourceReload-6/WARN] [net.minecraft.client.resources.model.ModelManager/]: Missing textures in model cbc_at:unbored_steel_rocket_pod_breech#facing=south,waterlogged=false:
    minecraft:textures/atlas/blocks.png:cbc_at:block/bronze_rocket_pod
[27srp2026 17:07:59.023] [Worker-ResourceReload-6/WARN] [net.minecraft.client.resources.model.ModelManager/]: Missing textures in model cbc_at:steel_rocket_pod_breech#facing=east,waterlogged=true:
    minecraft:textures/atlas/blocks.png:cbc_at:block/bronze_rocket_pod
[27srp2026 17:07:59.023] [Worker-ResourceReload-6/WARN] [net.minecraft.client.resources.model.ModelManager/]: Missing textures in model cbc_at:cast_iron_rocket_pod_rail#assembled=false,facing=north,waterlogged=false:
    minecraft:textures/atlas/blocks.png:cbc_at:block/cast_iron_rocket_pod
[27srp2026 17:07:59.023] [Worker-ResourceReload-6/WARN] [net.minecraft.client.resources.model.ModelManager/]: Missing textures in model cbc_at:unbored_cast_iron_rocket_pod_rail#assembled=false,facing=down,waterlogged=true:
    minecraft:textures/atlas/blocks.png:cbc_at:block/cast_iron_rocket_pod
[27srp2026 17:07:59.023] [Worker-ResourceReload-6/WARN] [net.minecraft.client.resources.model.ModelManager/]: Missing textures in model cbc_at:built_up_nethersteel_rifled_barrel#facing=west:
    minecraft:textures/atlas/blocks.png:cbc_at:block/built_up_nethersteel_barrel_side
[27srp2026 17:07:59.023] [Worker-ResourceReload-6/WARN] [net.minecraft.client.resources.model.ModelManager/]: Missing textures in model cbc_at:block/twin_autocannon/cast_iron_recoil_spring#standalone:
    minecraft:textures/atlas/blocks.png:minecraft:0
[27srp2026 17:07:59.023] [Worker-ResourceReload-6/WARN] [net.minecraft.client.resources.model.ModelManager/]: Missing textures in model cbc_at:built_up_nethersteel_rifled_barrel#facing=north:
    minecraft:textures/atlas/blocks.png:cbc_at:block/built_up_nethersteel_barrel_side
[27srp2026 17:07:59.536] [Render thread/INFO] [Veil/]: Loaded 0 shader redirects, 0 replacements
[27srp2026 17:07:59.791] [Render thread/INFO] [Veil/]: Loaded 29 shaders from: pinwheel/shaders/program
[27srp2026 17:07:59.920] [Worker-ResourceReload-10/INFO] [com.mrh0.createaddition.CreateAddition/]: Create Crafts & Additions Initialized!
[27srp2026 17:08:00.037] [Worker-ResourceReload-9/INFO] [snownee.jade.Jade/]: Start loading plugin from ht.treechop.compat.Jade
[27srp2026 17:08:00.075] [Worker-ResourceReload-9/INFO] [snownee.jade.Jade/]: Start loading plugin from de.maxhenkel.corpse.integration.waila.PluginCorpse
[27srp2026 17:08:00.078] [Worker-ResourceReload-9/INFO] [snownee.jade.Jade/]: Start loading plugin from snownee.jade.addon.vanilla.VanillaPlugin
[27srp2026 17:08:00.125] [Worker-ResourceReload-9/INFO] [snownee.jade.Jade/]: Start loading plugin from snownee.jade.addon.universal.UniversalPlugin
[27srp2026 17:08:00.141] [Worker-ResourceReload-9/INFO] [snownee.jade.Jade/]: Start loading plugin from snownee.jade.addon.debug.DebugPlugin
[27srp2026 17:08:00.152] [Worker-ResourceReload-9/INFO] [snownee.jade.Jade/]: Start loading plugin from snownee.jade.addon.core.CorePlugin
[27srp2026 17:08:00.163] [Worker-ResourceReload-9/INFO] [snownee.jade.Jade/]: Start loading plugin from snownee.jade.addon.access.AccessibilityPlugin
[27srp2026 17:08:00.171] [Worker-ResourceReload-9/INFO] [snownee.jade.Jade/]: Start loading plugin from com.jaquadro.minecraft.storagedrawers.integration.Waila
[27srp2026 17:08:00.173] [Worker-ResourceReload-9/INFO] [snownee.jade.Jade/]: Start loading plugin from noobanidus.mods.lootr.common.integration.jade.LootrWailaPlugin
[27srp2026 17:08:00.178] [Worker-ResourceReload-2/INFO] [com.happysg.radar.CreateRadar/]: Registering Ponder!
[27srp2026 17:08:00.381] [Worker-ResourceReload-2/INFO] [PonderIndex/]: Registering Ponder Scenes took 462.9 ms
[27srp2026 17:08:00.402] [Worker-ResourceReload-2/INFO] [PonderIndex/]: Registering Ponder Tags took 20.78 ms
[27srp2026 17:08:00.690] [Render thread/INFO] [Create cobblestone NeoForge/]: Registering packets for Create cobblestone NeoForge
[27srp2026 17:08:00.928] [Render thread/WARN] [net.minecraft.client.sounds.SoundEngine/]: Missing sound for event: minecraft:item.goat_horn.play
[27srp2026 17:08:00.928] [Render thread/WARN] [net.minecraft.client.sounds.SoundEngine/]: Missing sound for event: minecraft:entity.goat.screaming.horn_break
[27srp2026 17:08:01.962] [Render thread/INFO] [com.mojang.blaze3d.audio.Library/]: OpenAL initialized on device OpenAL Soft on Headphones (Realtek(R) Audio)
[27srp2026 17:08:01.963] [Render thread/INFO] [Sound Physics - General/]: Initializing Sound Physics
[27srp2026 17:08:01.963] [Render thread/INFO] [Sound Physics - General/]: EFX Extension recognized
[27srp2026 17:08:01.963] [Render thread/INFO] [Sound Physics - General/]: Max auxiliary sends: 4
[27srp2026 17:08:01.967] [Render thread/INFO] [Sound Physics - General/]: Aux slot 1 created
[27srp2026 17:08:01.968] [Render thread/INFO] [Sound Physics - General/]: Aux slot 2 created
[27srp2026 17:08:01.968] [Render thread/INFO] [Sound Physics - General/]: Aux slot 3 created
[27srp2026 17:08:01.968] [Render thread/INFO] [Sound Physics - General/]: Aux slot 4 created
[27srp2026 17:08:01.975] [Render thread/INFO] [Sound Physics - General/]: EFX ready
[27srp2026 17:08:01.979] [Render thread/INFO] [net.minecraft.client.sounds.SoundEngine/SOUNDS]: Sound engine started
[27srp2026 17:08:02.178] [Render thread/INFO] [net.minecraft.client.renderer.texture.TextureAtlas/]: Created: 4096x4096x4 minecraft:textures/atlas/blocks.png-atlas
[27srp2026 17:08:02.405] [Render thread/INFO] [net.minecraft.client.renderer.texture.TextureAtlas/]: Created: 512x256x4 minecraft:textures/atlas/signs.png-atlas
[27srp2026 17:08:02.407] [Render thread/INFO] [net.minecraft.client.renderer.texture.TextureAtlas/]: Created: 512x512x4 minecraft:textures/atlas/shield_patterns.png-atlas
[27srp2026 17:08:02.410] [Render thread/INFO] [net.minecraft.client.renderer.texture.TextureAtlas/]: Created: 512x512x4 minecraft:textures/atlas/banner_patterns.png-atlas
[27srp2026 17:08:02.413] [Render thread/INFO] [net.minecraft.client.renderer.texture.TextureAtlas/]: Created: 2048x1024x4 minecraft:textures/atlas/armor_trims.png-atlas
[27srp2026 17:08:02.429] [Render thread/INFO] [net.minecraft.client.renderer.texture.TextureAtlas/]: Created: 128x128x4 minecraft:textures/atlas/decorated_pot.png-atlas
[27srp2026 17:08:02.431] [Render thread/INFO] [net.minecraft.client.renderer.texture.TextureAtlas/]: Created: 512x256x4 minecraft:textures/atlas/chest.png-atlas
[27srp2026 17:08:02.432] [Render thread/INFO] [net.minecraft.client.renderer.texture.TextureAtlas/]: Created: 512x256x4 minecraft:textures/atlas/shulker_boxes.png-atlas
[27srp2026 17:08:02.434] [Render thread/INFO] [net.minecraft.client.renderer.texture.TextureAtlas/]: Created: 512x256x4 minecraft:textures/atlas/beds.png-atlas
[27srp2026 17:08:02.736] [Render thread/INFO] [net.minecraft.client.renderer.texture.TextureAtlas/]: Created: 512x512x0 minecraft:textures/atlas/particles.png-atlas
[27srp2026 17:08:02.742] [Render thread/INFO] [net.minecraft.client.renderer.texture.TextureAtlas/]: Created: 512x256x0 minecraft:textures/atlas/paintings.png-atlas
[27srp2026 17:08:02.743] [Render thread/INFO] [net.minecraft.client.renderer.texture.TextureAtlas/]: Created: 256x128x0 minecraft:textures/atlas/mob_effects.png-atlas
[27srp2026 17:08:02.745] [Render thread/INFO] [net.minecraft.client.renderer.texture.TextureAtlas/]: Created: 256x256x0 minecraft:textures/atlas/map_decorations.png-atlas
[27srp2026 17:08:02.748] [Render thread/INFO] [net.minecraft.client.renderer.texture.TextureAtlas/]: Created: 1024x512x0 minecraft:textures/atlas/gui.png-atlas
[27srp2026 17:08:02.842] [Render thread/WARN] [net.minecraft.client.renderer.ShaderInstance/]: Shader rendertype_entity_translucent_emissive could not find sampler named Sampler2 in the specified shader program.
[27srp2026 17:08:03.083] [Render thread/INFO] [net.neoforged.neoforge.client.entity.animation.json.AnimationLoader/]: Loaded 0 entity animations
[27srp2026 17:08:03.083] [Render thread/INFO] [Veil/]: Loaded 3 framebuffers
[27srp2026 17:08:03.111] [Render thread/INFO] [Veil/]: Loaded 6 post pipelines
[27srp2026 17:08:03.122] [Render thread/INFO] [Veil/]: Loaded 4 render types
[27srp2026 17:08:03.122] [Render thread/INFO] [Veil/]: Enabled bloom pipeline
[27srp2026 17:08:03.124] [Render thread/INFO] [Veil/]: Loaded 0 quasar particles
[27srp2026 17:08:03.125] [Render thread/INFO] [Veil/]: Loaded 0 templates
[27srp2026 17:08:03.125] [Render thread/INFO] [Veil/]: Loaded 0 modules
[27srp2026 17:08:04.080] [Render thread/INFO] [Veil/]: Compiled 62 vanilla shaders in 1.036 s
[27srp2026 17:08:04.130] [Render thread/INFO] [net.minecraft.client.renderer.texture.TextureAtlas/]: Created: 256x256x0 jei:textures/atlas/gui.png-atlas
[27srp2026 17:08:04.174] [Render thread/INFO] [xaero.lib.XaeroLib/]: Successfully reloaded the XaeroLib shaders!
[27srp2026 17:08:04.232] [Render thread/INFO] [flywheel/backend/shaders/]: Loaded 79 shader sources in 43,339 ms
[27srp2026 17:08:04.269] [Render thread/INFO] [com.simibubi.create.Create/]: Loaded 58 train hat configurations.
[27srp2026 17:08:04.337] [Render thread/INFO] [rechiseled/]: 1 chiseling plugins were registered: [rechiseled:datapacks]
[27srp2026 17:08:04.349] [Render thread/INFO] [DistantHorizons-DistantHorizons-com.seibel.distanthorizons.core.jar.updater.SelfUpdater/]: Checking for Distant Horizons [STABLE] update for MC [1.21.1]...
[27srp2026 17:08:04.688] [Render thread/INFO] [DistantHorizons-DistantHorizons-com.seibel.distanthorizons.core.jar.updater.SelfUpdater/]: Distant Horizons already up to date.
[27srp2026 17:08:05.078] [Render thread/INFO] [com.dipilodopilasaurus.putapluginit.ImmediatelyFastCompat/]: [papi] Compatibility targets detected: immediatelyfast=true, memoryleakfix=false
[27srp2026 17:08:05.707] [Render thread/INFO] [Veil/]: Finished uploading vanilla shaders
[27srp2026 17:08:06.328] [Render thread/WARN] [ModernFix/]: Game took 67.421 seconds to start
[27srp2026 17:08:07.081] [Render thread/WARN] [net.minecraft.client.renderer.ShaderInstance/]: Shader cabb2374eda405e66b897908637abd1da5deac52 could not find uniform named subpixel_amount in the specified shader program.
[27srp2026 17:08:12.142] [Render thread/WARN] [net.neoforged.neoforge.common.CommonHooks/WP]: The following mods have version differences that were not resolved:
connector (version 2.0.0-beta.17+1.21.1 -> MISSING)
fabric_api (version 0.116.15+2.3.5+1.21.1 -> MISSING)
fabric_api_base (version 0.4.42+d1308ded19 -> MISSING)
fabric_api_lookup_api_v1 (version 1.6.72+6244b11119 -> MISSING)
fabric_biome_api_v1 (version 13.0.31+1e62d33c19 -> MISSING)
fabric_block_api_v1 (version 1.1.0+b0c22bb819 -> MISSING)
fabric_block_view_api_v2 (version 1.0.11+e9036fd419 -> MISSING)
fabric_blockrenderlayer_v1 (version 1.1.52+c290471319 -> MISSING)
fabric_client_tags_api_v1 (version 1.2.0+5adff2d719 -> MISSING)
fabric_command_api_v2 (version 2.2.28+36d727be19 -> MISSING)
fabric_content_registries_v0 (version 8.0.19+5e0d320019 -> MISSING)
fabric_convention_tags_v1 (version 2.1.7+7f945d5b19 -> MISSING)
fabric_convention_tags_v2 (version 2.12.0+75d3639619 -> MISSING)
fabric_data_attachment_api_v1 (version 1.4.7+26d408aa19 -> MISSING)
fabric_data_generation_api_v1 (version 20.3.0+3e2bcb4b19 -> MISSING)
fabric_entity_events_v1 (version 1.8.0+e46a02ca19 -> MISSING)
fabric_events_interaction_v0 (version 0.7.14+057f5afd19 -> MISSING)
fabric_game_rule_api_v1 (version 1.0.53+36d727be19 -> MISSING)
fabric_gametest_api_v1 (version 2.0.5+29f188ce19 -> MISSING)
fabric_item_api_v1 (version 11.3.0+b24c12f719 -> MISSING)
fabric_item_group_api_v1 (version 4.1.7+e324903319 -> MISSING)
fabric_key_binding_api_v1 (version 1.0.47+62cc7ce119 -> MISSING)
fabric_lifecycle_events_v1 (version 2.6.0+e40d8add19 -> MISSING)
fabric_loot_api_v2 (version 3.0.15+a3ee712d19 -> MISSING)
fabric_loot_api_v3 (version 1.0.3+333dfad919 -> MISSING)
fabric_message_api_v1 (version 6.0.14+6a754fce19 -> MISSING)
fabric_model_loading_api_v1 (version 2.1.0+6e8f52c719 -> MISSING)
fabric_networking_api_v1 (version 4.3.1+7e3d421f19 -> MISSING)
fabric_object_builder_api_v1 (version 15.2.1+cc242efd19 -> MISSING)
fabric_particles_v1 (version 4.0.2+824f924c19 -> MISSING)
fabric_recipe_api_v1 (version 5.0.16+59440bcc19 -> MISSING)
fabric_registry_sync_v0 (version 5.3.2+f9aace1619 -> MISSING)
fabric_renderer_api_v1 (version 3.4.1+9125b6dc19 -> MISSING)
fabric_renderer_indigo (version 1.7.1+9125b6dc19 -> MISSING)
fabric_renderer_registries_v1 (version 3.2.69+df3654b319 -> MISSING)
fabric_rendering_data_attachment_v1 (version 0.3.49+73761d2e19 -> MISSING)
fabric_rendering_fluids_v1 (version 3.1.6+ddc51b4719 -> MISSING)
fabric_rendering_v1 (version 5.1.0+1a09bd5a19 -> MISSING)
fabric_resource_conditions_api_v1 (version 4.3.0+5bdd099819 -> MISSING)
fabric_resource_loader_v0 (version 1.3.1+4ea8954419 -> MISSING)
fabric_screen_api_v1 (version 2.0.26+9991ca2f19 -> MISSING)
fabric_screen_handler_api_v1 (version 1.3.91+8dbc56dd19 -> MISSING)
fabric_sound_api_v1 (version 1.0.23+10b84f8419 -> MISSING)
fabric_tag_api_v1 (version 1.3.0+3e2bcb4b19 -> MISSING)
fabric_transfer_api_v1 (version 5.4.4+6244b11119 -> MISSING)
fabric_transitive_access_wideners_v1 (version 6.2.0+6c854b6f19 -> MISSING)
forgified_fabric_api (version 0.116.15+2.3.5+1.21.1 -> MISSING)
Things may not work well.
[27srp2026 17:08:12.700] [Render thread/INFO] [com.simibubi.create.Create/]: Created 177 recipes which will be injected into the game
[27srp2026 17:08:12.705] [Render thread/INFO] [com.simibubi.create.Create/]: Created 12 tags which will be injected into the game
[27srp2026 17:08:12.718] [Render thread/INFO] [plus.dragons.createdragonsplus.data.runtime.RuntimePackResources/]: Starting provider [plus.dragons.createdragonsplus.data.internal.CDPRuntimeRecipeProvider@ef5a84] for runtime resource [create_dragons_plus:runtime]
[27srp2026 17:08:12.745] [Render thread/INFO] [plus.dragons.createdragonsplus.data.runtime.RuntimePackResources/]: plus.dragons.createdragonsplus.data.internal.CDPRuntimeRecipeProvider@ef5a84 finished after 27 ms
[27srp2026 17:08:12.807] [Render thread/WARN] [net.minecraft.server.MinecraftServer/]: Missing data pack fabric
[27srp2026 17:08:14.462] [Worker-ResourceReload-10/ERROR] [net.minecraft.world.level.storage.loot.LootDataType/]: Couldn't parse element ResourceKey[minecraft:root / minecraft:loot_table]:create_connected:blocks/dye_depot_amber_fan_dyeing_catalyst - Unknown registry key in ResourceKey[minecraft:root / minecraft:item]: create_connected:dye_depot_amber_fan_dyeing_catalyst
[27srp2026 17:08:14.533] [Worker-ResourceReload-10/ERROR] [net.minecraft.world.level.storage.loot.LootDataType/]: Couldn't parse element ResourceKey[minecraft:root / minecraft:loot_table]:create_enchantment_industry:blocks/gem_cutter - Unknown registry key in ResourceKey[minecraft:root / minecraft:item]: create_enchantment_industry:gem_cutter
[27srp2026 17:08:14.559] [Worker-ResourceReload-10/ERROR] [net.minecraft.world.level.storage.loot.LootDataType/]: Couldn't parse element ResourceKey[minecraft:root / minecraft:loot_table]:create_connected:blocks/dye_depot_slate_fan_dyeing_catalyst - Unknown registry key in ResourceKey[minecraft:root / minecraft:item]: create_connected:dye_depot_slate_fan_dyeing_catalyst
[27srp2026 17:08:14.590] [Worker-ResourceReload-10/ERROR] [net.minecraft.world.level.storage.loot.LootDataType/]: Couldn't parse element ResourceKey[minecraft:root / minecraft:loot_table]:create_connected:blocks/dye_depot_rose_fan_dyeing_catalyst - Unknown registry key in ResourceKey[minecraft:root / minecraft:item]: create_connected:dye_depot_rose_fan_dyeing_catalyst
[27srp2026 17:08:14.609] [Worker-ResourceReload-10/ERROR] [net.minecraft.world.level.storage.loot.LootDataType/]: Couldn't parse element ResourceKey[minecraft:root / minecraft:loot_table]:create_connected:blocks/dye_depot_mint_fan_dyeing_catalyst - Unknown registry key in ResourceKey[minecraft:root / minecraft:item]: create_connected:dye_depot_mint_fan_dyeing_catalyst
[27srp2026 17:08:14.619] [Worker-ResourceReload-10/ERROR] [net.minecraft.world.level.storage.loot.LootDataType/]: Couldn't parse element ResourceKey[minecraft:root / minecraft:loot_table]:create_enchantment_industry:blocks/affix_augmentor - Unknown registry key in ResourceKey[minecraft:root / minecraft:item]: create_enchantment_industry:affix_augmentor
[27srp2026 17:08:14.622] [Worker-ResourceReload-10/ERROR] [net.minecraft.world.level.storage.loot.LootDataType/]: Couldn't parse element ResourceKey[minecraft:root / minecraft:loot_table]:create_enchantment_industry:blocks/brass_bookshelf - Unknown registry key in ResourceKey[minecraft:root / minecraft:item]: create_enchantment_industry:brass_bookshelf
[27srp2026 17:08:14.661] [Worker-ResourceReload-10/ERROR] [net.minecraft.world.level.storage.loot.LootDataType/]: Couldn't parse element ResourceKey[minecraft:root / minecraft:loot_table]:create_enchantment_industry:blocks/creative_bookshelf - Unknown registry key in ResourceKey[minecraft:root / minecraft:item]: create_enchantment_industry:creative_bookshelf
[27srp2026 17:08:14.671] [Worker-ResourceReload-10/ERROR] [net.minecraft.world.level.storage.loot.LootDataType/]: Couldn't parse element ResourceKey[minecraft:root / minecraft:loot_table]:create_connected:blocks/dye_depot_tan_fan_dyeing_catalyst - Unknown registry key in ResourceKey[minecraft:root / minecraft:item]: create_connected:dye_depot_tan_fan_dyeing_catalyst
[27srp2026 17:08:14.675] [Worker-ResourceReload-10/ERROR] [net.minecraft.world.level.storage.loot.LootDataType/]: Couldn't parse element ResourceKey[minecraft:root / minecraft:loot_table]:create_connected:blocks/dye_depot_indigo_fan_dyeing_catalyst - Unknown registry key in ResourceKey[minecraft:root / minecraft:item]: create_connected:dye_depot_indigo_fan_dyeing_catalyst
[27srp2026 17:08:14.679] [Worker-ResourceReload-10/ERROR] [net.minecraft.world.level.storage.loot.LootDataType/]: Couldn't parse element ResourceKey[minecraft:root / minecraft:loot_table]:create_connected:blocks/dye_depot_navy_fan_dyeing_catalyst - Unknown registry key in ResourceKey[minecraft:root / minecraft:item]: create_connected:dye_depot_navy_fan_dyeing_catalyst
[27srp2026 17:08:14.699] [Worker-ResourceReload-10/ERROR] [net.minecraft.world.level.storage.loot.LootDataType/]: Couldn't parse element ResourceKey[minecraft:root / minecraft:loot_table]:create_connected:blocks/dye_depot_coral_fan_dyeing_catalyst - Unknown registry key in ResourceKey[minecraft:root / minecraft:item]: create_connected:dye_depot_coral_fan_dyeing_catalyst
[27srp2026 17:08:14.708] [Worker-ResourceReload-10/ERROR] [net.minecraft.world.level.storage.loot.LootDataType/]: Couldn't parse element ResourceKey[minecraft:root / minecraft:loot_table]:create_connected:blocks/dye_depot_forest_fan_dyeing_catalyst - Unknown registry key in ResourceKey[minecraft:root / minecraft:item]: create_connected:dye_depot_forest_fan_dyeing_catalyst
[27srp2026 17:08:14.728] [Worker-ResourceReload-10/ERROR] [net.minecraft.world.level.storage.loot.LootDataType/]: Couldn't parse element ResourceKey[minecraft:root / minecraft:loot_table]:create_connected:blocks/dye_depot_aqua_fan_dyeing_catalyst - Unknown registry key in ResourceKey[minecraft:root / minecraft:item]: create_connected:dye_depot_aqua_fan_dyeing_catalyst
[27srp2026 17:08:14.743] [Worker-ResourceReload-10/ERROR] [net.minecraft.world.level.storage.loot.LootDataType/]: Couldn't parse element ResourceKey[minecraft:root / minecraft:loot_table]:create_connected:blocks/dye_depot_ginger_fan_dyeing_catalyst - Unknown registry key in ResourceKey[minecraft:root / minecraft:item]: create_connected:dye_depot_ginger_fan_dyeing_catalyst
[27srp2026 17:08:14.774] [Worker-ResourceReload-10/ERROR] [net.minecraft.world.level.storage.loot.LootDataType/]: Couldn't parse element ResourceKey[minecraft:root / minecraft:loot_table]:create_connected:blocks/dye_depot_maroon_fan_dyeing_catalyst - Unknown registry key in ResourceKey[minecraft:root / minecraft:item]: create_connected:dye_depot_maroon_fan_dyeing_catalyst
[27srp2026 17:08:14.783] [Worker-ResourceReload-10/ERROR] [net.minecraft.world.level.storage.loot.LootDataType/]: Couldn't parse element ResourceKey[minecraft:root / minecraft:loot_table]:create_enchantment_industry:blocks/ender_woven_bag - Unknown registry key in ResourceKey[minecraft:root / minecraft:data_component_type]: create_enchantment_industry:stored_entities; Unknown registry key in ResourceKey[minecraft:root / minecraft:item]: create_enchantment_industry:ender_woven_bag
[27srp2026 17:08:14.790] [Worker-ResourceReload-10/ERROR] [net.minecraft.world.level.storage.loot.LootDataType/]: Couldn't parse element ResourceKey[minecraft:root / minecraft:loot_table]:create_connected:blocks/dye_depot_olive_fan_dyeing_catalyst - Unknown registry key in ResourceKey[minecraft:root / minecraft:item]: create_connected:dye_depot_olive_fan_dyeing_catalyst
[27srp2026 17:08:14.799] [Worker-ResourceReload-10/ERROR] [net.minecraft.world.level.storage.loot.LootDataType/]: Couldn't parse element ResourceKey[minecraft:root / minecraft:loot_table]:create_connected:blocks/dye_depot_verdant_fan_dyeing_catalyst - Unknown registry key in ResourceKey[minecraft:root / minecraft:item]: create_connected:dye_depot_verdant_fan_dyeing_catalyst
[27srp2026 17:08:14.809] [Worker-ResourceReload-10/ERROR] [net.minecraft.world.level.storage.loot.LootDataType/]: Couldn't parse element ResourceKey[minecraft:root / minecraft:loot_table]:create_connected:blocks/dye_depot_beige_fan_dyeing_catalyst - Unknown registry key in ResourceKey[minecraft:root / minecraft:item]: create_connected:dye_depot_beige_fan_dyeing_catalyst
[27srp2026 17:08:14.816] [Worker-ResourceReload-10/ERROR] [net.minecraft.world.level.storage.loot.LootDataType/]: Couldn't parse element ResourceKey[minecraft:root / minecraft:loot_table]:create_enchantment_industry:blocks/infuser - Unknown registry key in ResourceKey[minecraft:root / minecraft:item]: create_enchantment_industry:infuser
[27srp2026 17:08:14.827] [Worker-ResourceReload-10/ERROR] [net.minecraft.world.level.storage.loot.LootDataType/]: Couldn't parse element ResourceKey[minecraft:root / minecraft:loot_table]:create_connected:blocks/dye_depot_teal_fan_dyeing_catalyst - Unknown registry key in ResourceKey[minecraft:root / minecraft:item]: create_connected:dye_depot_teal_fan_dyeing_catalyst
[27srp2026 17:08:15.514] [Worker-ResourceReload-10/WARN] [createliquidfuel/]: addReloadListeners called
[27srp2026 17:08:16.305] [Render thread/ERROR] [net.minecraft.world.item.crafting.RecipeManager/]: Parsing error loading recipe cbc_at:cutting/rocket_pod_breech_cast_mould: com.google.gson.JsonParseException: Failed to parse either. First: No key amount in MapLike[{"item":"cbc_at:rocket_pod_breech_mould"}]; No key id in MapLike[{"item":"cbc_at:rocket_pod_breech_mould"}]; Second: Failed to parse either. First: No key id in MapLike[{"item":"cbc_at:rocket_pod_breech_mould"}]; Second: Failed to parse either. First: Not a JSON object: "cbc_at:rocket_pod_breech_mould"; Second: Compat cannot be deserialized
[27srp2026 17:08:16.417] [Render thread/ERROR] [net.minecraft.world.item.crafting.RecipeManager/]: Parsing error loading recipe cbc_at:munition/rocket/rocket_fuzing: com.google.gson.JsonParseException: Unknown registry key in ResourceKey[minecraft:root / minecraft:recipe_serializer]: cbc_at:rocket_munition_fuzing
[27srp2026 17:08:16.459] [Render thread/ERROR] [net.minecraft.world.item.crafting.RecipeManager/]: Parsing error loading recipe cbc_at:cutting/twin_autocannon_barrel_cast_mould: com.google.gson.JsonParseException: Failed to parse either. First: No key amount in MapLike[{"item":"cbc_at:twin_autocannon_barrel_mould"}]; No key id in MapLike[{"item":"cbc_at:twin_autocannon_barrel_mould"}]; Second: Failed to parse either. First: No key id in MapLike[{"item":"cbc_at:twin_autocannon_barrel_mould"}]; Second: Failed to parse either. First: Not a JSON object: "cbc_at:twin_autocannon_barrel_mould"; Second: Compat cannot be deserialized
[27srp2026 17:08:16.485] [Render thread/ERROR] [net.minecraft.world.item.crafting.RecipeManager/]: Parsing error loading recipe cbc_at:cutting/rocket_pod_rail_cast_mould: com.google.gson.JsonParseException: Failed to parse either. First: No key amount in MapLike[{"item":"cbc_at:rocket_pod_rail_mould"}]; No key id in MapLike[{"item":"cbc_at:rocket_pod_rail_mould"}]; Second: Failed to parse either. First: No key id in MapLike[{"item":"cbc_at:rocket_pod_rail_mould"}]; Second: Failed to parse either. First: Not a JSON object: "cbc_at:rocket_pod_rail_mould"; Second: Compat cannot be deserialized
[27srp2026 17:08:16.511] [Render thread/ERROR] [net.minecraft.world.item.crafting.RecipeManager/]: Parsing error loading recipe createdeco:placard: com.google.gson.JsonParseException: Failed to parse either. First: Not a json array: {"id":"minecraft:white_dye"}; Second: No key tag in MapLike[{"id":"minecraft:white_dye"}]; No key item in MapLike[{"id":"minecraft:white_dye"}]
[27srp2026 17:08:16.696] [Render thread/INFO] [net.minecraft.world.item.crafting.RecipeManager/]: Loaded 7975 recipes
[27srp2026 17:08:17.338] [Render thread/INFO] [net.minecraft.advancements.AdvancementTree/]: Loaded 6431 advancements
[27srp2026 17:08:17.384] [Render thread/INFO] [Curios API/]: Loaded 10 curio slots
[27srp2026 17:08:17.394] [Render thread/INFO] [Curios API/]: Loaded 1 curio entities
[27srp2026 17:08:17.415] [Render thread/INFO] [Moonlight/]: Failed to load custom color set definition {"id":"quark:rune","colors":{"default":"quark:blank_rune"},"replace":false}. Ignoring
[27srp2026 17:08:17.416] [Render thread/INFO] [Moonlight/]: Failed to load custom color set definition {"id":"suppsquared:sack","colors":{"default":"supplementaries:sack"},"replace":false}. Ignoring
[27srp2026 17:08:17.416] [Render thread/INFO] [Moonlight/]: Failed to load custom color set definition {"id":"quark:shard","colors":{"default":"quark:clear_shard"},"replace":false}. Ignoring
[27srp2026 17:08:17.460] [Render thread/INFO] [com.drmangotea.tfmg.TFMG/]: Added 8 Engine Fuel Types
[27srp2026 17:08:17.463] [Render thread/INFO] [Create cobblestone NeoForge/]: Generator types cleared
[27srp2026 17:08:17.463] [Render thread/INFO] [Create cobblestone NeoForge/]: Loading generator types from datapacks
[27srp2026 17:08:17.467] [Render thread/INFO] [Create cobblestone NeoForge/]: Generator types loading done
[27srp2026 17:08:17.518] [Render thread/INFO] [rechiseled/]: Loaded 44 chiseling recipes
[27srp2026 17:08:17.694] [Render thread/ERROR] [net.neoforged.neoforge.registries.DataMapLoader/]: Object with ID createqol:superheated_lava specified in data map for registry minecraft:fluid doesn't exist
[27srp2026 17:08:18.191] [Render thread/INFO] [Slice & Dice/]: Injecting recipes
[27srp2026 17:08:18.262] [Render thread/WARN] [ModernFix/]: Initial datapack load took 5.496 s
[27srp2026 17:08:18.473] [Server thread/INFO] [net.minecraft.client.server.IntegratedServer/]: Starting integrated minecraft server version 1.21.1
[27srp2026 17:08:18.473] [Server thread/INFO] [net.minecraft.server.MinecraftServer/]: Generating keypair
[27srp2026 17:08:18.548] [Server thread/INFO] [net.neoforged.fml.config.ConfigTracker/CONFIG]: Found config file override in path C:\Users\misac_2cf3zzc\AppData\Roaming\ModrinthApp\profiles\Create_ Paradise\saves\Create_ Paradise\serverconfig\ritchiesprojectilelib-server.toml
[27srp2026 17:08:18.553] [Server thread/INFO] [net.neoforged.fml.config.ConfigTracker/CONFIG]: Found config file override in path C:\Users\misac_2cf3zzc\AppData\Roaming\ModrinthApp\profiles\Create_ Paradise\saves\Create_ Paradise\serverconfig\drill_drain-server.toml
[27srp2026 17:08:18.556] [Server thread/INFO] [net.neoforged.fml.config.ConfigTracker/CONFIG]: Found config file override in path C:\Users\misac_2cf3zzc\AppData\Roaming\ModrinthApp\profiles\Create_ Paradise\saves\Create_ Paradise\serverconfig\sophisticatedbackpacks-server.toml
[27srp2026 17:08:18.563] [Server thread/INFO] [net.neoforged.fml.config.ConfigTracker/CONFIG]: Found config file override in path C:\Users\misac_2cf3zzc\AppData\Roaming\ModrinthApp\profiles\Create_ Paradise\saves\Create_ Paradise\serverconfig\corpse-server.toml
[27srp2026 17:08:18.565] [Server thread/INFO] [net.neoforged.fml.config.ConfigTracker/CONFIG]: Found config file override in path C:\Users\misac_2cf3zzc\AppData\Roaming\ModrinthApp\profiles\Create_ Paradise\saves\Create_ Paradise\serverconfig\curios-server.toml
[27srp2026 17:08:18.568] [Server thread/INFO] [net.neoforged.fml.config.ConfigTracker/CONFIG]: Found config file override in path C:\Users\misac_2cf3zzc\AppData\Roaming\ModrinthApp\profiles\Create_ Paradise\saves\Create_ Paradise\serverconfig\jei-server.toml
[27srp2026 17:08:18.571] [Server thread/INFO] [net.neoforged.fml.config.ConfigTracker/CONFIG]: Found config file override in path C:\Users\misac_2cf3zzc\AppData\Roaming\ModrinthApp\profiles\Create_ Paradise\saves\Create_ Paradise\serverconfig\escalated-server.toml
[27srp2026 17:08:18.574] [Server thread/INFO] [net.neoforged.fml.config.ConfigTracker/CONFIG]: Found config file override in path C:\Users\misac_2cf3zzc\AppData\Roaming\ModrinthApp\profiles\Create_ Paradise\saves\Create_ Paradise\serverconfig\create_connected-server.toml
[27srp2026 17:08:18.579] [Server thread/INFO] [net.neoforged.fml.config.ConfigTracker/CONFIG]: Found config file override in path C:\Users\misac_2cf3zzc\AppData\Roaming\ModrinthApp\profiles\Create_ Paradise\saves\Create_ Paradise\serverconfig\copycats-server.toml
[27srp2026 17:08:18.586] [Server thread/INFO] [net.neoforged.fml.config.ConfigTracker/CONFIG]: Found config file override in path C:\Users\misac_2cf3zzc\AppData\Roaming\ModrinthApp\profiles\Create_ Paradise\saves\Create_ Paradise\serverconfig\create_radar-server.toml
[27srp2026 17:08:18.589] [Server thread/INFO] [net.neoforged.fml.config.ConfigTracker/CONFIG]: Found config file override in path C:\Users\misac_2cf3zzc\AppData\Roaming\ModrinthApp\profiles\Create_ Paradise\saves\Create_ Paradise\serverconfig\create_power_loader-server.toml
[27srp2026 17:08:18.592] [Server thread/INFO] [net.neoforged.fml.config.ConfigTracker/CONFIG]: Found config file override in path C:\Users\misac_2cf3zzc\AppData\Roaming\ModrinthApp\profiles\Create_ Paradise\saves\Create_ Paradise\serverconfig\cbc_at-server.toml
[27srp2026 17:08:18.594] [Server thread/INFO] [net.neoforged.fml.config.ConfigTracker/CONFIG]: Found config file override in path C:\Users\misac_2cf3zzc\AppData\Roaming\ModrinthApp\profiles\Create_ Paradise\saves\Create_ Paradise\serverconfig\createbigcannons-server.toml
[27srp2026 17:08:18.599] [Server thread/INFO] [net.neoforged.fml.config.ConfigTracker/CONFIG]: Found config file override in path C:\Users\misac_2cf3zzc\AppData\Roaming\ModrinthApp\profiles\Create_ Paradise\saves\Create_ Paradise\serverconfig\tfmg-server.toml
[27srp2026 17:08:18.602] [Server thread/INFO] [net.neoforged.fml.config.ConfigTracker/CONFIG]: Found config file override in path C:\Users\misac_2cf3zzc\AppData\Roaming\ModrinthApp\profiles\Create_ Paradise\saves\Create_ Paradise\serverconfig\create-server.toml
[27srp2026 17:08:18.612] [Server thread/INFO] [net.neoforged.fml.config.ConfigTracker/CONFIG]: Found config file override in path C:\Users\misac_2cf3zzc\AppData\Roaming\ModrinthApp\profiles\Create_ Paradise\saves\Create_ Paradise\serverconfig\create_enchantment_industry-server.toml
[27srp2026 17:08:18.700] [Server thread/INFO] [DistantHorizons-DistantHorizons-com.seibel.distanthorizons.core.world.AbstractDhWorld/]: Started DhWorld of type [CLIENT_SERVER].
[27srp2026 17:08:18.841] [Server thread/INFO] [dev.ryanhcode.sable.Sable/]: Creating physics pipeline for ResourceKey[minecraft:dimension / minecraft:overworld] using RapierPhysicsPipelineProvider
[27srp2026 17:08:18.861] [Server thread/INFO] [dev.ryanhcode.sable.Sable/]: Using game directory relative Sable Rapier native directory C:\Users\misac_2cf3zzc\AppData\Roaming\ModrinthApp\profiles\Create_ Paradise\.sable\natives
[27srp2026 17:08:19.061] [Server thread/ERROR] [dev.ryanhcode.sable.Sable/]: Failed to apply tag physics properties. Unknown block: copycats:copycat_step
[27srp2026 17:08:19.099] [Server thread/ERROR] [dev.ryanhcode.sable.Sable/]: Failed to apply tag physics properties. Unknown block: copycats:copycat_catwalk
[27srp2026 17:08:19.780] [DH-Full Data Migration Thread[0]/INFO] [DistantHorizons-DistantHorizons-com.seibel.distanthorizons.core.file.fullDatafile.V2.DataMigratorV1/]: No migration necessary.
[27srp2026 17:08:19.791] [Server thread/INFO] [DistantHorizons-DistantHorizons-com.seibel.distanthorizons.core.level.AbstractDhServerLevel/]: Started DhClientServerLevel for [Wrapped{ServerLevel[Create: Paradise]@minecraft:overworld}] at [[LocalSaveStructure@(C:\Users\misac_2cf3zzc\AppData\Roaming\ModrinthApp\profiles\Create_ Paradise\saves\Create_ Paradise\data)]].
[27srp2026 17:08:19.817] [Server thread/INFO] [dev.ryanhcode.sable.Sable/]: Creating physics pipeline for ResourceKey[minecraft:dimension / minecraft:the_end] using RapierPhysicsPipelineProvider
[27srp2026 17:08:19.818] [Server thread/ERROR] [dev.ryanhcode.sable.Sable/]: Failed to apply tag physics properties. Unknown block: copycats:copycat_step
[27srp2026 17:08:19.836] [Server thread/ERROR] [dev.ryanhcode.sable.Sable/]: Failed to apply tag physics properties. Unknown block: copycats:copycat_catwalk
[27srp2026 17:08:19.893] [DH-Full Data Migration Thread[0]/INFO] [DistantHorizons-DistantHorizons-com.seibel.distanthorizons.core.file.fullDatafile.V2.DataMigratorV1/]: No migration necessary.
[27srp2026 17:08:19.904] [Server thread/INFO] [DistantHorizons-DistantHorizons-com.seibel.distanthorizons.core.level.AbstractDhServerLevel/]: Started DhClientServerLevel for [Wrapped{ServerLevel[Create: Paradise]@minecraft:the_end}] at [[LocalSaveStructure@(C:\Users\misac_2cf3zzc\AppData\Roaming\ModrinthApp\profiles\Create_ Paradise\saves\Create_ Paradise\DIM1\data;C:\Users\misac_2cf3zzc\AppData\Roaming\ModrinthApp\profiles\Create_ Paradise\saves\Create_ Paradise\data)]].
[27srp2026 17:08:19.905] [Server thread/INFO] [dev.ryanhcode.sable.Sable/]: Creating physics pipeline for ResourceKey[minecraft:dimension / minecraft:the_nether] using RapierPhysicsPipelineProvider
[27srp2026 17:08:19.905] [Server thread/ERROR] [dev.ryanhcode.sable.Sable/]: Failed to apply tag physics properties. Unknown block: copycats:copycat_step
[27srp2026 17:08:19.922] [Server thread/ERROR] [dev.ryanhcode.sable.Sable/]: Failed to apply tag physics properties. Unknown block: copycats:copycat_catwalk
[27srp2026 17:08:19.972] [DH-Full Data Migration Thread[0]/INFO] [DistantHorizons-DistantHorizons-com.seibel.distanthorizons.core.file.fullDatafile.V2.DataMigratorV1/]: No migration necessary.
[27srp2026 17:08:19.980] [Server thread/INFO] [DistantHorizons-DistantHorizons-com.seibel.distanthorizons.core.level.AbstractDhServerLevel/]: Started DhClientServerLevel for [Wrapped{ServerLevel[Create: Paradise]@minecraft:the_nether}] at [[LocalSaveStructure@(C:\Users\misac_2cf3zzc\AppData\Roaming\ModrinthApp\profiles\Create_ Paradise\saves\Create_ Paradise\DIM1\data;C:\Users\misac_2cf3zzc\AppData\Roaming\ModrinthApp\profiles\Create_ Paradise\saves\Create_ Paradise\DIM-1\data;C:\Users\misac_2cf3zzc\AppData\Roaming\ModrinthApp\profiles\Create_ Paradise\saves\Create_ Paradise\data)]].
[27srp2026 17:08:19.984] [Server thread/INFO] [net.minecraft.server.MinecraftServer/]: Preparing start region for dimension minecraft:overworld
[27srp2026 17:08:20.323] [DH-Request Module Ticker [minecraft:overworld] Thread[0]/INFO] [DistantHorizons-DistantHorizons-com.seibel.distanthorizons.core.generation.BatchGenerator/]: Batch Chunk Generator initialized
[27srp2026 17:08:20.328] [DH-Request Module Ticker [minecraft:overworld] Thread[0]/INFO] [DistantHorizons-DistantHorizons-com.seibel.distanthorizons.core.generation.queues.WorldGenerationQueue/]: Creating world gen queue
[27srp2026 17:08:20.328] [DH-Request Module Ticker [minecraft:overworld] Thread[0]/INFO] [DistantHorizons-DistantHorizons-com.seibel.distanthorizons.core.generation.queues.WorldGenerationQueue/]: Created world gen queue
[27srp2026 17:08:20.330] [DH-Request Module Ticker [minecraft:overworld] Thread[0]/INFO] [DistantHorizons-DistantHorizons-com.seibel.distanthorizons.core.file.fullDatafile.GeneratedFullDataSourceProvider/]: Set world gen queue for level [minecraft:overworld].
[27srp2026 17:08:20.415] [DH-Request Module Ticker [minecraft:the_end] Thread[0]/INFO] [DistantHorizons-DistantHorizons-com.seibel.distanthorizons.core.generation.BatchGenerator/]: Batch Chunk Generator initialized
[27srp2026 17:08:20.416] [DH-Request Module Ticker [minecraft:the_end] Thread[0]/INFO] [DistantHorizons-DistantHorizons-com.seibel.distanthorizons.core.generation.queues.WorldGenerationQueue/]: Creating world gen queue
[27srp2026 17:08:20.416] [DH-Request Module Ticker [minecraft:the_end] Thread[0]/INFO] [DistantHorizons-DistantHorizons-com.seibel.distanthorizons.core.generation.queues.WorldGenerationQueue/]: Created world gen queue
[27srp2026 17:08:20.416] [DH-Request Module Ticker [minecraft:the_end] Thread[0]/INFO] [DistantHorizons-DistantHorizons-com.seibel.distanthorizons.core.file.fullDatafile.GeneratedFullDataSourceProvider/]: Set world gen queue for level [minecraft:the_end].
[27srp2026 17:08:20.493] [DH-Request Module Ticker [minecraft:the_nether] Thread[0]/INFO] [DistantHorizons-DistantHorizons-com.seibel.distanthorizons.core.generation.BatchGenerator/]: Batch Chunk Generator initialized
[27srp2026 17:08:20.494] [DH-Request Module Ticker [minecraft:the_nether] Thread[0]/INFO] [DistantHorizons-DistantHorizons-com.seibel.distanthorizons.core.generation.queues.WorldGenerationQueue/]: Creating world gen queue
[27srp2026 17:08:20.494] [DH-Request Module Ticker [minecraft:the_nether] Thread[0]/INFO] [DistantHorizons-DistantHorizons-com.seibel.distanthorizons.core.generation.queues.WorldGenerationQueue/]: Created world gen queue
[27srp2026 17:08:20.494] [DH-Request Module Ticker [minecraft:the_nether] Thread[0]/INFO] [DistantHorizons-DistantHorizons-com.seibel.distanthorizons.core.file.fullDatafile.GeneratedFullDataSourceProvider/]: Set world gen queue for level [minecraft:the_nether].
[27srp2026 17:08:21.289] [Render thread/INFO] [net.minecraft.server.level.progress.LoggerChunkProgressListener/]: Preparing spawn area: 0%
[27srp2026 17:08:21.290] [Render thread/INFO] [net.minecraft.server.level.progress.LoggerChunkProgressListener/]: Preparing spawn area: 0%
[27srp2026 17:08:21.290] [Render thread/INFO] [net.minecraft.server.level.progress.LoggerChunkProgressListener/]: Preparing spawn area: 0%
[27srp2026 17:08:21.519] [Render thread/INFO] [net.minecraft.server.level.progress.LoggerChunkProgressListener/]: Time elapsed: 1531 ms
[27srp2026 17:08:21.527] [Server thread/INFO] [net.neoforged.neoforge.server.permission.PermissionAPI/]: Successfully initialized permission handler neoforge:default_handler
[27srp2026 17:08:21.593] [VoiceChatServerThread/INFO] [voicechat/]: [voicechat] Voice chat server started at port 62522
[27srp2026 17:08:21.785] [Server thread/INFO] [net.minecraft.client.server.IntegratedServer/]: Changing view distance to 21, from 10
[27srp2026 17:08:21.785] [Server thread/INFO] [net.minecraft.client.server.IntegratedServer/]: Changing simulation distance to 7, from 0
[27srp2026 17:08:21.952] [Render thread/INFO] [dev.ryanhcode.sable.Sable/]: Adding local UDP server channel future
[27srp2026 17:08:21.964] [Render thread/WARN] [io.netty.bootstrap.Bootstrap/]: Unknown channel option 'SO_BROADCAST' for channel '[id: 0xfe0b550c]'
[27srp2026 17:08:21.974] [Netty Server IO #1/INFO] [dev.ryanhcode.sable.Sable/]: Server UDP channel active
[27srp2026 17:08:22.011] [Render thread/INFO] [dev.ryanhcode.sable.Sable/]: Starting local client UDP channel future
[27srp2026 17:08:22.014] [Netty Local Client IO #1/INFO] [dev.ryanhcode.sable.Sable/]: Client UDP channel active
[27srp2026 17:08:22.811] [Render thread/INFO] [com.simibubi.create.Create/]: Created 177 recipes which will be injected into the game
[27srp2026 17:08:22.813] [Render thread/INFO] [com.simibubi.create.Create/]: Created 12 tags which will be injected into the game
[27srp2026 17:08:22.815] [Render thread/INFO] [plus.dragons.createdragonsplus.data.runtime.RuntimePackResources/]: Starting provider [plus.dragons.createdragonsplus.data.internal.CDPRuntimeRecipeProvider@425eebf9] for runtime resource [create_dragons_plus:runtime]
[27srp2026 17:08:22.827] [Render thread/INFO] [plus.dragons.createdragonsplus.data.runtime.RuntimePackResources/]: plus.dragons.createdragonsplus.data.internal.CDPRuntimeRecipeProvider@425eebf9 finished after 12 ms
[27srp2026 17:08:23.940] [Server thread/INFO] [net.minecraft.server.players.PlayerList/]: GiantAlexis6497[local:E:5e86fc1c] logged in with entity id 7 at (-58.536425496349175, 68.75, 180.67922437889055)
[27srp2026 17:08:23.962] [Server thread/INFO] [dev.ryanhcode.sable.Sable/]: Beginning attempted authentication with player GiantAlexis6497
[27srp2026 17:08:24.007] [Render thread/INFO] [xaero.map.WorldMap/]: Fullscreen map required item set to nothing.
[27srp2026 17:08:24.022] [Render thread/INFO] [xaero.map.WorldMap/]: New world map session initialized!
[27srp2026 17:08:24.028] [Server thread/INFO] [Create cobblestone NeoForge/]: Syncing generator types to new client
[27srp2026 17:08:24.028] [Server thread/INFO] [Create cobblestone NeoForge/]: Sent generator update payload (7 entries) to 1 player(s)
[27srp2026 17:08:24.093] [Server thread/INFO] [net.minecraft.server.MinecraftServer/]: GiantAlexis6497 joined the game
[27srp2026 17:08:24.098] [Render thread/INFO] [xaero.hud.minimap.MinimapLogs/]: Minimap required item set to nothing.
[27srp2026 17:08:24.099] [Render thread/INFO] [xaero.hud.minimap.MinimapLogs/]: New Xaero hud session initialized!
[27srp2026 17:08:24.324] [Server thread/INFO] [DistantHorizons-DistantHorizons-com.seibel.distanthorizons.core.api.internal.ServerApi/]: Player [GiantAlexis6497] joined.
[27srp2026 17:08:31.700] [Render thread/INFO] [treechop/]: Sending chop settings sync request
[27srp2026 17:08:31.703] [Render thread/INFO] [voicechat/]: [voicechat] Sending secret request to the server
[27srp2026 17:08:31.716] [Server thread/INFO] [voicechat/]: [voicechat] Received secret request of GiantAlexis6497 (20)
[27srp2026 17:08:31.718] [Render thread/INFO] [flywheel/]: Started 6 worker threads
[27srp2026 17:08:31.729] [Server thread/INFO] [voicechat/]: [voicechat] Sent secret to GiantAlexis6497
[27srp2026 17:08:31.754] [Render thread/INFO] [Create cobblestone NeoForge/]: Received generator update payload (7 entries)
[27srp2026 17:08:31.754] [Render thread/INFO] [Create cobblestone NeoForge/]: Generator types cleared
[27srp2026 17:08:31.816] [Render thread/INFO] [mezz.jei.common.util.LoggedTimer/]: Starting JEI...
[27srp2026 17:08:31.819] [Render thread/INFO] [mezz.jei.library.load.PluginCaller/]: Configuring JEI...
[27srp2026 17:08:31.823] [Render thread/INFO] [mezz.jei.library.load.PluginCaller/]: Configuring JEI took 3.287 milliseconds
[27srp2026 17:08:31.836] [Render thread/INFO] [mezz.jei.library.load.PluginCaller/]: Registering item subtypes...
[27srp2026 17:08:31.849] [Render thread/INFO] [mezz.jei.library.load.PluginCaller/]: Registering item subtypes took 13.30 milliseconds
[27srp2026 17:08:31.849] [Render thread/INFO] [mezz.jei.library.load.PluginCaller/]: Registering fluid subtypes...
[27srp2026 17:08:31.852] [Render thread/ERROR] [mezz.jei.library.load.registration.SubtypeRegistration/]: An interpreter is already registered for this: create:potion
java.lang.IllegalArgumentException: null
	at TRANSFORMER/jei@19.44.0.406/mezz.jei.library.load.registration.SubtypeRegistration.registerSubtypeInterpreter(SubtypeRegistration.java:26) [jei-1.21.1-neoforge-19.44.0.406.jar%23382!/:19.44.0.406]
	at TRANSFORMER/create@6.0.10/com.simibubi.create.compat.jei.CreateJEI.registerFluidSubtypes(CreateJEI.java:364) [create-1.21.1-6.0.10.jar%23339!/:6.0.10]
	at TRANSFORMER/jei@19.44.0.406/mezz.jei.library.load.PluginLoader.lambda$registerSubtypes$1(PluginLoader.java:81) [jei-1.21.1-neoforge-19.44.0.406.jar%23382!/:19.44.0.406]
	at TRANSFORMER/jei@19.44.0.406/mezz.jei.library.load.PluginCaller.callOnPlugins(PluginCaller.java:26) [jei-1.21.1-neoforge-19.44.0.406.jar%23382!/:19.44.0.406]
	at TRANSFORMER/jei@19.44.0.406/mezz.jei.library.load.PluginLoader.registerSubtypes(PluginLoader.java:80) [jei-1.21.1-neoforge-19.44.0.406.jar%23382!/:19.44.0.406]
	at TRANSFORMER/jei@19.44.0.406/mezz.jei.library.startup.JeiStarter.start(JeiStarter.java:144) [jei-1.21.1-neoforge-19.44.0.406.jar%23382!/:19.44.0.406]
	at TRANSFORMER/jei@19.44.0.406/mezz.jei.neoforge.startup.StartEventObserver.transitionState(StartEventObserver.java:200) [jei-1.21.1-neoforge-19.44.0.406.jar%23382!/:19.44.0.406]
	at TRANSFORMER/jei@19.44.0.406/mezz.jei.neoforge.startup.StartEventObserver.startIfReady(StartEventObserver.java:112) [jei-1.21.1-neoforge-19.44.0.406.jar%23382!/:19.44.0.406]
	at TRANSFORMER/jei@19.44.0.406/mezz.jei.neoforge.startup.StartEventObserver.onRecipesUpdatedEvent(StartEventObserver.java:101) [jei-1.21.1-neoforge-19.44.0.406.jar%23382!/:19.44.0.406]
	at MC-BOOTSTRAP/net.neoforged.bus/net.neoforged.bus.ConsumerEventHandler.invoke(ConsumerEventHandler.java:27) [bus-8.0.5.jar%23155!/:?]
	at MC-BOOTSTRAP/net.neoforged.bus/net.neoforged.bus.EventBus.post(EventBus.java:360) [bus-8.0.5.jar%23155!/:?]
	at MC-BOOTSTRAP/net.neoforged.bus/net.neoforged.bus.EventBus.post(EventBus.java:328) [bus-8.0.5.jar%23155!/:?]
	at TRANSFORMER/neoforge@21.1.248/net.neoforged.neoforge.client.ClientHooks.onRecipesUpdated(ClientHooks.java:664) [neoforge-21.1.248-universal.jar%23315!/:?]
	at TRANSFORMER/minecraft@1.21.1/net.minecraft.client.multiplayer.ClientPacketListener.handleUpdateRecipes(ClientPacketListener.java:1506) [client-1.21.1-20240808.144430-srg.jar%23314!/:?]
	at TRANSFORMER/minecraft@1.21.1/net.minecraft.network.protocol.game.ClientboundUpdateRecipesPacket.handle(ClientboundUpdateRecipesPacket.java:32) [client-1.21.1-20240808.144430-srg.jar%23314!/:?]
	at TRANSFORMER/minecraft@1.21.1/net.minecraft.network.protocol.game.ClientboundUpdateRecipesPacket.handle(ClientboundUpdateRecipesPacket.java:13) [client-1.21.1-20240808.144430-srg.jar%23314!/:?]
	at TRANSFORMER/minecraft@1.21.1/net.minecraft.network.protocol.PacketUtils.lambda$ensureRunningOnSameThread$0(PacketUtils.java:27) [client-1.21.1-20240808.144430-srg.jar%23314!/:?]
	at TRANSFORMER/minecraft@1.21.1/net.minecraft.util.thread.BlockableEventLoop.doRunTask(BlockableEventLoop.java:148) [client-1.21.1-20240808.144430-srg.jar%23314!/:?]
	at TRANSFORMER/minecraft@1.21.1/net.minecraft.util.thread.ReentrantBlockableEventLoop.doRunTask(ReentrantBlockableEventLoop.java:23) [client-1.21.1-20240808.144430-srg.jar%23314!/:?]
	at TRANSFORMER/minecraft@1.21.1/net.minecraft.util.thread.BlockableEventLoop.pollTask(BlockableEventLoop.java:122) [client-1.21.1-20240808.144430-srg.jar%23314!/:?]
	at TRANSFORMER/minecraft@1.21.1/net.minecraft.util.thread.BlockableEventLoop.runAllTasks(BlockableEventLoop.java:111) [client-1.21.1-20240808.144430-srg.jar%23314!/:?]
	at TRANSFORMER/minecraft@1.21.1/net.minecraft.client.Minecraft.runTick(Minecraft.java:1155) [client-1.21.1-20240808.144430-srg.jar%23314!/:?]
	at TRANSFORMER/minecraft@1.21.1/net.minecraft.client.Minecraft.run(Minecraft.java:807) [client-1.21.1-20240808.144430-srg.jar%23314!/:?]
	at TRANSFORMER/minecraft@1.21.1/net.minecraft.client.main.Main.main(Main.java:230) [client-1.21.1-20240808.144430-srg.jar%23314!/:?]
	at java.base/jdk.internal.reflect.DirectMethodHandleAccessor.invoke(DirectMethodHandleAccessor.java:104) ~[?:?]
	at java.base/java.lang.reflect.Method.invoke(Method.java:565) ~[?:?]
	at MC-BOOTSTRAP/fml_loader@4.0.43/net.neoforged.fml.loading.targets.CommonLaunchHandler.runTarget(CommonLaunchHandler.java:136) [loader-4.0.43.jar%23152!/:4.0]
	at MC-BOOTSTRAP/fml_loader@4.0.43/net.neoforged.fml.loading.targets.CommonLaunchHandler.clientService(CommonLaunchHandler.java:124) [loader-4.0.43.jar%23152!/:4.0]
	at MC-BOOTSTRAP/fml_loader@4.0.43/net.neoforged.fml.loading.targets.CommonClientLaunchHandler.runService(CommonClientLaunchHandler.java:32) [loader-4.0.43.jar%23152!/:4.0]
	at MC-BOOTSTRAP/fml_loader@4.0.43/net.neoforged.fml.loading.targets.CommonLaunchHandler.lambda$launchService$4(CommonLaunchHandler.java:118) [loader-4.0.43.jar%23152!/:4.0]
	at MC-BOOTSTRAP/cpw.mods.modlauncher@11.0.5/cpw.mods.modlauncher.LaunchServiceHandlerDecorator.launch(LaunchServiceHandlerDecorator.java:30) [modlauncher-11.0.5.jar%23157!/:?]
	at MC-BOOTSTRAP/cpw.mods.modlauncher@11.0.5/cpw.mods.modlauncher.LaunchServiceHandler.launch(LaunchServiceHandler.java:53) [modlauncher-11.0.5.jar%23157!/:?]
	at MC-BOOTSTRAP/cpw.mods.modlauncher@11.0.5/cpw.mods.modlauncher.LaunchServiceHandler.launch(LaunchServiceHandler.java:71) [modlauncher-11.0.5.jar%23157!/:?]
	at MC-BOOTSTRAP/cpw.mods.modlauncher@11.0.5/cpw.mods.modlauncher.Launcher.run(Launcher.java:103) [modlauncher-11.0.5.jar%23157!/:?]
	at MC-BOOTSTRAP/cpw.mods.modlauncher@11.0.5/cpw.mods.modlauncher.Launcher.main(Launcher.java:74) [modlauncher-11.0.5.jar%23157!/:?]
	at MC-BOOTSTRAP/cpw.mods.modlauncher@11.0.5/cpw.mods.modlauncher.BootstrapLaunchConsumer.accept(BootstrapLaunchConsumer.java:26) [modlauncher-11.0.5.jar%23157!/:?]
	at MC-BOOTSTRAP/cpw.mods.modlauncher@11.0.5/cpw.mods.modlauncher.BootstrapLaunchConsumer.accept(BootstrapLaunchConsumer.java:23) [modlauncher-11.0.5.jar%23157!/:?]
	at cpw.mods.bootstraplauncher@2.0.2/cpw.mods.bootstraplauncher.BootstrapLauncher.run(BootstrapLauncher.java:210) [bootstraplauncher-2.0.2.jar:?]
	at cpw.mods.bootstraplauncher@2.0.2/cpw.mods.bootstraplauncher.BootstrapLauncher.main(BootstrapLauncher.java:69) [bootstraplauncher-2.0.2.jar:?]
	at java.base/jdk.internal.reflect.DirectMethodHandleAccessor.invoke(DirectMethodHandleAccessor.java:104) ~[?:?]
	at java.base/java.lang.reflect.Method.invoke(Method.java:565) ~[?:?]
	at com.modrinth.theseus.MinecraftLaunch.relaunch(MinecraftLaunch.java:61) [theseus.jar:?]
	at com.modrinth.theseus.MinecraftLaunch.main(MinecraftLaunch.java:28) [theseus.jar:?]
[27srp2026 17:08:31.855] [Render thread/ERROR] [mezz.jei.library.load.registration.SubtypeRegistration/]: An interpreter is already registered for this: create:flowing_potion
java.lang.IllegalArgumentException: null
	at TRANSFORMER/jei@19.44.0.406/mezz.jei.library.load.registration.SubtypeRegistration.registerSubtypeInterpreter(SubtypeRegistration.java:26) [jei-1.21.1-neoforge-19.44.0.406.jar%23382!/:19.44.0.406]
	at TRANSFORMER/create@6.0.10/com.simibubi.create.compat.jei.CreateJEI.registerFluidSubtypes(CreateJEI.java:365) [create-1.21.1-6.0.10.jar%23339!/:6.0.10]
	at TRANSFORMER/jei@19.44.0.406/mezz.jei.library.load.PluginLoader.lambda$registerSubtypes$1(PluginLoader.java:81) [jei-1.21.1-neoforge-19.44.0.406.jar%23382!/:19.44.0.406]
	at TRANSFORMER/jei@19.44.0.406/mezz.jei.library.load.PluginCaller.callOnPlugins(PluginCaller.java:26) [jei-1.21.1-neoforge-19.44.0.406.jar%23382!/:19.44.0.406]
	at TRANSFORMER/jei@19.44.0.406/mezz.jei.library.load.PluginLoader.registerSubtypes(PluginLoader.java:80) [jei-1.21.1-neoforge-19.44.0.406.jar%23382!/:19.44.0.406]
	at TRANSFORMER/jei@19.44.0.406/mezz.jei.library.startup.JeiStarter.start(JeiStarter.java:144) [jei-1.21.1-neoforge-19.44.0.406.jar%23382!/:19.44.0.406]
	at TRANSFORMER/jei@19.44.0.406/mezz.jei.neoforge.startup.StartEventObserver.transitionState(StartEventObserver.java:200) [jei-1.21.1-neoforge-19.44.0.406.jar%23382!/:19.44.0.406]
	at TRANSFORMER/jei@19.44.0.406/mezz.jei.neoforge.startup.StartEventObserver.startIfReady(StartEventObserver.java:112) [jei-1.21.1-neoforge-19.44.0.406.jar%23382!/:19.44.0.406]
	at TRANSFORMER/jei@19.44.0.406/mezz.jei.neoforge.startup.StartEventObserver.onRecipesUpdatedEvent(StartEventObserver.java:101) [jei-1.21.1-neoforge-19.44.0.406.jar%23382!/:19.44.0.406]
	at MC-BOOTSTRAP/net.neoforged.bus/net.neoforged.bus.ConsumerEventHandler.invoke(ConsumerEventHandler.java:27) [bus-8.0.5.jar%23155!/:?]
	at MC-BOOTSTRAP/net.neoforged.bus/net.neoforged.bus.EventBus.post(EventBus.java:360) [bus-8.0.5.jar%23155!/:?]
	at MC-BOOTSTRAP/net.neoforged.bus/net.neoforged.bus.EventBus.post(EventBus.java:328) [bus-8.0.5.jar%23155!/:?]
	at TRANSFORMER/neoforge@21.1.248/net.neoforged.neoforge.client.ClientHooks.onRecipesUpdated(ClientHooks.java:664) [neoforge-21.1.248-universal.jar%23315!/:?]
	at TRANSFORMER/minecraft@1.21.1/net.minecraft.client.multiplayer.ClientPacketListener.handleUpdateRecipes(ClientPacketListener.java:1506) [client-1.21.1-20240808.144430-srg.jar%23314!/:?]
	at TRANSFORMER/minecraft@1.21.1/net.minecraft.network.protocol.game.ClientboundUpdateRecipesPacket.handle(ClientboundUpdateRecipesPacket.java:32) [client-1.21.1-20240808.144430-srg.jar%23314!/:?]
	at TRANSFORMER/minecraft@1.21.1/net.minecraft.network.protocol.game.ClientboundUpdateRecipesPacket.handle(ClientboundUpdateRecipesPacket.java:13) [client-1.21.1-20240808.144430-srg.jar%23314!/:?]
	at TRANSFORMER/minecraft@1.21.1/net.minecraft.network.protocol.PacketUtils.lambda$ensureRunningOnSameThread$0(PacketUtils.java:27) [client-1.21.1-20240808.144430-srg.jar%23314!/:?]
	at TRANSFORMER/minecraft@1.21.1/net.minecraft.util.thread.BlockableEventLoop.doRunTask(BlockableEventLoop.java:148) [client-1.21.1-20240808.144430-srg.jar%23314!/:?]
	at TRANSFORMER/minecraft@1.21.1/net.minecraft.util.thread.ReentrantBlockableEventLoop.doRunTask(ReentrantBlockableEventLoop.java:23) [client-1.21.1-20240808.144430-srg.jar%23314!/:?]
	at TRANSFORMER/minecraft@1.21.1/net.minecraft.util.thread.BlockableEventLoop.pollTask(BlockableEventLoop.java:122) [client-1.21.1-20240808.144430-srg.jar%23314!/:?]
	at TRANSFORMER/minecraft@1.21.1/net.minecraft.util.thread.BlockableEventLoop.runAllTasks(BlockableEventLoop.java:111) [client-1.21.1-20240808.144430-srg.jar%23314!/:?]
	at TRANSFORMER/minecraft@1.21.1/net.minecraft.client.Minecraft.runTick(Minecraft.java:1155) [client-1.21.1-20240808.144430-srg.jar%23314!/:?]
	at TRANSFORMER/minecraft@1.21.1/net.minecraft.client.Minecraft.run(Minecraft.java:807) [client-1.21.1-20240808.144430-srg.jar%23314!/:?]
	at TRANSFORMER/minecraft@1.21.1/net.minecraft.client.main.Main.main(Main.java:230) [client-1.21.1-20240808.144430-srg.jar%23314!/:?]
	at java.base/jdk.internal.reflect.DirectMethodHandleAccessor.invoke(DirectMethodHandleAccessor.java:104) ~[?:?]
	at java.base/java.lang.reflect.Method.invoke(Method.java:565) ~[?:?]
	at MC-BOOTSTRAP/fml_loader@4.0.43/net.neoforged.fml.loading.targets.CommonLaunchHandler.runTarget(CommonLaunchHandler.java:136) [loader-4.0.43.jar%23152!/:4.0]
	at MC-BOOTSTRAP/fml_loader@4.0.43/net.neoforged.fml.loading.targets.CommonLaunchHandler.clientService(CommonLaunchHandler.java:124) [loader-4.0.43.jar%23152!/:4.0]
	at MC-BOOTSTRAP/fml_loader@4.0.43/net.neoforged.fml.loading.targets.CommonClientLaunchHandler.runService(CommonClientLaunchHandler.java:32) [loader-4.0.43.jar%23152!/:4.0]
	at MC-BOOTSTRAP/fml_loader@4.0.43/net.neoforged.fml.loading.targets.CommonLaunchHandler.lambda$launchService$4(CommonLaunchHandler.java:118) [loader-4.0.43.jar%23152!/:4.0]
	at MC-BOOTSTRAP/cpw.mods.modlauncher@11.0.5/cpw.mods.modlauncher.LaunchServiceHandlerDecorator.launch(LaunchServiceHandlerDecorator.java:30) [modlauncher-11.0.5.jar%23157!/:?]
	at MC-BOOTSTRAP/cpw.mods.modlauncher@11.0.5/cpw.mods.modlauncher.LaunchServiceHandler.launch(LaunchServiceHandler.java:53) [modlauncher-11.0.5.jar%23157!/:?]
	at MC-BOOTSTRAP/cpw.mods.modlauncher@11.0.5/cpw.mods.modlauncher.LaunchServiceHandler.launch(LaunchServiceHandler.java:71) [modlauncher-11.0.5.jar%23157!/:?]
	at MC-BOOTSTRAP/cpw.mods.modlauncher@11.0.5/cpw.mods.modlauncher.Launcher.run(Launcher.java:103) [modlauncher-11.0.5.jar%23157!/:?]
	at MC-BOOTSTRAP/cpw.mods.modlauncher@11.0.5/cpw.mods.modlauncher.Launcher.main(Launcher.java:74) [modlauncher-11.0.5.jar%23157!/:?]
	at MC-BOOTSTRAP/cpw.mods.modlauncher@11.0.5/cpw.mods.modlauncher.BootstrapLaunchConsumer.accept(BootstrapLaunchConsumer.java:26) [modlauncher-11.0.5.jar%23157!/:?]
	at MC-BOOTSTRAP/cpw.mods.modlauncher@11.0.5/cpw.mods.modlauncher.BootstrapLaunchConsumer.accept(BootstrapLaunchConsumer.java:23) [modlauncher-11.0.5.jar%23157!/:?]
	at cpw.mods.bootstraplauncher@2.0.2/cpw.mods.bootstraplauncher.BootstrapLauncher.run(BootstrapLauncher.java:210) [bootstraplauncher-2.0.2.jar:?]
	at cpw.mods.bootstraplauncher@2.0.2/cpw.mods.bootstraplauncher.BootstrapLauncher.main(BootstrapLauncher.java:69) [bootstraplauncher-2.0.2.jar:?]
	at java.base/jdk.internal.reflect.DirectMethodHandleAccessor.invoke(DirectMethodHandleAccessor.java:104) ~[?:?]
	at java.base/java.lang.reflect.Method.invoke(Method.java:565) ~[?:?]
	at com.modrinth.theseus.MinecraftLaunch.relaunch(MinecraftLaunch.java:61) [theseus.jar:?]
	at com.modrinth.theseus.MinecraftLaunch.main(MinecraftLaunch.java:28) [theseus.jar:?]
[27srp2026 17:08:31.856] [Render thread/INFO] [mezz.jei.library.load.PluginCaller/]: Registering fluid subtypes took 6.711 milliseconds
[27srp2026 17:08:31.859] [Render thread/INFO] [mezz.jei.library.load.PluginCaller/]: Registering ingredients...
[27srp2026 17:08:31.868] [Render thread/ERROR] [net.neoforged.bus.EventBus/EVENTBUS]: Exception caught during firing event: An unexpected critical error was encountered
	Index: 6
	Listeners:
		0: net.p3pp3rf1y.sophisticatedcore.compat.recipeviewers.jei.CoreJeiPlugin$$Lambda/0x000000000a3f8500@7368f845
		1: net.p3pp3rf1y.sophisticatedbackpacks.compat.recipeviewers.jei.BackpackJeiPlugin$$Lambda/0x000000000a408df8@3e9fa2a
		2: net.neoforged.bus.EventListenerFactory$event/0x000000000a2c0800@1256971a
		3: net.p3pp3rf1y.sophisticatedcore.common.CommonEventHandler$$Lambda/0x0000000009fcd920@752024a2
		4: mezz.jei.neoforge.JustEnoughItemsClient$$Lambda/0x000000000a826a80@7584cf98
		5: net.neoforged.bus.EventListenerFactory$onRecipes/0x0000000009fac400@40011b6f
		6: mezz.jei.neoforge.startup.StartEventObserver$$Lambda/0x000000000a8216b8@5df9741f
org.spongepowered.asm.mixin.transformer.throwables.MixinTransformerError: An unexpected critical error was encountered
	at MC-BOOTSTRAP/org.spongepowered.mixin/org.spongepowered.asm.mixin.transformer.MixinProcessor.applyMixins(MixinProcessor.java:392)
	at MC-BOOTSTRAP/org.spongepowered.mixin/org.spongepowered.asm.mixin.transformer.MixinTransformer.transformClass(MixinTransformer.java:250)
	at MC-BOOTSTRAP/org.spongepowered.mixin/org.spongepowered.asm.service.modlauncher.MixinTransformationHandler.processClass(MixinTransformationHandler.java:131)
	at MC-BOOTSTRAP/org.spongepowered.mixin/org.spongepowered.asm.launch.MixinLaunchPluginLegacy.processClass(MixinLaunchPluginLegacy.java:131)
	at MC-BOOTSTRAP/cpw.mods.modlauncher@11.0.5/cpw.mods.modlauncher.serviceapi.ILaunchPluginService.processClassWithFlags(ILaunchPluginService.java:156)
	at MC-BOOTSTRAP/cpw.mods.modlauncher@11.0.5/cpw.mods.modlauncher.LaunchPluginHandler.offerClassNodeToPlugins(LaunchPluginHandler.java:94)
	at MC-BOOTSTRAP/cpw.mods.modlauncher@11.0.5/cpw.mods.modlauncher.ClassTransformer.transform(ClassTransformer.java:120)
	at MC-BOOTSTRAP/cpw.mods.modlauncher@11.0.5/cpw.mods.modlauncher.TransformingClassLoader.maybeTransformClassBytes(TransformingClassLoader.java:57)
	at cpw.mods.securejarhandler/cpw.mods.cl.ModuleClassLoader.readerToClass(ModuleClassLoader.java:190)
	at cpw.mods.securejarhandler/cpw.mods.cl.ModuleClassLoader.lambda$findClass$20(ModuleClassLoader.java:298)
	at cpw.mods.securejarhandler/cpw.mods.cl.ModuleClassLoader.loadFromModule(ModuleClassLoader.java:311)
	at cpw.mods.securejarhandler/cpw.mods.cl.ModuleClassLoader.findClass(ModuleClassLoader.java:298)
	at cpw.mods.securejarhandler/cpw.mods.cl.ModuleClassLoader.loadClass(ModuleClassLoader.java:214)
	at java.base/java.lang.ClassLoader.loadClass(ClassLoader.java:490)
	at TRANSFORMER/jei@19.44.0.406/mezz.jei.library.plugins.vanilla.VanillaPlugin.registerIngredients(VanillaPlugin.java:185)
	at TRANSFORMER/jei@19.44.0.406/mezz.jei.library.load.PluginLoader.lambda$registerIngredients$2(PluginLoader.java:90)
	at TRANSFORMER/jei@19.44.0.406/mezz.jei.library.load.PluginCaller.callOnPlugins(PluginCaller.java:26)
	at TRANSFORMER/jei@19.44.0.406/mezz.jei.library.load.PluginLoader.registerIngredients(PluginLoader.java:90)
	at TRANSFORMER/jei@19.44.0.406/mezz.jei.library.startup.JeiStarter.start(JeiStarter.java:145)
	at TRANSFORMER/jei@19.44.0.406/mezz.jei.neoforge.startup.StartEventObserver.transitionState(StartEventObserver.java:200)
	at TRANSFORMER/jei@19.44.0.406/mezz.jei.neoforge.startup.StartEventObserver.startIfReady(StartEventObserver.java:112)
	at TRANSFORMER/jei@19.44.0.406/mezz.jei.neoforge.startup.StartEventObserver.onRecipesUpdatedEvent(StartEventObserver.java:101)
	at MC-BOOTSTRAP/net.neoforged.bus/net.neoforged.bus.ConsumerEventHandler.invoke(ConsumerEventHandler.java:27)
	at MC-BOOTSTRAP/net.neoforged.bus/net.neoforged.bus.EventBus.post(EventBus.java:360)
	at MC-BOOTSTRAP/net.neoforged.bus/net.neoforged.bus.EventBus.post(EventBus.java:328)
	at TRANSFORMER/neoforge@21.1.248/net.neoforged.neoforge.client.ClientHooks.onRecipesUpdated(ClientHooks.java:664)
	at TRANSFORMER/minecraft@1.21.1/net.minecraft.client.multiplayer.ClientPacketListener.handleUpdateRecipes(ClientPacketListener.java:1506)
	at TRANSFORMER/minecraft@1.21.1/net.minecraft.network.protocol.game.ClientboundUpdateRecipesPacket.handle(ClientboundUpdateRecipesPacket.java:32)
	at TRANSFORMER/minecraft@1.21.1/net.minecraft.network.protocol.game.ClientboundUpdateRecipesPacket.handle(ClientboundUpdateRecipesPacket.java:13)
	at TRANSFORMER/minecraft@1.21.1/net.minecraft.network.protocol.PacketUtils.lambda$ensureRunningOnSameThread$0(PacketUtils.java:27)
	at TRANSFORMER/minecraft@1.21.1/net.minecraft.util.thread.BlockableEventLoop.doRunTask(BlockableEventLoop.java:148)
	at TRANSFORMER/minecraft@1.21.1/net.minecraft.util.thread.ReentrantBlockableEventLoop.doRunTask(ReentrantBlockableEventLoop.java:23)
	at TRANSFORMER/minecraft@1.21.1/net.minecraft.util.thread.BlockableEventLoop.pollTask(BlockableEventLoop.java:122)
	at TRANSFORMER/minecraft@1.21.1/net.minecraft.util.thread.BlockableEventLoop.runAllTasks(BlockableEventLoop.java:111)
	at TRANSFORMER/minecraft@1.21.1/net.minecraft.client.Minecraft.runTick(Minecraft.java:1155)
	at TRANSFORMER/minecraft@1.21.1/net.minecraft.client.Minecraft.run(Minecraft.java:807)
	at TRANSFORMER/minecraft@1.21.1/net.minecraft.client.main.Main.main(Main.java:230)
	at java.base/jdk.internal.reflect.DirectMethodHandleAccessor.invoke(DirectMethodHandleAccessor.java:104)
	at java.base/java.lang.reflect.Method.invoke(Method.java:565)
	at MC-BOOTSTRAP/fml_loader@4.0.43/net.neoforged.fml.loading.targets.CommonLaunchHandler.runTarget(CommonLaunchHandler.java:136)
	at MC-BOOTSTRAP/fml_loader@4.0.43/net.neoforged.fml.loading.targets.CommonLaunchHandler.clientService(CommonLaunchHandler.java:124)
	at MC-BOOTSTRAP/fml_loader@4.0.43/net.neoforged.fml.loading.targets.CommonClientLaunchHandler.runService(CommonClientLaunchHandler.java:32)
	at MC-BOOTSTRAP/fml_loader@4.0.43/net.neoforged.fml.loading.targets.CommonLaunchHandler.lambda$launchService$4(CommonLaunchHandler.java:118)
	at MC-BOOTSTRAP/cpw.mods.modlauncher@11.0.5/cpw.mods.modlauncher.LaunchServiceHandlerDecorator.launch(LaunchServiceHandlerDecorator.java:30)
	at MC-BOOTSTRAP/cpw.mods.modlauncher@11.0.5/cpw.mods.modlauncher.LaunchServiceHandler.launch(LaunchServiceHandler.java:53)
	at MC-BOOTSTRAP/cpw.mods.modlauncher@11.0.5/cpw.mods.modlauncher.LaunchServiceHandler.launch(LaunchServiceHandler.java:71)
	at MC-BOOTSTRAP/cpw.mods.modlauncher@11.0.5/cpw.mods.modlauncher.Launcher.run(Launcher.java:103)
	at MC-BOOTSTRAP/cpw.mods.modlauncher@11.0.5/cpw.mods.modlauncher.Launcher.main(Launcher.java:74)
	at MC-BOOTSTRAP/cpw.mods.modlauncher@11.0.5/cpw.mods.modlauncher.BootstrapLaunchConsumer.accept(BootstrapLaunchConsumer.java:26)
	at MC-BOOTSTRAP/cpw.mods.modlauncher@11.0.5/cpw.mods.modlauncher.BootstrapLaunchConsumer.accept(BootstrapLaunchConsumer.java:23)
	at cpw.mods.bootstraplauncher@2.0.2/cpw.mods.bootstraplauncher.BootstrapLauncher.run(BootstrapLauncher.java:210)
	at cpw.mods.bootstraplauncher@2.0.2/cpw.mods.bootstraplauncher.BootstrapLauncher.main(BootstrapLauncher.java:69)
	at java.base/jdk.internal.reflect.DirectMethodHandleAccessor.invoke(DirectMethodHandleAccessor.java:104)
	at java.base/java.lang.reflect.Method.invoke(Method.java:565)
	at com.modrinth.theseus.MinecraftLaunch.relaunch(MinecraftLaunch.java:61)
	at com.modrinth.theseus.MinecraftLaunch.main(MinecraftLaunch.java:28)
Caused by: org.spongepowered.asm.mixin.injection.throwables.InjectionError: Critical injection failure: Callback method simulated$error(Lorg/apache/logging/log4j/Logger;Ljava/lang/String;Ljava/lang/Object;Ljava/lang/Object;Lcom/llamalad7/mixinextras/injector/wrapoperation/Operation;Lcom/llamalad7/mixinextras/sugar/ref/LocalRef;)V in simulated.mixins.json:silence_jei.ItemStackListFactoryMixin from mod simulated failed injection check, (0/1) succeeded. Scanned 0 target(s). No refMap loaded.
	at MC-BOOTSTRAP/org.spongepowered.mixin/org.spongepowered.asm.mixin.injection.struct.InjectionInfo.postInject(InjectionInfo.java:531)
	at TRANSFORMER/mixinextras.neoforge@0.5.3/com.llamalad7.mixinextras.injector.MixinExtrasLateInjectionInfo.latePostInject(MixinExtrasLateInjectionInfo.java:57)
	at TRANSFORMER/mixinextras.neoforge@0.5.3/com.llamalad7.mixinextras.wrapper.InjectorWrapperImpl.doPostInject(InjectorWrapperImpl.java:88)
	at TRANSFORMER/mixinextras.neoforge@0.5.3/com.llamalad7.mixinextras.sugar.impl.SugarWrapperImpl.doPostInject(SugarWrapperImpl.java:88)
	at TRANSFORMER/mixinextras.neoforge@0.5.3/com.llamalad7.mixinextras.wrapper.WrapperInjectionInfo.latePostInject(WrapperInjectionInfo.java:101)
	at TRANSFORMER/mixinextras.neoforge@0.5.3/com.llamalad7.mixinextras.injector.LateInjectionApplicatorExtension.postApply(LateInjectionApplicatorExtension.java:43)
	at MC-BOOTSTRAP/org.spongepowered.mixin/org.spongepowered.asm.mixin.transformer.ext.Extensions.postApply(Extensions.java:167)
	at MC-BOOTSTRAP/org.spongepowered.mixin/org.spongepowered.asm.mixin.transformer.TargetClassContext.postApply(TargetClassContext.java:448)
	at MC-BOOTSTRAP/org.spongepowered.mixin/org.spongepowered.asm.mixin.transformer.TargetClassContext.applyMixins(TargetClassContext.java:420)
	at MC-BOOTSTRAP/org.spongepowered.mixin/org.spongepowered.asm.mixin.transformer.MixinProcessor.applyMixins(MixinProcessor.java:363)
	... 55 more

[27srp2026 17:08:31.872] [Render thread/ERROR] [net.minecraft.client.Minecraft/FATAL]: Unreported exception thrown!
org.spongepowered.asm.mixin.transformer.throwables.MixinTransformerError: An unexpected critical error was encountered
	at MC-BOOTSTRAP/org.spongepowered.mixin/org.spongepowered.asm.mixin.transformer.MixinProcessor.applyMixins(MixinProcessor.java:392) ~[sponge-mixin-0.15.2+mixin.0.8.7.jar:0.15.2+mixin.0.8.7]
	at MC-BOOTSTRAP/org.spongepowered.mixin/org.spongepowered.asm.mixin.transformer.MixinTransformer.transformClass(MixinTransformer.java:250) ~[sponge-mixin-0.15.2+mixin.0.8.7.jar:0.15.2+mixin.0.8.7]
	at MC-BOOTSTRAP/org.spongepowered.mixin/org.spongepowered.asm.service.modlauncher.MixinTransformationHandler.processClass(MixinTransformationHandler.java:131) ~[sponge-mixin-0.15.2+mixin.0.8.7.jar:0.15.2+mixin.0.8.7]
	at MC-BOOTSTRAP/org.spongepowered.mixin/org.spongepowered.asm.launch.MixinLaunchPluginLegacy.processClass(MixinLaunchPluginLegacy.java:131) ~[sponge-mixin-0.15.2+mixin.0.8.7.jar:0.15.2+mixin.0.8.7]
	at MC-BOOTSTRAP/cpw.mods.modlauncher@11.0.5/cpw.mods.modlauncher.serviceapi.ILaunchPluginService.processClassWithFlags(ILaunchPluginService.java:156) ~[modlauncher-11.0.5.jar:11.0.5+main.901c6ea8]
	at MC-BOOTSTRAP/cpw.mods.modlauncher@11.0.5/cpw.mods.modlauncher.LaunchPluginHandler.offerClassNodeToPlugins(LaunchPluginHandler.java:94) ~[modlauncher-11.0.5.jar:?]
	at MC-BOOTSTRAP/cpw.mods.modlauncher@11.0.5/cpw.mods.modlauncher.ClassTransformer.transform(ClassTransformer.java:120) ~[modlauncher-11.0.5.jar:?]
	at MC-BOOTSTRAP/cpw.mods.modlauncher@11.0.5/cpw.mods.modlauncher.TransformingClassLoader.maybeTransformClassBytes(TransformingClassLoader.java:57) ~[modlauncher-11.0.5.jar:?]
	at cpw.mods.securejarhandler/cpw.mods.cl.ModuleClassLoader.readerToClass(ModuleClassLoader.java:190) ~[securejarhandler-3.0.8.jar:?]
	at cpw.mods.securejarhandler/cpw.mods.cl.ModuleClassLoader.lambda$findClass$20(ModuleClassLoader.java:298) ~[securejarhandler-3.0.8.jar:?]
	at cpw.mods.securejarhandler/cpw.mods.cl.ModuleClassLoader.loadFromModule(ModuleClassLoader.java:311) ~[securejarhandler-3.0.8.jar:?]
	at cpw.mods.securejarhandler/cpw.mods.cl.ModuleClassLoader.findClass(ModuleClassLoader.java:298) ~[securejarhandler-3.0.8.jar:?]
	at cpw.mods.securejarhandler/cpw.mods.cl.ModuleClassLoader.loadClass(ModuleClassLoader.java:214) ~[securejarhandler-3.0.8.jar:?]
	at java.base/java.lang.ClassLoader.loadClass(ClassLoader.java:490) ~[?:?]
	at TRANSFORMER/jei@19.44.0.406/mezz.jei.library.plugins.vanilla.VanillaPlugin.registerIngredients(VanillaPlugin.java:185) ~[jei-1.21.1-neoforge-19.44.0.406.jar%23382!/:19.44.0.406]
	at TRANSFORMER/jei@19.44.0.406/mezz.jei.library.load.PluginLoader.lambda$registerIngredients$2(PluginLoader.java:90) ~[jei-1.21.1-neoforge-19.44.0.406.jar%23382!/:19.44.0.406]
	at TRANSFORMER/jei@19.44.0.406/mezz.jei.library.load.PluginCaller.callOnPlugins(PluginCaller.java:26) ~[jei-1.21.1-neoforge-19.44.0.406.jar%23382!/:19.44.0.406]
	at TRANSFORMER/jei@19.44.0.406/mezz.jei.library.load.PluginLoader.registerIngredients(PluginLoader.java:90) ~[jei-1.21.1-neoforge-19.44.0.406.jar%23382!/:19.44.0.406]
	at TRANSFORMER/jei@19.44.0.406/mezz.jei.library.startup.JeiStarter.start(JeiStarter.java:145) ~[jei-1.21.1-neoforge-19.44.0.406.jar%23382!/:19.44.0.406]
	at TRANSFORMER/jei@19.44.0.406/mezz.jei.neoforge.startup.StartEventObserver.transitionState(StartEventObserver.java:200) ~[jei-1.21.1-neoforge-19.44.0.406.jar%23382!/:19.44.0.406]
	at TRANSFORMER/jei@19.44.0.406/mezz.jei.neoforge.startup.StartEventObserver.startIfReady(StartEventObserver.java:112) ~[jei-1.21.1-neoforge-19.44.0.406.jar%23382!/:19.44.0.406]
	at TRANSFORMER/jei@19.44.0.406/mezz.jei.neoforge.startup.StartEventObserver.onRecipesUpdatedEvent(StartEventObserver.java:101) ~[jei-1.21.1-neoforge-19.44.0.406.jar%23382!/:19.44.0.406]
	at MC-BOOTSTRAP/net.neoforged.bus/net.neoforged.bus.ConsumerEventHandler.invoke(ConsumerEventHandler.java:27) ~[bus-8.0.5.jar%23155!/:?]
	at MC-BOOTSTRAP/net.neoforged.bus/net.neoforged.bus.EventBus.post(EventBus.java:360) ~[bus-8.0.5.jar%23155!/:?]
	at MC-BOOTSTRAP/net.neoforged.bus/net.neoforged.bus.EventBus.post(EventBus.java:328) ~[bus-8.0.5.jar%23155!/:?]
	at TRANSFORMER/neoforge@21.1.248/net.neoforged.neoforge.client.ClientHooks.onRecipesUpdated(ClientHooks.java:664) ~[neoforge-21.1.248-universal.jar%23315!/:?]
	at TRANSFORMER/minecraft@1.21.1/net.minecraft.client.multiplayer.ClientPacketListener.handleUpdateRecipes(ClientPacketListener.java:1506) ~[client-1.21.1-20240808.144430-srg.jar%23314!/:?]
	at TRANSFORMER/minecraft@1.21.1/net.minecraft.network.protocol.game.ClientboundUpdateRecipesPacket.handle(ClientboundUpdateRecipesPacket.java:32) ~[client-1.21.1-20240808.144430-srg.jar%23314!/:?]
	at TRANSFORMER/minecraft@1.21.1/net.minecraft.network.protocol.game.ClientboundUpdateRecipesPacket.handle(ClientboundUpdateRecipesPacket.java:13) ~[client-1.21.1-20240808.144430-srg.jar%23314!/:?]
	at TRANSFORMER/minecraft@1.21.1/net.minecraft.network.protocol.PacketUtils.lambda$ensureRunningOnSameThread$0(PacketUtils.java:27) ~[client-1.21.1-20240808.144430-srg.jar%23314!/:?]
	at TRANSFORMER/minecraft@1.21.1/net.minecraft.util.thread.BlockableEventLoop.doRunTask(BlockableEventLoop.java:148) ~[client-1.21.1-20240808.144430-srg.jar%23314!/:?]
	at TRANSFORMER/minecraft@1.21.1/net.minecraft.util.thread.ReentrantBlockableEventLoop.doRunTask(ReentrantBlockableEventLoop.java:23) ~[client-1.21.1-20240808.144430-srg.jar%23314!/:?]
	at TRANSFORMER/minecraft@1.21.1/net.minecraft.util.thread.BlockableEventLoop.pollTask(BlockableEventLoop.java:122) ~[client-1.21.1-20240808.144430-srg.jar%23314!/:?]
	at TRANSFORMER/minecraft@1.21.1/net.minecraft.util.thread.BlockableEventLoop.runAllTasks(BlockableEventLoop.java:111) ~[client-1.21.1-20240808.144430-srg.jar%23314!/:?]
	at TRANSFORMER/minecraft@1.21.1/net.minecraft.client.Minecraft.runTick(Minecraft.java:1155) ~[client-1.21.1-20240808.144430-srg.jar%23314!/:?]
	at TRANSFORMER/minecraft@1.21.1/net.minecraft.client.Minecraft.run(Minecraft.java:807) [client-1.21.1-20240808.144430-srg.jar%23314!/:?]
	at TRANSFORMER/minecraft@1.21.1/net.minecraft.client.main.Main.main(Main.java:230) [client-1.21.1-20240808.144430-srg.jar%23314!/:?]
	at java.base/jdk.internal.reflect.DirectMethodHandleAccessor.invoke(DirectMethodHandleAccessor.java:104) ~[?:?]
	at java.base/java.lang.reflect.Method.invoke(Method.java:565) ~[?:?]
	at MC-BOOTSTRAP/fml_loader@4.0.43/net.neoforged.fml.loading.targets.CommonLaunchHandler.runTarget(CommonLaunchHandler.java:136) [loader-4.0.43.jar%23152!/:4.0]
	at MC-BOOTSTRAP/fml_loader@4.0.43/net.neoforged.fml.loading.targets.CommonLaunchHandler.clientService(CommonLaunchHandler.java:124) [loader-4.0.43.jar%23152!/:4.0]
	at MC-BOOTSTRAP/fml_loader@4.0.43/net.neoforged.fml.loading.targets.CommonClientLaunchHandler.runService(CommonClientLaunchHandler.java:32) [loader-4.0.43.jar%23152!/:4.0]
	at MC-BOOTSTRAP/fml_loader@4.0.43/net.neoforged.fml.loading.targets.CommonLaunchHandler.lambda$launchService$4(CommonLaunchHandler.java:118) [loader-4.0.43.jar%23152!/:4.0]
	at MC-BOOTSTRAP/cpw.mods.modlauncher@11.0.5/cpw.mods.modlauncher.LaunchServiceHandlerDecorator.launch(LaunchServiceHandlerDecorator.java:30) [modlauncher-11.0.5.jar%23157!/:?]
	at MC-BOOTSTRAP/cpw.mods.modlauncher@11.0.5/cpw.mods.modlauncher.LaunchServiceHandler.launch(LaunchServiceHandler.java:53) [modlauncher-11.0.5.jar%23157!/:?]
	at MC-BOOTSTRAP/cpw.mods.modlauncher@11.0.5/cpw.mods.modlauncher.LaunchServiceHandler.launch(LaunchServiceHandler.java:71) [modlauncher-11.0.5.jar%23157!/:?]
	at MC-BOOTSTRAP/cpw.mods.modlauncher@11.0.5/cpw.mods.modlauncher.Launcher.run(Launcher.java:103) [modlauncher-11.0.5.jar%23157!/:?]
	at MC-BOOTSTRAP/cpw.mods.modlauncher@11.0.5/cpw.mods.modlauncher.Launcher.main(Launcher.java:74) [modlauncher-11.0.5.jar%23157!/:?]
	at MC-BOOTSTRAP/cpw.mods.modlauncher@11.0.5/cpw.mods.modlauncher.BootstrapLaunchConsumer.accept(BootstrapLaunchConsumer.java:26) [modlauncher-11.0.5.jar%23157!/:?]
	at MC-BOOTSTRAP/cpw.mods.modlauncher@11.0.5/cpw.mods.modlauncher.BootstrapLaunchConsumer.accept(BootstrapLaunchConsumer.java:23) [modlauncher-11.0.5.jar%23157!/:?]
	at cpw.mods.bootstraplauncher@2.0.2/cpw.mods.bootstraplauncher.BootstrapLauncher.run(BootstrapLauncher.java:210) [bootstraplauncher-2.0.2.jar:?]
	at cpw.mods.bootstraplauncher@2.0.2/cpw.mods.bootstraplauncher.BootstrapLauncher.main(BootstrapLauncher.java:69) [bootstraplauncher-2.0.2.jar:?]
	at java.base/jdk.internal.reflect.DirectMethodHandleAccessor.invoke(DirectMethodHandleAccessor.java:104) ~[?:?]
	at java.base/java.lang.reflect.Method.invoke(Method.java:565) ~[?:?]
	at com.modrinth.theseus.MinecraftLaunch.relaunch(MinecraftLaunch.java:61) [theseus.jar:?]
	at com.modrinth.theseus.MinecraftLaunch.main(MinecraftLaunch.java:28) [theseus.jar:?]
Caused by: org.spongepowered.asm.mixin.injection.throwables.InjectionError: Critical injection failure: Callback method simulated$error(Lorg/apache/logging/log4j/Logger;Ljava/lang/String;Ljava/lang/Object;Ljava/lang/Object;Lcom/llamalad7/mixinextras/injector/wrapoperation/Operation;Lcom/llamalad7/mixinextras/sugar/ref/LocalRef;)V in simulated.mixins.json:silence_jei.ItemStackListFactoryMixin from mod simulated failed injection check, (0/1) succeeded. Scanned 0 target(s). No refMap loaded.
	at MC-BOOTSTRAP/org.spongepowered.mixin/org.spongepowered.asm.mixin.injection.struct.InjectionInfo.postInject(InjectionInfo.java:531) ~[sponge-mixin-0.15.2+mixin.0.8.7.jar%23166!/:0.15.2+mixin.0.8.7]
	at TRANSFORMER/mixinextras.neoforge@0.5.3/com.llamalad7.mixinextras.injector.MixinExtrasLateInjectionInfo.latePostInject(MixinExtrasLateInjectionInfo.java:57) ~[mixinextras-neoforge-0.5.3.jar%23508!/:?]
	at TRANSFORMER/mixinextras.neoforge@0.5.3/com.llamalad7.mixinextras.wrapper.InjectorWrapperImpl.doPostInject(InjectorWrapperImpl.java:88) ~[mixinextras-neoforge-0.5.3.jar%23508!/:?]
	at TRANSFORMER/mixinextras.neoforge@0.5.3/com.llamalad7.mixinextras.sugar.impl.SugarWrapperImpl.doPostInject(SugarWrapperImpl.java:88) ~[mixinextras-neoforge-0.5.3.jar%23508!/:?]
	at TRANSFORMER/mixinextras.neoforge@0.5.3/com.llamalad7.mixinextras.wrapper.WrapperInjectionInfo.latePostInject(WrapperInjectionInfo.java:101) ~[mixinextras-neoforge-0.5.3.jar%23508!/:?]
	at TRANSFORMER/mixinextras.neoforge@0.5.3/com.llamalad7.mixinextras.injector.LateInjectionApplicatorExtension.postApply(LateInjectionApplicatorExtension.java:43) ~[mixinextras-neoforge-0.5.3.jar%23508!/:?]
	at MC-BOOTSTRAP/org.spongepowered.mixin/org.spongepowered.asm.mixin.transformer.ext.Extensions.postApply(Extensions.java:167) ~[sponge-mixin-0.15.2+mixin.0.8.7.jar:0.15.2+mixin.0.8.7]
	at MC-BOOTSTRAP/org.spongepowered.mixin/org.spongepowered.asm.mixin.transformer.TargetClassContext.postApply(TargetClassContext.java:448) ~[sponge-mixin-0.15.2+mixin.0.8.7.jar:0.15.2+mixin.0.8.7]
	at MC-BOOTSTRAP/org.spongepowered.mixin/org.spongepowered.asm.mixin.transformer.TargetClassContext.applyMixins(TargetClassContext.java:420) ~[sponge-mixin-0.15.2+mixin.0.8.7.jar:0.15.2+mixin.0.8.7]
	at MC-BOOTSTRAP/org.spongepowered.mixin/org.spongepowered.asm.mixin.transformer.MixinProcessor.applyMixins(MixinProcessor.java:363) ~[sponge-mixin-0.15.2+mixin.0.8.7.jar:0.15.2+mixin.0.8.7]
	... 55 more
[27srp2026 17:08:33.418] [VoicechatSoundManagerThread/INFO] [Sound Physics - General/]: Initializing sound physics for voice chat audio
[27srp2026 17:08:33.419] [VoicechatSoundManagerThread/INFO] [Sound Physics - General/]: Initializing Sound Physics
[27srp2026 17:08:33.419] [VoicechatSoundManagerThread/INFO] [Sound Physics - General/]: EFX Extension recognized
[27srp2026 17:08:33.420] [VoicechatSoundManagerThread/INFO] [Sound Physics - General/]: Max auxiliary sends: 2
[27srp2026 17:08:33.420] [VoicechatSoundManagerThread/INFO] [Sound Physics - General/]: Aux slot 1 created
[27srp2026 17:08:33.420] [VoicechatSoundManagerThread/INFO] [Sound Physics - General/]: Aux slot 2 created
[27srp2026 17:08:33.420] [VoicechatSoundManagerThread/INFO] [Sound Physics - General/]: Aux slot 3 created
[27srp2026 17:08:33.420] [VoicechatSoundManagerThread/INFO] [Sound Physics - General/]: Aux slot 4 created
[27srp2026 17:08:33.428] [VoicechatSoundManagerThread/INFO] [Sound Physics - General/]: EFX ready
[27srp2026 17:08:33.428] [level shutdown/INFO] [DistantHorizons-DistantHorizons-com.seibel.distanthorizons.core.generation.queues.WorldGenerationQueue/]: Closing world gen queue
[27srp2026 17:08:33.428] [level shutdown/INFO] [DistantHorizons-DistantHorizons-com.seibel.distanthorizons.core.generation.queues.WorldGenerationQueue/]: Closing world gen queue
[27srp2026 17:08:33.428] [level shutdown/INFO] [DistantHorizons-DistantHorizons-com.seibel.distanthorizons.core.generation.queues.WorldGenerationQueue/]: Closing world gen queue
[27srp2026 17:08:33.432] [level shutdown/INFO] [DistantHorizons-DistantHorizons-com.seibel.distanthorizons.core.generation.queues.WorldGenerationQueue/]: Closing WorldGenerationQueue...
[27srp2026 17:08:33.432] [level shutdown/INFO] [DistantHorizons-DistantHorizons-com.seibel.distanthorizons.core.generation.queues.WorldGenerationQueue/]: Closing WorldGenerationQueue...
[27srp2026 17:08:33.432] [level shutdown/INFO] [DistantHorizons-DistantHorizons-com.seibel.distanthorizons.core.generation.queues.WorldGenerationQueue/]: Closing WorldGenerationQueue...
[27srp2026 17:08:33.432] [level shutdown/INFO] [DistantHorizons-DistantHorizons-com.seibel.distanthorizons.core.generation.queues.WorldGenerationQueue/]: Shutting down world generator thread pool...
[27srp2026 17:08:33.432] [level shutdown/INFO] [DistantHorizons-DistantHorizons-com.seibel.distanthorizons.core.generation.queues.WorldGenerationQueue/]: Shutting down world generator thread pool...
[27srp2026 17:08:33.433] [level shutdown/INFO] [DistantHorizons-DistantHorizons-com.seibel.distanthorizons.core.generation.queues.WorldGenerationQueue/]: World generator thread pool shutdown with [0] incomplete tasks.
[27srp2026 17:08:33.433] [level shutdown/INFO] [DistantHorizons-DistantHorizons-com.seibel.distanthorizons.core.generation.queues.WorldGenerationQueue/]: World generator thread pool shutdown with [0] incomplete tasks.
[27srp2026 17:08:33.434] [level shutdown/INFO] [DistantHorizons-DistantHorizons-com.seibel.distanthorizons.core.generation.BatchGenerator/]: [BatchGenerator] shutting down...
[27srp2026 17:08:33.432] [level shutdown/INFO] [DistantHorizons-DistantHorizons-com.seibel.distanthorizons.core.generation.queues.WorldGenerationQueue/]: Shutting down world generator thread pool...
[27srp2026 17:08:33.434] [level shutdown/INFO] [DistantHorizons-LOD World Gen/]: Closing [BatchGenerationEnvironment_neoforge]
[27srp2026 17:08:33.434] [level shutdown/INFO] [DistantHorizons-DistantHorizons-com.seibel.distanthorizons.core.generation.queues.WorldGenerationQueue/]: World generator thread pool shutdown with [0] incomplete tasks.
[27srp2026 17:08:33.434] [level shutdown/INFO] [DistantHorizons-DistantHorizons-com.seibel.distanthorizons.core.generation.BatchGenerator/]: [BatchGenerator] shutting down...
[27srp2026 17:08:33.434] [level shutdown/INFO] [DistantHorizons-DistantHorizons-com.seibel.distanthorizons.core.generation.queues.WorldGenerationQueue/]: Finished closing WorldGenerationQueue
[27srp2026 17:08:33.434] [level shutdown/INFO] [DistantHorizons-DistantHorizons-com.seibel.distanthorizons.core.generation.BatchGenerator/]: [BatchGenerator] shutting down...
[27srp2026 17:08:33.434] [level shutdown/INFO] [DistantHorizons-LOD World Gen/]: Closing [BatchGenerationEnvironment_neoforge]
[27srp2026 17:08:33.435] [level shutdown/INFO] [DistantHorizons-LOD World Gen/]: Closing [BatchGenerationEnvironment_neoforge]
[27srp2026 17:08:33.435] [level shutdown/INFO] [DistantHorizons-DistantHorizons-com.seibel.distanthorizons.core.generation.queues.WorldGenerationQueue/]: Finished closing WorldGenerationQueue
[27srp2026 17:08:33.435] [level shutdown/INFO] [DistantHorizons-DistantHorizons-com.seibel.distanthorizons.core.generation.queues.WorldGenerationQueue/]: Finished closing WorldGenerationQueue
[27srp2026 17:08:33.435] [level shutdown/INFO] [DistantHorizons-DistantHorizons-com.seibel.distanthorizons.core.level.AbstractDhServerLevel/]: Closed DHLevel for [Wrapped{ServerLevel[Create: Paradise]@minecraft:the_end}].
[27srp2026 17:08:33.435] [level shutdown/INFO] [DistantHorizons-DistantHorizons-com.seibel.distanthorizons.core.level.AbstractDhServerLevel/]: Closed DHLevel for [Wrapped{ServerLevel[Create: Paradise]@minecraft:the_nether}].
[27srp2026 17:08:33.435] [level shutdown/INFO] [DistantHorizons-DistantHorizons-com.seibel.distanthorizons.core.level.AbstractDhServerLevel/]: Closed DHLevel for [Wrapped{ServerLevel[Create: Paradise]@minecraft:overworld}].
[27srp2026 17:08:33.435] [level shutdown/INFO] [DistantHorizons-DistantHorizons-com.seibel.distanthorizons.core.level.AbstractDhServerLevel/]: Closed DhClientServerLevel for Wrapped{ServerLevel[Create: Paradise]@minecraft:overworld}
[27srp2026 17:08:33.435] [level shutdown/INFO] [DistantHorizons-DistantHorizons-com.seibel.distanthorizons.core.level.AbstractDhServerLevel/]: Closed DhClientServerLevel for Wrapped{ServerLevel[Create: Paradise]@minecraft:the_nether}
[27srp2026 17:08:33.435] [level shutdown/INFO] [DistantHorizons-DistantHorizons-com.seibel.distanthorizons.core.level.AbstractDhServerLevel/]: Closed DhClientServerLevel for Wrapped{ServerLevel[Create: Paradise]@minecraft:the_end}
[27srp2026 17:08:33.436] [Server thread/INFO] [DistantHorizons-DistantHorizons-com.seibel.distanthorizons.core.world.AbstractDhWorld/]: Closed DhWorld of type [CLIENT_SERVER].
[27srp2026 17:08:33.439] [level shutdown/INFO] [DistantHorizons-DistantHorizons-com.seibel.distanthorizons.core.level.AbstractDhServerLevel/]: Closed DHLevel for [Wrapped{ServerLevel[Create: Paradise]@minecraft:the_nether}].
[27srp2026 17:08:33.439] [level shutdown/INFO] [DistantHorizons-DistantHorizons-com.seibel.distanthorizons.core.level.AbstractDhServerLevel/]: Closed DhClientServerLevel for Wrapped{ServerLevel[Create: Paradise]@minecraft:the_nether}
[27srp2026 17:08:33.439] [level shutdown/INFO] [DistantHorizons-DistantHorizons-com.seibel.distanthorizons.core.level.AbstractDhServerLevel/]: Closed DHLevel for [Wrapped{ServerLevel[Create: Paradise]@minecraft:the_end}].
[27srp2026 17:08:33.441] [level shutdown/INFO] [DistantHorizons-DistantHorizons-com.seibel.distanthorizons.core.level.AbstractDhServerLevel/]: Closed DhClientServerLevel for Wrapped{ServerLevel[Create: Paradise]@minecraft:the_end}
[27srp2026 17:08:33.440] [level shutdown/INFO] [DistantHorizons-DistantHorizons-com.seibel.distanthorizons.core.level.AbstractDhServerLevel/]: Closed DHLevel for [Wrapped{ServerLevel[Create: Paradise]@minecraft:overworld}].
[27srp2026 17:08:33.441] [level shutdown/INFO] [DistantHorizons-DistantHorizons-com.seibel.distanthorizons.core.level.AbstractDhServerLevel/]: Closed DhClientServerLevel for Wrapped{ServerLevel[Create: Paradise]@minecraft:overworld}
[27srp2026 17:08:33.442] [Server thread/INFO] [DistantHorizons-DistantHorizons-com.seibel.distanthorizons.core.world.AbstractDhWorld/]: Closed DhWorld of type [CLIENT_SERVER].
[27srp2026 17:08:33.442] [Server thread/INFO] [DistantHorizons-DistantHorizons-com.seibel.distanthorizons.core.util.threading.PriorityTaskPicker/]: Shutting down PriorityTaskPicker thread pool...
[27srp2026 17:08:34.415] [Server thread/INFO] [DistantHorizons-DistantHorizons-com.seibel.distanthorizons.core.sql.repo.AbstractDhRepo/]: Closing all [3] database connections...
[27srp2026 17:08:34.415] [Server thread/INFO] [DistantHorizons-DistantHorizons-com.seibel.distanthorizons.core.sql.repo.AbstractDhRepo/]: Closing database connection: [jdbc:dh_sqlite:C:\Users\misac_2cf3zzc\AppData\Roaming\ModrinthApp\profiles\Create_ Paradise\saves\Create_ Paradise\DIM-1\data\DistantHorizons.sqlite]
[27srp2026 17:08:34.417] [Server thread/INFO] [DistantHorizons-DistantHorizons-com.seibel.distanthorizons.core.sql.repo.AbstractDhRepo/]: Closing database connection: [jdbc:dh_sqlite:C:\Users\misac_2cf3zzc\AppData\Roaming\ModrinthApp\profiles\Create_ Paradise\saves\Create_ Paradise\DIM1\data\DistantHorizons.sqlite]
[27srp2026 17:08:34.419] [Server thread/INFO] [DistantHorizons-DistantHorizons-com.seibel.distanthorizons.core.sql.repo.AbstractDhRepo/]: Closing database connection: [jdbc:dh_sqlite:C:\Users\misac_2cf3zzc\AppData\Roaming\ModrinthApp\profiles\Create_ Paradise\saves\Create_ Paradise\data\DistantHorizons.sqlite]
[27srp2026 17:08:35.274] [Server thread/INFO] [net.minecraft.server.MinecraftServer/]: Stopping server
[27srp2026 17:08:35.276] [Server thread/INFO] [net.minecraft.server.MinecraftServer/]: Saving players
[27srp2026 17:08:35.352] [Server thread/INFO] [net.minecraft.server.MinecraftServer/]: Saving worlds
[27srp2026 17:08:35.354] [Netty Local Client IO #1/INFO] [dev.ryanhcode.sable.Sable/]: Client UDP channel inactive
[27srp2026 17:08:35.355] [Netty Local Client IO #1/INFO] [dev.ryanhcode.sable.Sable/]: Closed UDP channel!
[27srp2026 17:08:37.575] [Server thread/INFO] [net.minecraft.server.MinecraftServer/]: Saving chunks for level 'ServerLevel[Create: Paradise]'/minecraft:overworld
[27srp2026 17:08:37.576] [Server thread/INFO] [dev.ryanhcode.sable.Sable/]: Saving sub-levels for level 'ServerLevel[Create: Paradise]'/minecraft:overworld
[27srp2026 17:08:39.168] [Server thread/INFO] [net.minecraft.server.MinecraftServer/]: Saving chunks for level 'ServerLevel[Create: Paradise]'/minecraft:the_end
[27srp2026 17:08:39.168] [Server thread/INFO] [dev.ryanhcode.sable.Sable/]: Saving sub-levels for level 'ServerLevel[Create: Paradise]'/minecraft:the_end
[27srp2026 17:08:39.183] [Server thread/INFO] [net.minecraft.server.MinecraftServer/]: Saving chunks for level 'ServerLevel[Create: Paradise]'/minecraft:the_nether
[27srp2026 17:08:39.183] [Server thread/INFO] [dev.ryanhcode.sable.Sable/]: Saving sub-levels for level 'ServerLevel[Create: Paradise]'/minecraft:the_nether
[27srp2026 17:08:39.207] [Server thread/INFO] [net.minecraft.server.MinecraftServer/]: ThreadedAnvilChunkStorage (Create_ Paradise): All chunks are saved
[27srp2026 17:08:39.208] [Server thread/INFO] [net.minecraft.server.MinecraftServer/]: ThreadedAnvilChunkStorage (DIM1): All chunks are saved
[27srp2026 17:08:39.208] [Server thread/INFO] [net.minecraft.server.MinecraftServer/]: ThreadedAnvilChunkStorage (DIM-1): All chunks are saved
[27srp2026 17:08:39.208] [Server thread/INFO] [net.minecraft.server.MinecraftServer/]: ThreadedAnvilChunkStorage: All dimensions are saved
[27srp2026 17:08:39.359] [Render thread/INFO] [xaero.map.WorldMap/]: Finalizing world map session...
[27srp2026 17:08:39.361] [Thread-39/INFO] [xaero.map.WorldMap/]: World map force-cleaned!
[27srp2026 17:08:39.422] [Render thread/INFO] [xaero.map.WorldMap/]: World map session finalized.
[27srp2026 17:08:39.422] [Render thread/INFO] [xaero.hud.minimap.MinimapLogs/]: Xaero hud session finalized.
[27srp2026 17:08:39.455] [Render thread/INFO] [voicechat/]: [voicechat] Clearing audio channels
[27srp2026 17:08:42.314] [Render thread/FATAL] [net.neoforged.neoforge.common.NeoForgeMod/]: Preparing crash report with UUID 2d6dd8de-6eb1-4157-9d82-e9468cf00782
[27srp2026 17:08:42.316] [Render thread/INFO] [STDOUT/]: [net.minecraft.server.Bootstrap:realStdoutPrintln:135]: ---- Minecraft Crash Report ----

// It wasn't me (it probably was)
Please make sure this issue is not caused by Sable before reporting it to other mod authors.
If you cannot reproduce it without Sable, file a report on the issue tracker
https://github.com/ryanhcode/sable/issues

// My bad.

Time: 2026-08-27 17:08:42
Description: Unexpected error

org.spongepowered.asm.mixin.transformer.throwables.MixinTransformerError: An unexpected critical error was encountered
	at MC-BOOTSTRAP/org.spongepowered.mixin/org.spongepowered.asm.mixin.transformer.MixinProcessor.applyMixins(MixinProcessor.java:392) ~[sponge-mixin-0.15.2+mixin.0.8.7.jar:0.15.2+mixin.0.8.7] {}
	at MC-BOOTSTRAP/org.spongepowered.mixin/org.spongepowered.asm.mixin.transformer.MixinTransformer.transformClass(MixinTransformer.java:250) ~[sponge-mixin-0.15.2+mixin.0.8.7.jar:0.15.2+mixin.0.8.7] {}
	at MC-BOOTSTRAP/org.spongepowered.mixin/org.spongepowered.asm.service.modlauncher.MixinTransformationHandler.processClass(MixinTransformationHandler.java:131) ~[sponge-mixin-0.15.2+mixin.0.8.7.jar:0.15.2+mixin.0.8.7] {}
	at MC-BOOTSTRAP/org.spongepowered.mixin/org.spongepowered.asm.launch.MixinLaunchPluginLegacy.processClass(MixinLaunchPluginLegacy.java:131) ~[sponge-mixin-0.15.2+mixin.0.8.7.jar:0.15.2+mixin.0.8.7] {}
	at MC-BOOTSTRAP/cpw.mods.modlauncher@11.0.5/cpw.mods.modlauncher.serviceapi.ILaunchPluginService.processClassWithFlags(ILaunchPluginService.java:156) ~[modlauncher-11.0.5.jar:11.0.5+main.901c6ea8] {}
	at MC-BOOTSTRAP/cpw.mods.modlauncher@11.0.5/cpw.mods.modlauncher.LaunchPluginHandler.offerClassNodeToPlugins(LaunchPluginHandler.java:94) ~[modlauncher-11.0.5.jar:?] {}
	at MC-BOOTSTRAP/cpw.mods.modlauncher@11.0.5/cpw.mods.modlauncher.ClassTransformer.transform(ClassTransformer.java:120) ~[modlauncher-11.0.5.jar:?] {}
	at MC-BOOTSTRAP/cpw.mods.modlauncher@11.0.5/cpw.mods.modlauncher.TransformingClassLoader.maybeTransformClassBytes(TransformingClassLoader.java:57) ~[modlauncher-11.0.5.jar:?] {}
	at cpw.mods.securejarhandler/cpw.mods.cl.ModuleClassLoader.readerToClass(ModuleClassLoader.java:190) ~[securejarhandler-3.0.8.jar:?] {}
	at cpw.mods.securejarhandler/cpw.mods.cl.ModuleClassLoader.lambda$findClass$20(ModuleClassLoader.java:298) ~[securejarhandler-3.0.8.jar:?] {}
	at cpw.mods.securejarhandler/cpw.mods.cl.ModuleClassLoader.loadFromModule(ModuleClassLoader.java:311) ~[securejarhandler-3.0.8.jar:?] {}
	at cpw.mods.securejarhandler/cpw.mods.cl.ModuleClassLoader.findClass(ModuleClassLoader.java:298) ~[securejarhandler-3.0.8.jar:?] {}
	at cpw.mods.securejarhandler/cpw.mods.cl.ModuleClassLoader.loadClass(ModuleClassLoader.java:214) ~[securejarhandler-3.0.8.jar:?] {}
	at java.base/java.lang.ClassLoader.loadClass(ClassLoader.java:490) ~[?:?] {}
	at TRANSFORMER/jei@19.44.0.406/mezz.jei.library.plugins.vanilla.VanillaPlugin.registerIngredients(VanillaPlugin.java:185) ~[jei-1.21.1-neoforge-19.44.0.406.jar%23382!/:19.44.0.406] {re:classloading}
	at TRANSFORMER/jei@19.44.0.406/mezz.jei.library.load.PluginLoader.lambda$registerIngredients$2(PluginLoader.java:90) ~[jei-1.21.1-neoforge-19.44.0.406.jar%23382!/:19.44.0.406] {re:classloading}
	at TRANSFORMER/jei@19.44.0.406/mezz.jei.library.load.PluginCaller.callOnPlugins(PluginCaller.java:26) ~[jei-1.21.1-neoforge-19.44.0.406.jar%23382!/:19.44.0.406] {re:classloading}
	at TRANSFORMER/jei@19.44.0.406/mezz.jei.library.load.PluginLoader.registerIngredients(PluginLoader.java:90) ~[jei-1.21.1-neoforge-19.44.0.406.jar%23382!/:19.44.0.406] {re:classloading}
	at TRANSFORMER/jei@19.44.0.406/mezz.jei.library.startup.JeiStarter.start(JeiStarter.java:145) ~[jei-1.21.1-neoforge-19.44.0.406.jar%23382!/:19.44.0.406] {re:classloading}
	at TRANSFORMER/jei@19.44.0.406/mezz.jei.neoforge.startup.StartEventObserver.transitionState(StartEventObserver.java:200) ~[jei-1.21.1-neoforge-19.44.0.406.jar%23382!/:19.44.0.406] {re:classloading}
	at TRANSFORMER/jei@19.44.0.406/mezz.jei.neoforge.startup.StartEventObserver.startIfReady(StartEventObserver.java:112) ~[jei-1.21.1-neoforge-19.44.0.406.jar%23382!/:19.44.0.406] {re:classloading}
	at TRANSFORMER/jei@19.44.0.406/mezz.jei.neoforge.startup.StartEventObserver.onRecipesUpdatedEvent(StartEventObserver.java:101) ~[jei-1.21.1-neoforge-19.44.0.406.jar%23382!/:19.44.0.406] {re:classloading}
	at MC-BOOTSTRAP/net.neoforged.bus/net.neoforged.bus.ConsumerEventHandler.invoke(ConsumerEventHandler.java:27) ~[bus-8.0.5.jar%23155!/:?] {}
	at MC-BOOTSTRAP/net.neoforged.bus/net.neoforged.bus.EventBus.post(EventBus.java:360) ~[bus-8.0.5.jar%23155!/:?] {}
	at MC-BOOTSTRAP/net.neoforged.bus/net.neoforged.bus.EventBus.post(EventBus.java:328) ~[bus-8.0.5.jar%23155!/:?] {}
	at TRANSFORMER/neoforge@21.1.248/net.neoforged.neoforge.client.ClientHooks.onRecipesUpdated(ClientHooks.java:664) ~[neoforge-21.1.248-universal.jar%23315!/:?] {re:mixin,re:classloading,pl:mixin:APP:supermartijn642corelib.mixins.json:ClientHooksMixin from mod supermartijn642corelib,pl:mixin:APP:moonlight.mixins.json:ClientHooksMixin from mod moonlight,pl:mixin:A}
	at TRANSFORMER/minecraft@1.21.1/net.minecraft.client.multiplayer.ClientPacketListener.handleUpdateRecipes(ClientPacketListener.java:1506) ~[client-1.21.1-20240808.144430-srg.jar%23314!/:?] {re:mixin,pl:accesstransformer:B,pl:runtimedistcleaner:A,re:classloading,pl:accesstransformer:B,pl:mixin:A,pl:runtimedistcleaner:A}
	at TRANSFORMER/minecraft@1.21.1/net.minecraft.network.protocol.game.ClientboundUpdateRecipesPacket.handle(ClientboundUpdateRecipesPacket.java:32) ~[client-1.21.1-20240808.144430-srg.jar%23314!/:?] {re:classloading}
	at TRANSFORMER/minecraft@1.21.1/net.minecraft.network.protocol.game.ClientboundUpdateRecipesPacket.handle(ClientboundUpdateRecipesPacket.java:13) ~[client-1.21.1-20240808.144430-srg.jar%23314!/:?] {re:classloading}
	at TRANSFORMER/minecraft@1.21.1/net.minecraft.network.protocol.PacketUtils.lambda$ensureRunningOnSameThread$0(PacketUtils.java:27) ~[client-1.21.1-20240808.144430-srg.jar%23314!/:?] {re:mixin,re:mixin,re:classloading,pl:mixin:APP:mixins.essential.json:compatibility.vanilla.Mixin_FixPacketHandlingPastServerShutdown from mod (unknown),pl:mixin:A}
	at TRANSFORMER/minecraft@1.21.1/net.minecraft.util.thread.BlockableEventLoop.doRunTask(BlockableEventLoop.java:148) ~[client-1.21.1-20240808.144430-srg.jar%23314!/:?] {re:mixin,pl:accesstransformer:B,re:computing_frames,pl:accesstransformer:B,re:classloading,pl:accesstransformer:B,pl:mixin:APP:mixins.essential.json:client.Mixin_ThreadTaskExecutor from mod (unknown),pl:mixin:A}
	at TRANSFORMER/minecraft@1.21.1/net.minecraft.util.thread.ReentrantBlockableEventLoop.doRunTask(ReentrantBlockableEventLoop.java:23) ~[client-1.21.1-20240808.144430-srg.jar%23314!/:?] {re:mixin,re:computing_frames,re:classloading}
	at TRANSFORMER/minecraft@1.21.1/net.minecraft.util.thread.BlockableEventLoop.pollTask(BlockableEventLoop.java:122) ~[client-1.21.1-20240808.144430-srg.jar%23314!/:?] {re:mixin,pl:accesstransformer:B,re:computing_frames,pl:accesstransformer:B,re:classloading,pl:accesstransformer:B,pl:mixin:APP:mixins.essential.json:client.Mixin_ThreadTaskExecutor from mod (unknown),pl:mixin:A}
	at TRANSFORMER/minecraft@1.21.1/net.minecraft.util.thread.BlockableEventLoop.runAllTasks(BlockableEventLoop.java:111) ~[client-1.21.1-20240808.144430-srg.jar%23314!/:?] {re:mixin,pl:accesstransformer:B,re:computing_frames,pl:accesstransformer:B,re:classloading,pl:accesstransformer:B,pl:mixin:APP:mixins.essential.json:client.Mixin_ThreadTaskExecutor from mod (unknown),pl:mixin:A}
	at TRANSFORMER/minecraft@1.21.1/net.minecraft.client.Minecraft.runTick(Minecraft.java:1155) [client-1.21.1-20240808.144430-srg.jar%23314!/:?] {re:mixin,pl:accesstransformer:B,pl:runtimedistcleaner:A,re:mixin,pl:accesstransformer:B,pl:runtimedistcleaner:A,re:mixin,pl:accesstransformer:B,pl:runtimedistcleaner:A,re:mixin,pl:accesstransformer:B,pl:runtimedistcleaner:A,re:classloading,pl:accesstransformer:B,pl:mixin:APP:mixins.essential.json:compatibility.vanilla.Mixin_CheckThreadSafetyOfOpenScreenMethod from mod (unknown),pl:mixin:APP:xaeroworldmap.mixins.json:MixinMinecraftClient from mod xaeroworldmap,pl:mixin:APP:xaeroworldmap.neoforge.mixins.json:MixinForgeMinecraftClient from mod xaeroworldmap,pl:mixin:APP:modernfix-modernfix.mixins.json:bugfix.world_leaks.MinecraftMixin from mod modernfix,pl:mixin:APP:modernfix-modernfix.mixins.json:feature.measure_time.MinecraftMixin_Forge from mod modernfix,pl:mixin:APP:modernfix-modernfix.mixins.json:feature.measure_time.MinecraftMixin from mod modernfix,pl:mixin:APP:modernfix-modernfix.mixins.json:perf.encoder_cache_leak.MinecraftMixin from mod modernfix,pl:mixin:APP:modernfix-modernfix.mixins.json:perf.suspend_integrated_server_during_load.MinecraftMixin from mod modernfix,pl:mixin:APP:modernfix-modernfix.mixins.json:perf.dedicated_reload_executor.MinecraftMixin from mod modernfix,pl:mixin:APP:veil.debug.mixins.json:client.DebugMinecraftMixin from mod veil,pl:mixin:APP:veil.pipeline.mixins.json:client.PipelineMinecraftMixin from mod veil,pl:mixin:APP:veil.neoforge.mixins.json:client.MinecraftMixin from mod veil,pl:mixin:APP:simulated.mixins.json:handle.MinecraftMixin from mod simulated,pl:mixin:APP:carryon.mixins.json:MinecraftMixin from mod carryon,pl:mixin:APP:betterthirdperson.mixins.json:MinecraftClientMixin from mod betterthirdperson,pl:mixin:APP:architectury.mixins.json:MixinMinecraft from mod architectury,pl:mixin:APP:transition.mixins.json:EntityRenderStateMixin from mod transition,pl:mixin:APP:transition.mixins.json:EntityRendererMixin from mod transition,pl:mixin:APP:transition.mixins.json:BlockEntityRenderStateMixin from mod transition,pl:mixin:APP:transition.mixins.json:MinecraftMixin from mod transition,pl:mixin:APP:rechiseled.mixins.json:MinecraftMixin from mod rechiseled,pl:mixin:APP:aeronautics.mixins.json:custom_situational_music.MinecraftMixin from mod aeronautics,pl:mixin:APP:papi.mixins.json:memoryleakfix.MinecraftScreenshotMixin from mod papi,pl:mixin:APP:DistantHorizons.neoforge.mixins.json:client.MixinMinecraft from mod distanthorizons,pl:mixin:APP:fusion.mixins.json:MinecraftMixin from mod fusion,pl:mixin:APP:moonlight-common.mixins.json:MinecraftMixin from mod moonlight,pl:mixin:APP:notenoughanimations.mixins.json:LivingRenderStateMixin from mod notenoughanimations,pl:mixin:APP:flywheel.impl.mixins.json:MinecraftMixin from mod flywheel,pl:mixin:APP:ponder-common.mixins.json:client.WindowResizeMixin from mod ponder,pl:mixin:APP:create.mixins.json:accessor.MinecraftAccessor from mod create,pl:mixin:APP:sable.mixins.json:camera.new_camera_types.MinecraftMixin from mod sable,pl:mixin:APP:sable.mixins.json:plot.MinecraftMixin from mod sable,pl:mixin:APP:sable.mixins.json:punching.MinecraftMixin from mod sable,pl:mixin:APP:xaerohud.mixins.json:MixinMinecraftClient from mod xaerominimap,pl:mixin:APP:freecam-common.mixins.json:MinecraftMixin from mod freecam,pl:mixin:APP:entityculling.mixins.json:DebugScreenEntriesAccessor from mod entityculling,pl:mixin:APP:entityculling.mixins.json:LivingEntityRendererAccessor from mod entityculling,pl:mixin:APP:immediatelyfast-common.mixins.json:core.MixinMinecraftClient from mod immediatelyfast,pl:mixin:APP:mixins.essential.json:client.Mixin_IncreaseMenuFpsLimit from mod (unknown),pl:mixin:APP:mixins.essential.json:client.Mixin_RunEssentialTasks from mod (unknown),pl:mixin:APP:mixins.essential.json:client.MixinMinecraft from mod (unknown),pl:mixin:APP:mixins.essential.json:client.gui.Mixin_FixKeybindUnpressedInScreensThatAllowPlayerMovement from mod (unknown),pl:mixin:APP:mixins.essential.json:client.gui.Mixin_RecalculateMenuScale from mod (unknown),pl:mixin:APP:mixins.essential.json:client.gui.Mixin_UpdateWindowTitle_AddSPSTitle from mod (unknown),pl:mixin:APP:mixins.essential.json:client.gui.Mixin_UpdateWindowTitle_DisplayScreen from mod (unknown),pl:mixin:APP:mixins.essential.json:client.gui.Mixin_UpdateWindowTitle_LoadWorld from mod (unknown),pl:mixin:APP:mixins.essential.json:compatibility.vanilla.Mixin_FixDisconnectDuringResourcePackReload from mod (unknown),pl:mixin:APP:mixins.essential.json:compatibility.vanilla.Mixin_WorkaroundBrokenFramebufferBlitBlending from mod (unknown),pl:mixin:APP:mixins.essential.json:events.Mixin_RenderTickEvent_Final from mod (unknown),pl:mixin:APP:mixins.essential.json:client.gui.Mixin_AllowMovementDuringScreens_HandleKeybinds from mod (unknown),pl:mixin:APP:mixins.essential.json:feature.core.Mixin_GuiOpenedEvent from mod (unknown),pl:mixin:APP:mixins.essential.json:feature.core.Mixin_GuiOpenEvent from mod (unknown),pl:mixin:APP:mixins.essential.json:feature.skin_overwrites.MinecraftAccessor from mod (unknown),pl:mixin:APP:mixins.essential.json:feature.skin_overwrites.Mixin_InstallTrustingServicesKeyInfo from mod (unknown),pl:mixin:APP:sound_physics_remastered.mixins.json:MinecraftMixin from mod (unknown),pl:mixin:APP:modernfix-modernfix.mixins.json:feature.remove_telemetry.MinecraftMixin_Telemetry from mod modernfix,pl:mixin:A,pl:runtimedistcleaner:A}
	at TRANSFORMER/minecraft@1.21.1/net.minecraft.client.Minecraft.run(Minecraft.java:807) [client-1.21.1-20240808.144430-srg.jar%23314!/:?] {re:mixin,pl:accesstransformer:B,pl:runtimedistcleaner:A,re:mixin,pl:accesstransformer:B,pl:runtimedistcleaner:A,re:mixin,pl:accesstransformer:B,pl:runtimedistcleaner:A,re:mixin,pl:accesstransformer:B,pl:runtimedistcleaner:A,re:classloading,pl:accesstransformer:B,pl:mixin:APP:mixins.essential.json:compatibility.vanilla.Mixin_CheckThreadSafetyOfOpenScreenMethod from mod (unknown),pl:mixin:APP:xaeroworldmap.mixins.json:MixinMinecraftClient from mod xaeroworldmap,pl:mixin:APP:xaeroworldmap.neoforge.mixins.json:MixinForgeMinecraftClient from mod xaeroworldmap,pl:mixin:APP:modernfix-modernfix.mixins.json:bugfix.world_leaks.MinecraftMixin from mod modernfix,pl:mixin:APP:modernfix-modernfix.mixins.json:feature.measure_time.MinecraftMixin_Forge from mod modernfix,pl:mixin:APP:modernfix-modernfix.mixins.json:feature.measure_time.MinecraftMixin from mod modernfix,pl:mixin:APP:modernfix-modernfix.mixins.json:perf.encoder_cache_leak.MinecraftMixin from mod modernfix,pl:mixin:APP:modernfix-modernfix.mixins.json:perf.suspend_integrated_server_during_load.MinecraftMixin from mod modernfix,pl:mixin:APP:modernfix-modernfix.mixins.json:perf.dedicated_reload_executor.MinecraftMixin from mod modernfix,pl:mixin:APP:veil.debug.mixins.json:client.DebugMinecraftMixin from mod veil,pl:mixin:APP:veil.pipeline.mixins.json:client.PipelineMinecraftMixin from mod veil,pl:mixin:APP:veil.neoforge.mixins.json:client.MinecraftMixin from mod veil,pl:mixin:APP:simulated.mixins.json:handle.MinecraftMixin from mod simulated,pl:mixin:APP:carryon.mixins.json:MinecraftMixin from mod carryon,pl:mixin:APP:betterthirdperson.mixins.json:MinecraftClientMixin from mod betterthirdperson,pl:mixin:APP:architectury.mixins.json:MixinMinecraft from mod architectury,pl:mixin:APP:transition.mixins.json:EntityRenderStateMixin from mod transition,pl:mixin:APP:transition.mixins.json:EntityRendererMixin from mod transition,pl:mixin:APP:transition.mixins.json:BlockEntityRenderStateMixin from mod transition,pl:mixin:APP:transition.mixins.json:MinecraftMixin from mod transition,pl:mixin:APP:rechiseled.mixins.json:MinecraftMixin from mod rechiseled,pl:mixin:APP:aeronautics.mixins.json:custom_situational_music.MinecraftMixin from mod aeronautics,pl:mixin:APP:papi.mixins.json:memoryleakfix.MinecraftScreenshotMixin from mod papi,pl:mixin:APP:DistantHorizons.neoforge.mixins.json:client.MixinMinecraft from mod distanthorizons,pl:mixin:APP:fusion.mixins.json:MinecraftMixin from mod fusion,pl:mixin:APP:moonlight-common.mixins.json:MinecraftMixin from mod moonlight,pl:mixin:APP:notenoughanimations.mixins.json:LivingRenderStateMixin from mod notenoughanimations,pl:mixin:APP:flywheel.impl.mixins.json:MinecraftMixin from mod flywheel,pl:mixin:APP:ponder-common.mixins.json:client.WindowResizeMixin from mod ponder,pl:mixin:APP:create.mixins.json:accessor.MinecraftAccessor from mod create,pl:mixin:APP:sable.mixins.json:camera.new_camera_types.MinecraftMixin from mod sable,pl:mixin:APP:sable.mixins.json:plot.MinecraftMixin from mod sable,pl:mixin:APP:sable.mixins.json:punching.MinecraftMixin from mod sable,pl:mixin:APP:xaerohud.mixins.json:MixinMinecraftClient from mod xaerominimap,pl:mixin:APP:freecam-common.mixins.json:MinecraftMixin from mod freecam,pl:mixin:APP:entityculling.mixins.json:DebugScreenEntriesAccessor from mod entityculling,pl:mixin:APP:entityculling.mixins.json:LivingEntityRendererAccessor from mod entityculling,pl:mixin:APP:immediatelyfast-common.mixins.json:core.MixinMinecraftClient from mod immediatelyfast,pl:mixin:APP:mixins.essential.json:client.Mixin_IncreaseMenuFpsLimit from mod (unknown),pl:mixin:APP:mixins.essential.json:client.Mixin_RunEssentialTasks from mod (unknown),pl:mixin:APP:mixins.essential.json:client.MixinMinecraft from mod (unknown),pl:mixin:APP:mixins.essential.json:client.gui.Mixin_FixKeybindUnpressedInScreensThatAllowPlayerMovement from mod (unknown),pl:mixin:APP:mixins.essential.json:client.gui.Mixin_RecalculateMenuScale from mod (unknown),pl:mixin:APP:mixins.essential.json:client.gui.Mixin_UpdateWindowTitle_AddSPSTitle from mod (unknown),pl:mixin:APP:mixins.essential.json:client.gui.Mixin_UpdateWindowTitle_DisplayScreen from mod (unknown),pl:mixin:APP:mixins.essential.json:client.gui.Mixin_UpdateWindowTitle_LoadWorld from mod (unknown),pl:mixin:APP:mixins.essential.json:compatibility.vanilla.Mixin_FixDisconnectDuringResourcePackReload from mod (unknown),pl:mixin:APP:mixins.essential.json:compatibility.vanilla.Mixin_WorkaroundBrokenFramebufferBlitBlending from mod (unknown),pl:mixin:APP:mixins.essential.json:events.Mixin_RenderTickEvent_Final from mod (unknown),pl:mixin:APP:mixins.essential.json:client.gui.Mixin_AllowMovementDuringScreens_HandleKeybinds from mod (unknown),pl:mixin:APP:mixins.essential.json:feature.core.Mixin_GuiOpenedEvent from mod (unknown),pl:mixin:APP:mixins.essential.json:feature.core.Mixin_GuiOpenEvent from mod (unknown),pl:mixin:APP:mixins.essential.json:feature.skin_overwrites.MinecraftAccessor from mod (unknown),pl:mixin:APP:mixins.essential.json:feature.skin_overwrites.Mixin_InstallTrustingServicesKeyInfo from mod (unknown),pl:mixin:APP:sound_physics_remastered.mixins.json:MinecraftMixin from mod (unknown),pl:mixin:APP:modernfix-modernfix.mixins.json:feature.remove_telemetry.MinecraftMixin_Telemetry from mod modernfix,pl:mixin:A,pl:runtimedistcleaner:A}
	at TRANSFORMER/minecraft@1.21.1/net.minecraft.client.main.Main.main(Main.java:230) [client-1.21.1-20240808.144430-srg.jar%23314!/:?] {re:mixin,pl:runtimedistcleaner:A,re:classloading,pl:mixin:APP:veil.debug.mixins.json:client.DebugMainMixin from mod veil,pl:mixin:A,pl:runtimedistcleaner:A}
	at java.base/jdk.internal.reflect.DirectMethodHandleAccessor.invoke(DirectMethodHandleAccessor.java:104) ~[?:?] {}
	at java.base/java.lang.reflect.Method.invoke(Method.java:565) ~[?:?] {re:mixin}
	at MC-BOOTSTRAP/fml_loader@4.0.43/net.neoforged.fml.loading.targets.CommonLaunchHandler.runTarget(CommonLaunchHandler.java:136) [loader-4.0.43.jar%23152!/:4.0] {}
	at MC-BOOTSTRAP/fml_loader@4.0.43/net.neoforged.fml.loading.targets.CommonLaunchHandler.clientService(CommonLaunchHandler.java:124) [loader-4.0.43.jar%23152!/:4.0] {}
	at MC-BOOTSTRAP/fml_loader@4.0.43/net.neoforged.fml.loading.targets.CommonClientLaunchHandler.runService(CommonClientLaunchHandler.java:32) [loader-4.0.43.jar%23152!/:4.0] {}
	at MC-BOOTSTRAP/fml_loader@4.0.43/net.neoforged.fml.loading.targets.CommonLaunchHandler.lambda$launchService$4(CommonLaunchHandler.java:118) [loader-4.0.43.jar%23152!/:4.0] {}
	at MC-BOOTSTRAP/cpw.mods.modlauncher@11.0.5/cpw.mods.modlauncher.LaunchServiceHandlerDecorator.launch(LaunchServiceHandlerDecorator.java:30) [modlauncher-11.0.5.jar%23157!/:?] {}
	at MC-BOOTSTRAP/cpw.mods.modlauncher@11.0.5/cpw.mods.modlauncher.LaunchServiceHandler.launch(LaunchServiceHandler.java:53) [modlauncher-11.0.5.jar%23157!/:?] {}
	at MC-BOOTSTRAP/cpw.mods.modlauncher@11.0.5/cpw.mods.modlauncher.LaunchServiceHandler.launch(LaunchServiceHandler.java:71) [modlauncher-11.0.5.jar%23157!/:?] {}
	at MC-BOOTSTRAP/cpw.mods.modlauncher@11.0.5/cpw.mods.modlauncher.Launcher.run(Launcher.java:103) [modlauncher-11.0.5.jar%23157!/:?] {}
	at MC-BOOTSTRAP/cpw.mods.modlauncher@11.0.5/cpw.mods.modlauncher.Launcher.main(Launcher.java:74) [modlauncher-11.0.5.jar%23157!/:?] {}
	at MC-BOOTSTRAP/cpw.mods.modlauncher@11.0.5/cpw.mods.modlauncher.BootstrapLaunchConsumer.accept(BootstrapLaunchConsumer.java:26) [modlauncher-11.0.5.jar%23157!/:?] {}
	at MC-BOOTSTRAP/cpw.mods.modlauncher@11.0.5/cpw.mods.modlauncher.BootstrapLaunchConsumer.accept(BootstrapLaunchConsumer.java:23) [modlauncher-11.0.5.jar%23157!/:?] {}
	at cpw.mods.bootstraplauncher@2.0.2/cpw.mods.bootstraplauncher.BootstrapLauncher.run(BootstrapLauncher.java:210) [bootstraplauncher-2.0.2.jar:?] {}
	at cpw.mods.bootstraplauncher@2.0.2/cpw.mods.bootstraplauncher.BootstrapLauncher.main(BootstrapLauncher.java:69) [bootstraplauncher-2.0.2.jar:?] {}
	at java.base/jdk.internal.reflect.DirectMethodHandleAccessor.invoke(DirectMethodHandleAccessor.java:104) ~[?:?] {}
	at java.base/java.lang.reflect.Method.invoke(Method.java:565) ~[?:?] {re:mixin}
	at com.modrinth.theseus.MinecraftLaunch.relaunch(MinecraftLaunch.java:61) [theseus.jar:?] {}
	at com.modrinth.theseus.MinecraftLaunch.main(MinecraftLaunch.java:28) [theseus.jar:?] {}
Caused by: org.spongepowered.asm.mixin.injection.throwables.InjectionError: Critical injection failure: Callback method simulated$error(Lorg/apache/logging/log4j/Logger;Ljava/lang/String;Ljava/lang/Object;Ljava/lang/Object;Lcom/llamalad7/mixinextras/injector/wrapoperation/Operation;Lcom/llamalad7/mixinextras/sugar/ref/LocalRef;)V in simulated.mixins.json:silence_jei.ItemStackListFactoryMixin from mod simulated failed injection check, (0/1) succeeded. Scanned 0 target(s). No refMap loaded.
	at MC-BOOTSTRAP/org.spongepowered.mixin/org.spongepowered.asm.mixin.injection.struct.InjectionInfo.postInject(InjectionInfo.java:531) ~[sponge-mixin-0.15.2+mixin.0.8.7.jar%23166!/:0.15.2+mixin.0.8.7] {}
	at TRANSFORMER/mixinextras.neoforge@0.5.3/com.llamalad7.mixinextras.injector.MixinExtrasLateInjectionInfo.latePostInject(MixinExtrasLateInjectionInfo.java:57) ~[mixinextras-neoforge-0.5.3.jar%23508!/:?] {re:classloading}
	at TRANSFORMER/mixinextras.neoforge@0.5.3/com.llamalad7.mixinextras.wrapper.InjectorWrapperImpl.doPostInject(InjectorWrapperImpl.java:88) ~[mixinextras-neoforge-0.5.3.jar%23508!/:?] {re:classloading}
	at TRANSFORMER/mixinextras.neoforge@0.5.3/com.llamalad7.mixinextras.sugar.impl.SugarWrapperImpl.doPostInject(SugarWrapperImpl.java:88) ~[mixinextras-neoforge-0.5.3.jar%23508!/:?] {re:classloading}
	at TRANSFORMER/mixinextras.neoforge@0.5.3/com.llamalad7.mixinextras.wrapper.WrapperInjectionInfo.latePostInject(WrapperInjectionInfo.java:101) ~[mixinextras-neoforge-0.5.3.jar%23508!/:?] {re:classloading}
	at TRANSFORMER/mixinextras.neoforge@0.5.3/com.llamalad7.mixinextras.injector.LateInjectionApplicatorExtension.postApply(LateInjectionApplicatorExtension.java:43) ~[mixinextras-neoforge-0.5.3.jar%23508!/:?] {re:classloading}
	at MC-BOOTSTRAP/org.spongepowered.mixin/org.spongepowered.asm.mixin.transformer.ext.Extensions.postApply(Extensions.java:167) ~[sponge-mixin-0.15.2+mixin.0.8.7.jar:0.15.2+mixin.0.8.7] {}
	at MC-BOOTSTRAP/org.spongepowered.mixin/org.spongepowered.asm.mixin.transformer.TargetClassContext.postApply(TargetClassContext.java:448) ~[sponge-mixin-0.15.2+mixin.0.8.7.jar:0.15.2+mixin.0.8.7] {}
	at MC-BOOTSTRAP/org.spongepowered.mixin/org.spongepowered.asm.mixin.transformer.TargetClassContext.applyMixins(TargetClassContext.java:420) ~[sponge-mixin-0.15.2+mixin.0.8.7.jar:0.15.2+mixin.0.8.7] {}
	at MC-BOOTSTRAP/org.spongepowered.mixin/org.spongepowered.asm.mixin.transformer.MixinProcessor.applyMixins(MixinProcessor.java:363) ~[sponge-mixin-0.15.2+mixin.0.8.7.jar:0.15.2+mixin.0.8.7] {}
	... 55 more


A detailed walkthrough of the error, its code path and all known details is as follows:
---------------------------------------------------------------------------------------

-- Head --
Thread: Render thread
Stacktrace:
	at MC-BOOTSTRAP/org.spongepowered.mixin/org.spongepowered.asm.mixin.transformer.MixinProcessor.applyMixins(MixinProcessor.java:392) ~[sponge-mixin-0.15.2+mixin.0.8.7.jar:0.15.2+mixin.0.8.7] {}
	at MC-BOOTSTRAP/org.spongepowered.mixin/org.spongepowered.asm.mixin.transformer.MixinTransformer.transformClass(MixinTransformer.java:250) ~[sponge-mixin-0.15.2+mixin.0.8.7.jar:0.15.2+mixin.0.8.7] {}
	at MC-BOOTSTRAP/org.spongepowered.mixin/org.spongepowered.asm.service.modlauncher.MixinTransformationHandler.processClass(MixinTransformationHandler.java:131) ~[sponge-mixin-0.15.2+mixin.0.8.7.jar:0.15.2+mixin.0.8.7] {}
	at MC-BOOTSTRAP/org.spongepowered.mixin/org.spongepowered.asm.launch.MixinLaunchPluginLegacy.processClass(MixinLaunchPluginLegacy.java:131) ~[sponge-mixin-0.15.2+mixin.0.8.7.jar:0.15.2+mixin.0.8.7] {}
	at MC-BOOTSTRAP/cpw.mods.modlauncher@11.0.5/cpw.mods.modlauncher.serviceapi.ILaunchPluginService.processClassWithFlags(ILaunchPluginService.java:156) ~[modlauncher-11.0.5.jar:11.0.5+main.901c6ea8] {}
	at MC-BOOTSTRAP/cpw.mods.modlauncher@11.0.5/cpw.mods.modlauncher.LaunchPluginHandler.offerClassNodeToPlugins(LaunchPluginHandler.java:94) ~[modlauncher-11.0.5.jar:?] {}
	at MC-BOOTSTRAP/cpw.mods.modlauncher@11.0.5/cpw.mods.modlauncher.ClassTransformer.transform(ClassTransformer.java:120) ~[modlauncher-11.0.5.jar:?] {}
	at MC-BOOTSTRAP/cpw.mods.modlauncher@11.0.5/cpw.mods.modlauncher.TransformingClassLoader.maybeTransformClassBytes(TransformingClassLoader.java:57) ~[modlauncher-11.0.5.jar:?] {}
	at cpw.mods.securejarhandler/cpw.mods.cl.ModuleClassLoader.readerToClass(ModuleClassLoader.java:190) ~[securejarhandler-3.0.8.jar:?] {}
	at cpw.mods.securejarhandler/cpw.mods.cl.ModuleClassLoader.lambda$findClass$20(ModuleClassLoader.java:298) ~[securejarhandler-3.0.8.jar:?] {}
	at cpw.mods.securejarhandler/cpw.mods.cl.ModuleClassLoader.loadFromModule(ModuleClassLoader.java:311) ~[securejarhandler-3.0.8.jar:?] {}
	at cpw.mods.securejarhandler/cpw.mods.cl.ModuleClassLoader.findClass(ModuleClassLoader.java:298) ~[securejarhandler-3.0.8.jar:?] {}
	at cpw.mods.securejarhandler/cpw.mods.cl.ModuleClassLoader.loadClass(ModuleClassLoader.java:214) ~[securejarhandler-3.0.8.jar:?] {}
	at java.base/java.lang.ClassLoader.loadClass(ClassLoader.java:490) ~[?:?] {}
	at TRANSFORMER/jei@19.44.0.406/mezz.jei.library.plugins.vanilla.VanillaPlugin.registerIngredients(VanillaPlugin.java:185) ~[jei-1.21.1-neoforge-19.44.0.406.jar%23382!/:19.44.0.406] {re:classloading}
	at TRANSFORMER/jei@19.44.0.406/mezz.jei.library.load.PluginLoader.lambda$registerIngredients$2(PluginLoader.java:90) ~[jei-1.21.1-neoforge-19.44.0.406.jar%23382!/:19.44.0.406] {re:classloading}
	at TRANSFORMER/jei@19.44.0.406/mezz.jei.library.load.PluginCaller.callOnPlugins(PluginCaller.java:26) ~[jei-1.21.1-neoforge-19.44.0.406.jar%23382!/:19.44.0.406] {re:classloading}
	at TRANSFORMER/jei@19.44.0.406/mezz.jei.library.load.PluginLoader.registerIngredients(PluginLoader.java:90) ~[jei-1.21.1-neoforge-19.44.0.406.jar%23382!/:19.44.0.406] {re:classloading}
	at TRANSFORMER/jei@19.44.0.406/mezz.jei.library.startup.JeiStarter.start(JeiStarter.java:145) ~[jei-1.21.1-neoforge-19.44.0.406.jar%23382!/:19.44.0.406] {re:classloading}
	at TRANSFORMER/jei@19.44.0.406/mezz.jei.neoforge.startup.StartEventObserver.transitionState(StartEventObserver.java:200) ~[jei-1.21.1-neoforge-19.44.0.406.jar%23382!/:19.44.0.406] {re:classloading}
	at TRANSFORMER/jei@19.44.0.406/mezz.jei.neoforge.startup.StartEventObserver.startIfReady(StartEventObserver.java:112) ~[jei-1.21.1-neoforge-19.44.0.406.jar%23382!/:19.44.0.406] {re:classloading}
	at TRANSFORMER/jei@19.44.0.406/mezz.jei.neoforge.startup.StartEventObserver.onRecipesUpdatedEvent(StartEventObserver.java:101) ~[jei-1.21.1-neoforge-19.44.0.406.jar%23382!/:19.44.0.406] {re:classloading}
	at MC-BOOTSTRAP/net.neoforged.bus/net.neoforged.bus.ConsumerEventHandler.invoke(ConsumerEventHandler.java:27) ~[bus-8.0.5.jar%23155!/:?] {}
	at MC-BOOTSTRAP/net.neoforged.bus/net.neoforged.bus.EventBus.post(EventBus.java:360) ~[bus-8.0.5.jar%23155!/:?] {}
	at MC-BOOTSTRAP/net.neoforged.bus/net.neoforged.bus.EventBus.post(EventBus.java:328) ~[bus-8.0.5.jar%23155!/:?] {}
	at TRANSFORMER/neoforge@21.1.248/net.neoforged.neoforge.client.ClientHooks.onRecipesUpdated(ClientHooks.java:664) ~[neoforge-21.1.248-universal.jar%23315!/:?] {re:mixin,re:classloading,pl:mixin:APP:supermartijn642corelib.mixins.json:ClientHooksMixin from mod supermartijn642corelib,pl:mixin:APP:moonlight.mixins.json:ClientHooksMixin from mod moonlight,pl:mixin:A}
	at TRANSFORMER/minecraft@1.21.1/net.minecraft.client.multiplayer.ClientPacketListener.handleUpdateRecipes(ClientPacketListener.java:1506) ~[client-1.21.1-20240808.144430-srg.jar%23314!/:?] {re:mixin,pl:accesstransformer:B,pl:runtimedistcleaner:A,re:classloading,pl:accesstransformer:B,pl:mixin:A,pl:runtimedistcleaner:A}
	at TRANSFORMER/minecraft@1.21.1/net.minecraft.network.protocol.game.ClientboundUpdateRecipesPacket.handle(ClientboundUpdateRecipesPacket.java:32) ~[client-1.21.1-20240808.144430-srg.jar%23314!/:?] {re:classloading}
	at TRANSFORMER/minecraft@1.21.1/net.minecraft.network.protocol.game.ClientboundUpdateRecipesPacket.handle(ClientboundUpdateRecipesPacket.java:13) ~[client-1.21.1-20240808.144430-srg.jar%23314!/:?] {re:classloading}
	at TRANSFORMER/minecraft@1.21.1/net.minecraft.network.protocol.PacketUtils.lambda$ensureRunningOnSameThread$0(PacketUtils.java:27) ~[client-1.21.1-20240808.144430-srg.jar%23314!/:?] {re:mixin,re:mixin,re:classloading,pl:mixin:APP:mixins.essential.json:compatibility.vanilla.Mixin_FixPacketHandlingPastServerShutdown from mod (unknown),pl:mixin:A}
	at TRANSFORMER/minecraft@1.21.1/net.minecraft.util.thread.BlockableEventLoop.doRunTask(BlockableEventLoop.java:148) ~[client-1.21.1-20240808.144430-srg.jar%23314!/:?] {re:mixin,pl:accesstransformer:B,re:computing_frames,pl:accesstransformer:B,re:classloading,pl:accesstransformer:B,pl:mixin:APP:mixins.essential.json:client.Mixin_ThreadTaskExecutor from mod (unknown),pl:mixin:A}
	at TRANSFORMER/minecraft@1.21.1/net.minecraft.util.thread.ReentrantBlockableEventLoop.doRunTask(ReentrantBlockableEventLoop.java:23) ~[client-1.21.1-20240808.144430-srg.jar%23314!/:?] {re:mixin,re:computing_frames,re:classloading}
	at TRANSFORMER/minecraft@1.21.1/net.minecraft.util.thread.BlockableEventLoop.pollTask(BlockableEventLoop.java:122) ~[client-1.21.1-20240808.144430-srg.jar%23314!/:?] {re:mixin,pl:accesstransformer:B,re:computing_frames,pl:accesstransformer:B,re:classloading,pl:accesstransformer:B,pl:mixin:APP:mixins.essential.json:client.Mixin_ThreadTaskExecutor from mod (unknown),pl:mixin:A}
-- Uptime --
Details:
	JVM uptime: 93.187s
	Wall uptime: 67.437s
	High-res time: 89.640s
	Client ticks: 573 ticks / 28.650s
Stacktrace:
	at TRANSFORMER/minecraft@1.21.1/net.minecraft.client.Minecraft.fillReport(Minecraft.java:2395) [client-1.21.1-20240808.144430-srg.jar%23314!/:?] {re:mixin,pl:accesstransformer:B,pl:runtimedistcleaner:A,re:mixin,pl:accesstransformer:B,pl:runtimedistcleaner:A,re:mixin,pl:accesstransformer:B,pl:runtimedistcleaner:A,re:mixin,pl:accesstransformer:B,pl:runtimedistcleaner:A,re:classloading,pl:accesstransformer:B,pl:mixin:APP:mixins.essential.json:compatibility.vanilla.Mixin_CheckThreadSafetyOfOpenScreenMethod from mod (unknown),pl:mixin:APP:xaeroworldmap.mixins.json:MixinMinecraftClient from mod xaeroworldmap,pl:mixin:APP:xaeroworldmap.neoforge.mixins.json:MixinForgeMinecraftClient from mod xaeroworldmap,pl:mixin:APP:modernfix-modernfix.mixins.json:bugfix.world_leaks.MinecraftMixin from mod modernfix,pl:mixin:APP:modernfix-modernfix.mixins.json:feature.measure_time.MinecraftMixin_Forge from mod modernfix,pl:mixin:APP:modernfix-modernfix.mixins.json:feature.measure_time.MinecraftMixin from mod modernfix,pl:mixin:APP:modernfix-modernfix.mixins.json:perf.encoder_cache_leak.MinecraftMixin from mod modernfix,pl:mixin:APP:modernfix-modernfix.mixins.json:perf.suspend_integrated_server_during_load.MinecraftMixin from mod modernfix,pl:mixin:APP:modernfix-modernfix.mixins.json:perf.dedicated_reload_executor.MinecraftMixin from mod modernfix,pl:mixin:APP:veil.debug.mixins.json:client.DebugMinecraftMixin from mod veil,pl:mixin:APP:veil.pipeline.mixins.json:client.PipelineMinecraftMixin from mod veil,pl:mixin:APP:veil.neoforge.mixins.json:client.MinecraftMixin from mod veil,pl:mixin:APP:simulated.mixins.json:handle.MinecraftMixin from mod simulated,pl:mixin:APP:carryon.mixins.json:MinecraftMixin from mod carryon,pl:mixin:APP:betterthirdperson.mixins.json:MinecraftClientMixin from mod betterthirdperson,pl:mixin:APP:architectury.mixins.json:MixinMinecraft from mod architectury,pl:mixin:APP:transition.mixins.json:EntityRenderStateMixin from mod transition,pl:mixin:APP:transition.mixins.json:EntityRendererMixin from mod transition,pl:mixin:APP:transition.mixins.json:BlockEntityRenderStateMixin from mod transition,pl:mixin:APP:transition.mixins.json:MinecraftMixin from mod transition,pl:mixin:APP:rechiseled.mixins.json:MinecraftMixin from mod rechiseled,pl:mixin:APP:aeronautics.mixins.json:custom_situational_music.MinecraftMixin from mod aeronautics,pl:mixin:APP:papi.mixins.json:memoryleakfix.MinecraftScreenshotMixin from mod papi,pl:mixin:APP:DistantHorizons.neoforge.mixins.json:client.MixinMinecraft from mod distanthorizons,pl:mixin:APP:fusion.mixins.json:MinecraftMixin from mod fusion,pl:mixin:APP:moonlight-common.mixins.json:MinecraftMixin from mod moonlight,pl:mixin:APP:notenoughanimations.mixins.json:LivingRenderStateMixin from mod notenoughanimations,pl:mixin:APP:flywheel.impl.mixins.json:MinecraftMixin from mod flywheel,pl:mixin:APP:ponder-common.mixins.json:client.WindowResizeMixin from mod ponder,pl:mixin:APP:create.mixins.json:accessor.MinecraftAccessor from mod create,pl:mixin:APP:sable.mixins.json:camera.new_camera_types.MinecraftMixin from mod sable,pl:mixin:APP:sable.mixins.json:plot.MinecraftMixin from mod sable,pl:mixin:APP:sable.mixins.json:punching.MinecraftMixin from mod sable,pl:mixin:APP:xaerohud.mixins.json:MixinMinecraftClient from mod xaerominimap,pl:mixin:APP:freecam-common.mixins.json:MinecraftMixin from mod freecam,pl:mixin:APP:entityculling.mixins.json:DebugScreenEntriesAccessor from mod entityculling,pl:mixin:APP:entityculling.mixins.json:LivingEntityRendererAccessor from mod entityculling,pl:mixin:APP:immediatelyfast-common.mixins.json:core.MixinMinecraftClient from mod immediatelyfast,pl:mixin:APP:mixins.essential.json:client.Mixin_IncreaseMenuFpsLimit from mod (unknown),pl:mixin:APP:mixins.essential.json:client.Mixin_RunEssentialTasks from mod (unknown),pl:mixin:APP:mixins.essential.json:client.MixinMinecraft from mod (unknown),pl:mixin:APP:mixins.essential.json:client.gui.Mixin_FixKeybindUnpressedInScreensThatAllowPlayerMovement from mod (unknown),pl:mixin:APP:mixins.essential.json:client.gui.Mixin_RecalculateMenuScale from mod (unknown),pl:mixin:APP:mixins.essential.json:client.gui.Mixin_UpdateWindowTitle_AddSPSTitle from mod (unknown),pl:mixin:APP:mixins.essential.json:client.gui.Mixin_UpdateWindowTitle_DisplayScreen from mod (unknown),pl:mixin:APP:mixins.essential.json:client.gui.Mixin_UpdateWindowTitle_LoadWorld from mod (unknown),pl:mixin:APP:mixins.essential.json:compatibility.vanilla.Mixin_FixDisconnectDuringResourcePackReload from mod (unknown),pl:mixin:APP:mixins.essential.json:compatibility.vanilla.Mixin_WorkaroundBrokenFramebufferBlitBlending from mod (unknown),pl:mixin:APP:mixins.essential.json:events.Mixin_RenderTickEvent_Final from mod (unknown),pl:mixin:APP:mixins.essential.json:client.gui.Mixin_AllowMovementDuringScreens_HandleKeybinds from mod (unknown),pl:mixin:APP:mixins.essential.json:feature.core.Mixin_GuiOpenedEvent from mod (unknown),pl:mixin:APP:mixins.essential.json:feature.core.Mixin_GuiOpenEvent from mod (unknown),pl:mixin:APP:mixins.essential.json:feature.skin_overwrites.MinecraftAccessor from mod (unknown),pl:mixin:APP:mixins.essential.json:feature.skin_overwrites.Mixin_InstallTrustingServicesKeyInfo from mod (unknown),pl:mixin:APP:sound_physics_remastered.mixins.json:MinecraftMixin from mod (unknown),pl:mixin:APP:modernfix-modernfix.mixins.json:feature.remove_telemetry.MinecraftMixin_Telemetry from mod modernfix,pl:mixin:A,pl:runtimedistcleaner:A}
	at TRANSFORMER/minecraft@1.21.1/net.minecraft.client.Minecraft.emergencySaveAndCrash(Minecraft.java:868) [client-1.21.1-20240808.144430-srg.jar%23314!/:?] {re:mixin,pl:accesstransformer:B,pl:runtimedistcleaner:A,re:mixin,pl:accesstransformer:B,pl:runtimedistcleaner:A,re:mixin,pl:accesstransformer:B,pl:runtimedistcleaner:A,re:mixin,pl:accesstransformer:B,pl:runtimedistcleaner:A,re:classloading,pl:accesstransformer:B,pl:mixin:APP:mixins.essential.json:compatibility.vanilla.Mixin_CheckThreadSafetyOfOpenScreenMethod from mod (unknown),pl:mixin:APP:xaeroworldmap.mixins.json:MixinMinecraftClient from mod xaeroworldmap,pl:mixin:APP:xaeroworldmap.neoforge.mixins.json:MixinForgeMinecraftClient from mod xaeroworldmap,pl:mixin:APP:modernfix-modernfix.mixins.json:bugfix.world_leaks.MinecraftMixin from mod modernfix,pl:mixin:APP:modernfix-modernfix.mixins.json:feature.measure_time.MinecraftMixin_Forge from mod modernfix,pl:mixin:APP:modernfix-modernfix.mixins.json:feature.measure_time.MinecraftMixin from mod modernfix,pl:mixin:APP:modernfix-modernfix.mixins.json:perf.encoder_cache_leak.MinecraftMixin from mod modernfix,pl:mixin:APP:modernfix-modernfix.mixins.json:perf.suspend_integrated_server_during_load.MinecraftMixin from mod modernfix,pl:mixin:APP:modernfix-modernfix.mixins.json:perf.dedicated_reload_executor.MinecraftMixin from mod modernfix,pl:mixin:APP:veil.debug.mixins.json:client.DebugMinecraftMixin from mod veil,pl:mixin:APP:veil.pipeline.mixins.json:client.PipelineMinecraftMixin from mod veil,pl:mixin:APP:veil.neoforge.mixins.json:client.MinecraftMixin from mod veil,pl:mixin:APP:simulated.mixins.json:handle.MinecraftMixin from mod simulated,pl:mixin:APP:carryon.mixins.json:MinecraftMixin from mod carryon,pl:mixin:APP:betterthirdperson.mixins.json:MinecraftClientMixin from mod betterthirdperson,pl:mixin:APP:architectury.mixins.json:MixinMinecraft from mod architectury,pl:mixin:APP:transition.mixins.json:EntityRenderStateMixin from mod transition,pl:mixin:APP:transition.mixins.json:EntityRendererMixin from mod transition,pl:mixin:APP:transition.mixins.json:BlockEntityRenderStateMixin from mod transition,pl:mixin:APP:transition.mixins.json:MinecraftMixin from mod transition,pl:mixin:APP:rechiseled.mixins.json:MinecraftMixin from mod rechiseled,pl:mixin:APP:aeronautics.mixins.json:custom_situational_music.MinecraftMixin from mod aeronautics,pl:mixin:APP:papi.mixins.json:memoryleakfix.MinecraftScreenshotMixin from mod papi,pl:mixin:APP:DistantHorizons.neoforge.mixins.json:client.MixinMinecraft from mod distanthorizons,pl:mixin:APP:fusion.mixins.json:MinecraftMixin from mod fusion,pl:mixin:APP:moonlight-common.mixins.json:MinecraftMixin from mod moonlight,pl:mixin:APP:notenoughanimations.mixins.json:LivingRenderStateMixin from mod notenoughanimations,pl:mixin:APP:flywheel.impl.mixins.json:MinecraftMixin from mod flywheel,pl:mixin:APP:ponder-common.mixins.json:client.WindowResizeMixin from mod ponder,pl:mixin:APP:create.mixins.json:accessor.MinecraftAccessor from mod create,pl:mixin:APP:sable.mixins.json:camera.new_camera_types.MinecraftMixin from mod sable,pl:mixin:APP:sable.mixins.json:plot.MinecraftMixin from mod sable,pl:mixin:APP:sable.mixins.json:punching.MinecraftMixin from mod sable,pl:mixin:APP:xaerohud.mixins.json:MixinMinecraftClient from mod xaerominimap,pl:mixin:APP:freecam-common.mixins.json:MinecraftMixin from mod freecam,pl:mixin:APP:entityculling.mixins.json:DebugScreenEntriesAccessor from mod entityculling,pl:mixin:APP:entityculling.mixins.json:LivingEntityRendererAccessor from mod entityculling,pl:mixin:APP:immediatelyfast-common.mixins.json:core.MixinMinecraftClient from mod immediatelyfast,pl:mixin:APP:mixins.essential.json:client.Mixin_IncreaseMenuFpsLimit from mod (unknown),pl:mixin:APP:mixins.essential.json:client.Mixin_RunEssentialTasks from mod (unknown),pl:mixin:APP:mixins.essential.json:client.MixinMinecraft from mod (unknown),pl:mixin:APP:mixins.essential.json:client.gui.Mixin_FixKeybindUnpressedInScreensThatAllowPlayerMovement from mod (unknown),pl:mixin:APP:mixins.essential.json:client.gui.Mixin_RecalculateMenuScale from mod (unknown),pl:mixin:APP:mixins.essential.json:client.gui.Mixin_UpdateWindowTitle_AddSPSTitle from mod (unknown),pl:mixin:APP:mixins.essential.json:client.gui.Mixin_UpdateWindowTitle_DisplayScreen from mod (unknown),pl:mixin:APP:mixins.essential.json:client.gui.Mixin_UpdateWindowTitle_LoadWorld from mod (unknown),pl:mixin:APP:mixins.essential.json:compatibility.vanilla.Mixin_FixDisconnectDuringResourcePackReload from mod (unknown),pl:mixin:APP:mixins.essential.json:compatibility.vanilla.Mixin_WorkaroundBrokenFramebufferBlitBlending from mod (unknown),pl:mixin:APP:mixins.essential.json:events.Mixin_RenderTickEvent_Final from mod (unknown),pl:mixin:APP:mixins.essential.json:client.gui.Mixin_AllowMovementDuringScreens_HandleKeybinds from mod (unknown),pl:mixin:APP:mixins.essential.json:feature.core.Mixin_GuiOpenedEvent from mod (unknown),pl:mixin:APP:mixins.essential.json:feature.core.Mixin_GuiOpenEvent from mod (unknown),pl:mixin:APP:mixins.essential.json:feature.skin_overwrites.MinecraftAccessor from mod (unknown),pl:mixin:APP:mixins.essential.json:feature.skin_overwrites.Mixin_InstallTrustingServicesKeyInfo from mod (unknown),pl:mixin:APP:sound_physics_remastered.mixins.json:MinecraftMixin from mod (unknown),pl:mixin:APP:modernfix-modernfix.mixins.json:feature.remove_telemetry.MinecraftMixin_Telemetry from mod modernfix,pl:mixin:A,pl:runtimedistcleaner:A}
	at TRANSFORMER/minecraft@1.21.1/net.minecraft.client.Minecraft.run(Minecraft.java:828) [client-1.21.1-20240808.144430-srg.jar%23314!/:?] {re:mixin,pl:accesstransformer:B,pl:runtimedistcleaner:A,re:mixin,pl:accesstransformer:B,pl:runtimedistcleaner:A,re:mixin,pl:accesstransformer:B,pl:runtimedistcleaner:A,re:mixin,pl:accesstransformer:B,pl:runtimedistcleaner:A,re:classloading,pl:accesstransformer:B,pl:mixin:APP:mixins.essential.json:compatibility.vanilla.Mixin_CheckThreadSafetyOfOpenScreenMethod from mod (unknown),pl:mixin:APP:xaeroworldmap.mixins.json:MixinMinecraftClient from mod xaeroworldmap,pl:mixin:APP:xaeroworldmap.neoforge.mixins.json:MixinForgeMinecraftClient from mod xaeroworldmap,pl:mixin:APP:modernfix-modernfix.mixins.json:bugfix.world_leaks.MinecraftMixin from mod modernfix,pl:mixin:APP:modernfix-modernfix.mixins.json:feature.measure_time.MinecraftMixin_Forge from mod modernfix,pl:mixin:APP:modernfix-modernfix.mixins.json:feature.measure_time.MinecraftMixin from mod modernfix,pl:mixin:APP:modernfix-modernfix.mixins.json:perf.encoder_cache_leak.MinecraftMixin from mod modernfix,pl:mixin:APP:modernfix-modernfix.mixins.json:perf.suspend_integrated_server_during_load.MinecraftMixin from mod modernfix,pl:mixin:APP:modernfix-modernfix.mixins.json:perf.dedicated_reload_executor.MinecraftMixin from mod modernfix,pl:mixin:APP:veil.debug.mixins.json:client.DebugMinecraftMixin from mod veil,pl:mixin:APP:veil.pipeline.mixins.json:client.PipelineMinecraftMixin from mod veil,pl:mixin:APP:veil.neoforge.mixins.json:client.MinecraftMixin from mod veil,pl:mixin:APP:simulated.mixins.json:handle.MinecraftMixin from mod simulated,pl:mixin:APP:carryon.mixins.json:MinecraftMixin from mod carryon,pl:mixin:APP:betterthirdperson.mixins.json:MinecraftClientMixin from mod betterthirdperson,pl:mixin:APP:architectury.mixins.json:MixinMinecraft from mod architectury,pl:mixin:APP:transition.mixins.json:EntityRenderStateMixin from mod transition,pl:mixin:APP:transition.mixins.json:EntityRendererMixin from mod transition,pl:mixin:APP:transition.mixins.json:BlockEntityRenderStateMixin from mod transition,pl:mixin:APP:transition.mixins.json:MinecraftMixin from mod transition,pl:mixin:APP:rechiseled.mixins.json:MinecraftMixin from mod rechiseled,pl:mixin:APP:aeronautics.mixins.json:custom_situational_music.MinecraftMixin from mod aeronautics,pl:mixin:APP:papi.mixins.json:memoryleakfix.MinecraftScreenshotMixin from mod papi,pl:mixin:APP:DistantHorizons.neoforge.mixins.json:client.MixinMinecraft from mod distanthorizons,pl:mixin:APP:fusion.mixins.json:MinecraftMixin from mod fusion,pl:mixin:APP:moonlight-common.mixins.json:MinecraftMixin from mod moonlight,pl:mixin:APP:notenoughanimations.mixins.json:LivingRenderStateMixin from mod notenoughanimations,pl:mixin:APP:flywheel.impl.mixins.json:MinecraftMixin from mod flywheel,pl:mixin:APP:ponder-common.mixins.json:client.WindowResizeMixin from mod ponder,pl:mixin:APP:create.mixins.json:accessor.MinecraftAccessor from mod create,pl:mixin:APP:sable.mixins.json:camera.new_camera_types.MinecraftMixin from mod sable,pl:mixin:APP:sable.mixins.json:plot.MinecraftMixin from mod sable,pl:mixin:APP:sable.mixins.json:punching.MinecraftMixin from mod sable,pl:mixin:APP:xaerohud.mixins.json:MixinMinecraftClient from mod xaerominimap,pl:mixin:APP:freecam-common.mixins.json:MinecraftMixin from mod freecam,pl:mixin:APP:entityculling.mixins.json:DebugScreenEntriesAccessor from mod entityculling,pl:mixin:APP:entityculling.mixins.json:LivingEntityRendererAccessor from mod entityculling,pl:mixin:APP:immediatelyfast-common.mixins.json:core.MixinMinecraftClient from mod immediatelyfast,pl:mixin:APP:mixins.essential.json:client.Mixin_IncreaseMenuFpsLimit from mod (unknown),pl:mixin:APP:mixins.essential.json:client.Mixin_RunEssentialTasks from mod (unknown),pl:mixin:APP:mixins.essential.json:client.MixinMinecraft from mod (unknown),pl:mixin:APP:mixins.essential.json:client.gui.Mixin_FixKeybindUnpressedInScreensThatAllowPlayerMovement from mod (unknown),pl:mixin:APP:mixins.essential.json:client.gui.Mixin_RecalculateMenuScale from mod (unknown),pl:mixin:APP:mixins.essential.json:client.gui.Mixin_UpdateWindowTitle_AddSPSTitle from mod (unknown),pl:mixin:APP:mixins.essential.json:client.gui.Mixin_UpdateWindowTitle_DisplayScreen from mod (unknown),pl:mixin:APP:mixins.essential.json:client.gui.Mixin_UpdateWindowTitle_LoadWorld from mod (unknown),pl:mixin:APP:mixins.essential.json:compatibility.vanilla.Mixin_FixDisconnectDuringResourcePackReload from mod (unknown),pl:mixin:APP:mixins.essential.json:compatibility.vanilla.Mixin_WorkaroundBrokenFramebufferBlitBlending from mod (unknown),pl:mixin:APP:mixins.essential.json:events.Mixin_RenderTickEvent_Final from mod (unknown),pl:mixin:APP:mixins.essential.json:client.gui.Mixin_AllowMovementDuringScreens_HandleKeybinds from mod (unknown),pl:mixin:APP:mixins.essential.json:feature.core.Mixin_GuiOpenedEvent from mod (unknown),pl:mixin:APP:mixins.essential.json:feature.core.Mixin_GuiOpenEvent from mod (unknown),pl:mixin:APP:mixins.essential.json:feature.skin_overwrites.MinecraftAccessor from mod (unknown),pl:mixin:APP:mixins.essential.json:feature.skin_overwrites.Mixin_InstallTrustingServicesKeyInfo from mod (unknown),pl:mixin:APP:sound_physics_remastered.mixins.json:MinecraftMixin from mod (unknown),pl:mixin:APP:modernfix-modernfix.mixins.json:feature.remove_telemetry.MinecraftMixin_Telemetry from mod modernfix,pl:mixin:A,pl:runtimedistcleaner:A}
	at TRANSFORMER/minecraft@1.21.1/net.minecraft.client.main.Main.main(Main.java:230) [client-1.21.1-20240808.144430-srg.jar%23314!/:?] {re:mixin,pl:runtimedistcleaner:A,re:classloading,pl:mixin:APP:veil.debug.mixins.json:client.DebugMainMixin from mod veil,pl:mixin:A,pl:runtimedistcleaner:A}
	at java.base/jdk.internal.reflect.DirectMethodHandleAccessor.invoke(DirectMethodHandleAccessor.java:104) ~[?:?] {}
	at java.base/java.lang.reflect.Method.invoke(Method.java:565) ~[?:?] {re:mixin}
	at MC-BOOTSTRAP/fml_loader@4.0.43/net.neoforged.fml.loading.targets.CommonLaunchHandler.runTarget(CommonLaunchHandler.java:136) [loader-4.0.43.jar%23152!/:4.0] {}
	at MC-BOOTSTRAP/fml_loader@4.0.43/net.neoforged.fml.loading.targets.CommonLaunchHandler.clientService(CommonLaunchHandler.java:124) [loader-4.0.43.jar%23152!/:4.0] {}
	at MC-BOOTSTRAP/fml_loader@4.0.43/net.neoforged.fml.loading.targets.CommonClientLaunchHandler.runService(CommonClientLaunchHandler.java:32) [loader-4.0.43.jar%23152!/:4.0] {}
	at MC-BOOTSTRAP/fml_loader@4.0.43/net.neoforged.fml.loading.targets.CommonLaunchHandler.lambda$launchService$4(CommonLaunchHandler.java:118) [loader-4.0.43.jar%23152!/:4.0] {}
	at MC-BOOTSTRAP/cpw.mods.modlauncher@11.0.5/cpw.mods.modlauncher.LaunchServiceHandlerDecorator.launch(LaunchServiceHandlerDecorator.java:30) [modlauncher-11.0.5.jar%23157!/:?] {}
	at MC-BOOTSTRAP/cpw.mods.modlauncher@11.0.5/cpw.mods.modlauncher.LaunchServiceHandler.launch(LaunchServiceHandler.java:53) [modlauncher-11.0.5.jar%23157!/:?] {}
	at MC-BOOTSTRAP/cpw.mods.modlauncher@11.0.5/cpw.mods.modlauncher.LaunchServiceHandler.launch(LaunchServiceHandler.java:71) [modlauncher-11.0.5.jar%23157!/:?] {}
	at MC-BOOTSTRAP/cpw.mods.modlauncher@11.0.5/cpw.mods.modlauncher.Launcher.run(Launcher.java:103) [modlauncher-11.0.5.jar%23157!/:?] {}
	at MC-BOOTSTRAP/cpw.mods.modlauncher@11.0.5/cpw.mods.modlauncher.Launcher.main(Launcher.java:74) [modlauncher-11.0.5.jar%23157!/:?] {}
	at MC-BOOTSTRAP/cpw.mods.modlauncher@11.0.5/cpw.mods.modlauncher.BootstrapLaunchConsumer.accept(BootstrapLaunchConsumer.java:26) [modlauncher-11.0.5.jar%23157!/:?] {}
	at MC-BOOTSTRAP/cpw.mods.modlauncher@11.0.5/cpw.mods.modlauncher.BootstrapLaunchConsumer.accept(BootstrapLaunchConsumer.java:23) [modlauncher-11.0.5.jar%23157!/:?] {}
	at cpw.mods.bootstraplauncher@2.0.2/cpw.mods.bootstraplauncher.BootstrapLauncher.run(BootstrapLauncher.java:210) [bootstraplauncher-2.0.2.jar:?] {}
	at cpw.mods.bootstraplauncher@2.0.2/cpw.mods.bootstraplauncher.BootstrapLauncher.main(BootstrapLauncher.java:69) [bootstraplauncher-2.0.2.jar:?] {}
	at java.base/jdk.internal.reflect.DirectMethodHandleAccessor.invoke(DirectMethodHandleAccessor.java:104) ~[?:?] {}
	at java.base/java.lang.reflect.Method.invoke(Method.java:565) ~[?:?] {re:mixin}
	at com.modrinth.theseus.MinecraftLaunch.relaunch(MinecraftLaunch.java:61) [theseus.jar:?] {}
	at com.modrinth.theseus.MinecraftLaunch.main(MinecraftLaunch.java:28) [theseus.jar:?] {}


-- Affected level --
Details:
	All players: 1 total; [LocalPlayer['GiantAlexis6497'/7, l='ClientLevel', x=8.50, y=65.00, z=8.50]]
	Chunk stats: 2401, 0
	Level dimension: minecraft:overworld
	Level spawn location: World: (8,64,8), Section: (at 8,0,8 in 0,4,0; chunk contains blocks 0,-64,0 to 15,319,15), Region: (0,0; contains chunks 0,0 to 31,31, blocks 0,-64,0 to 511,319,511)
	Level time: 0 game time, 0 day time
	Server brand: neoforge
	Server type: Integrated singleplayer server
	Tracked entity count: 1

-- Last reload --
Details:
	Reload number: 1
	Reload reason: initial
	Finished: Yes
	Packs: vanilla, mod_resources, mod/atmosphere, mod/treechop, mod/betterdungeons, mod/almanac, mod/supermartijn642configlib, mod/betterwitchhuts, mod/codecui, mod/createdeco, mod/playeranimator, mod/aeronautics_bundled, mod/betteroceanmonuments, mod/apollib, mod/immersive_aircraft, mod/sophisticatedcore, mod/create_jetpack, mod/drill_drain, mod/ritchiesprojectilelib, mod/xaeroworldmap, mod/controlling, mod/neoforge, mod/modernfix, mod/yungsapi, mod/veil, mod/sophisticatedbackpacks, mod/simulated, mod/mr_create_cobblestonedeepslategenerators, mod/carryon, mod/jeresources, mod/baguettelib, mod/cloth_config, mod/athena, mod/corpse, mod/create_connected, mod/chipped, mod/farmersdelight, mod/aeronautics_rechiseled, mod/ironfurnaces, mod/chunky, mod/supermartijn642corelib, mod/modelfix, mod/curios, mod/searchables, mod/betterthirdperson, mod/betterstrongholds, mod/resourcefullib, mod/createliquidfuel, mod/cbc_compact_mount, mod/architectury, mod/conditional_mixin, mod/transition, mod/betterendisland, mod/flightlib, mod/letmedespawn, mod/bettermineshafts, mod/aerocopycats, mod/essential, mod/betterjungletemples, mod/create_tweaked_controllers, mod/bellsandwhistles, mod/createbigcannons, mod/rechiseled, mod/copycats, mod/jei, mod/lithostitched, mod/aeronautics, mod/xaerolib, mod/trender, mod/clumps, mod/papi, mod/comforts, mod/createsandpapers, mod/escalated, mod/betterdeserttemples, mod/molten_vents, mod/distanthorizons, mod/corpsecurioscompat, mod/terralith, mod/fusion, mod/tfmg, mod/offroad, mod/create_jetpack_curios, mod/create_ultimate_factory, mod/create_rustic_structures, mod/create_netherless, mod/create_confectionery, mod/voicechat,voicechat_api, mod/sound_physics_remastered, mod/moonlight, mod/mousetweaks, mod/jade, mod/justenoughbreeding, mod/lit_on_fire, mod/spectrelib, mod/createendertransmission, mod/kotlinforforge, mod/ironbarrels, mod/notenoughanimations, mod/flywheel, mod/ponder, mod/create, mod/portable_engine_liquid_fuel, mod/createcasing, mod/interiors, mod/sliceanddice, mod/createcobblestone, mod/create_dragons_plus, mod/sable, mod/aeronauticscompat, mod/sablemassview, mod/sablecompanion, mod/xaerominimap, mod/create_simple_ore_doubling, mod/create_sa, mod/polymorph, mod/justenoughprofessions, mod/storagedrawers, mod/freecam, mod/entityculling, mod/create_radar, mod/create_vibrant_vaults, mod/immediatelyfast, mod/appleskin, mod/lootr, mod/ferritecore, mod/cbc_at, mod/ironcore, mod/create_power_loader, mod/mr_create_hangars, mod/create_enchantment_industry, mod/createaddition, mod/aeroadditionbridge, moonlight:merged_pack, Essential Assets, essential

-- System Details --
Details:
	Minecraft Version: 1.21.1
	Minecraft Version ID: 1.21.1
	Operating System: Windows 11 (amd64) version 10.0
	Java Version: 25.0.1, Oracle Corporation
	Java VM Version: Java HotSpot(TM) 64-Bit Server VM (mixed mode, sharing), Oracle Corporation
	Memory: 1151834456 bytes (1098 MiB) / 4529848320 bytes (4320 MiB) up to 13153337344 bytes (12544 MiB)
	CPUs: 12
	Processor Vendor: GenuineIntel
	Processor Name: 11th Gen Intel(R) Core(TM) i5-11400H @ 2.70GHz
	Identifier: Intel64 Family 6 Model 141 Stepping 1
	Microarchitecture: Tiger Lake
	Frequency (GHz): 2.69
	Number of physical packages: 1
	Number of physical CPUs: 6
	Number of logical CPUs: 12
	Graphics card #0 name: NVIDIA GeForce GTX 1650
	Graphics card #0 vendor: NVIDIA
	Graphics card #0 VRAM (MiB): 4096.00
	Graphics card #0 deviceId: VideoController1
	Graphics card #0 versionInfo: 32.0.15.8088
	Graphics card #1 name: Intel(R) UHD Graphics
	Graphics card #1 vendor: Intel Corporation
	Graphics card #1 VRAM (MiB): 1024.00
	Graphics card #1 deviceId: VideoController2
	Graphics card #1 versionInfo: 30.0.100.9864
	Memory slot #0 capacity (MiB): 8192.00
	Memory slot #0 clockSpeed (GHz): 3.20
	Memory slot #0 type: DDR4
	Memory slot #1 capacity (MiB): 8192.00
	Memory slot #1 clockSpeed (GHz): 3.20
	Memory slot #1 type: DDR4
	Virtual memory max (MiB): 32294.61
	Virtual memory used (MiB): 29804.25
	Swap memory total (MiB): 16147.30
	Swap memory used (MiB): 1534.59
	Space in storage for jna.tmpdir (MiB): available: 48143.09, total: 975260.00
	Space in storage for org.lwjgl.system.SharedLibraryExtractPath (MiB): available: 48143.09, total: 975260.00
	Space in storage for io.netty.native.workdir (MiB): available: 48143.09, total: 975260.00
	Space in storage for java.io.tmpdir (MiB): available: 48143.09, total: 975260.00
	Space in storage for workdir (MiB): available: 48143.09, total: 975260.00
	JVM Flags: 2 total; -XX:HeapDumpPath=MojangTricksIntelDriversForPerformance_javaw.exe_minecraft.exe.heapdump -Xmx12544M
	Launched Version: 1.21.1
	Launcher name: theseus
	Backend library: LWJGL version 3.3.3+5
	Backend API: NVIDIA GeForce GTX 1650/PCIe/SSE2 GL version 4.6.0 NVIDIA 580.88, NVIDIA Corporation
	Window size: 3440x1369
	GFLW Platform: win32
	GL Caps: Using framebuffer using OpenGL 3.2
	GL debug messages: 
	Is Modded: Definitely; Client brand changed to 'neoforge'; Server brand changed to 'neoforge'
	Universe: 400921fb54442d18
	Type: Integrated Server (map_client.txt)
	Graphics mode: fancy
	Render Distance: 21/21 chunks
	Resource Packs: vanilla, mod_resources, mod/atmosphere, mod/treechop, mod/betterdungeons, mod/almanac, mod/supermartijn642configlib, mod/betterwitchhuts, mod/codecui, mod/createdeco (incompatible), mod/playeranimator, mod/aeronautics_bundled, mod/betteroceanmonuments, mod/apollib, mod/immersive_aircraft (incompatible), mod/sophisticatedcore (incompatible), mod/create_jetpack (incompatible), mod/drill_drain, mod/ritchiesprojectilelib (incompatible), mod/xaeroworldmap (incompatible), mod/controlling (incompatible), mod/neoforge, mod/modernfix (incompatible), mod/yungsapi, mod/veil (incompatible), mod/sophisticatedbackpacks (incompatible), mod/simulated (incompatible), mod/mr_create_cobblestonedeepslategenerators (incompatible), mod/carryon (incompatible), mod/jeresources (incompatible), mod/baguettelib, mod/cloth_config (incompatible), mod/athena, mod/corpse, mod/create_connected (incompatible), mod/chipped, mod/farmersdelight, mod/aeronautics_rechiseled, mod/ironfurnaces, mod/chunky (incompatible), mod/supermartijn642corelib, mod/modelfix (incompatible), mod/curios (incompatible), mod/searchables (incompatible), mod/betterthirdperson, mod/betterstrongholds, mod/resourcefullib, mod/createliquidfuel (incompatible), mod/cbc_compact_mount (incompatible), mod/architectury (incompatible), mod/conditional_mixin (incompatible), mod/transition, mod/betterendisland, mod/flightlib (incompatible), mod/letmedespawn, mod/bettermineshafts, mod/aerocopycats, mod/essential (incompatible), mod/betterjungletemples, mod/create_tweaked_controllers (incompatible), mod/bellsandwhistles (incompatible), mod/createbigcannons (incompatible), mod/rechiseled, mod/copycats (incompatible), mod/jei, mod/lithostitched (incompatible), mod/aeronautics (incompatible), mod/xaerolib (incompatible), mod/trender, mod/clumps (incompatible), mod/papi, mod/comforts (incompatible), mod/createsandpapers (incompatible), mod/escalated (incompatible), mod/betterdeserttemples, mod/molten_vents (incompatible), mod/distanthorizons (incompatible), mod/corpsecurioscompat, mod/terralith (incompatible), mod/fusion, mod/tfmg, mod/offroad (incompatible), mod/create_jetpack_curios (incompatible), mod/create_ultimate_factory (incompatible), mod/create_rustic_structures (incompatible), mod/create_netherless (incompatible), mod/create_confectionery (incompatible), mod/voicechat,voicechat_api, mod/sound_physics_remastered, mod/moonlight, mod/mousetweaks (incompatible), mod/jade (incompatible), mod/justenoughbreeding, mod/lit_on_fire, mod/spectrelib (incompatible), mod/createendertransmission (incompatible), mod/kotlinforforge (incompatible), mod/ironbarrels (incompatible), mod/notenoughanimations, mod/flywheel, mod/ponder (incompatible), mod/create (incompatible), mod/portable_engine_liquid_fuel (incompatible), mod/createcasing (incompatible), mod/interiors (incompatible), mod/sliceanddice (incompatible), mod/createcobblestone, mod/create_dragons_plus, mod/sable, mod/aeronauticscompat, mod/sablemassview, mod/sablecompanion, mod/xaerominimap (incompatible), mod/create_simple_ore_doubling (incompatible), mod/create_sa (incompatible), mod/polymorph (incompatible), mod/justenoughprofessions (incompatible), mod/storagedrawers, mod/freecam (incompatible), mod/entityculling, mod/create_radar, mod/create_vibrant_vaults, mod/immediatelyfast (incompatible), mod/appleskin (incompatible), mod/lootr, mod/ferritecore (incompatible), mod/cbc_at, mod/ironcore, mod/create_power_loader (incompatible), mod/mr_create_hangars (incompatible), mod/create_enchantment_industry, mod/createaddition (incompatible), mod/aeroadditionbridge, moonlight:merged_pack
	Current Language: en_us
	Locale: cs_CZ
	System encoding: Cp1250
	File encoding: UTF-8
	CPU: 12x 11th Gen Intel(R) Core(TM) i5-11400H @ 2.70GHz
	Server Running: true
	Player Count: 1 / 8; [ServerPlayer['GiantAlexis6497'/7, l='ServerLevel[Create: Paradise]', x=-58.54, y=68.75, z=180.68]]
	Active Data Packs: vanilla, create:dynamic_data, mod_data, mod/atmosphere (incompatible), mod/treechop, mod/betterdungeons (incompatible), mod/almanac, mod/supermartijn642configlib (incompatible), mod/betterwitchhuts (incompatible), mod/codecui, mod/createdeco (incompatible), mod/playeranimator, mod/aeronautics_bundled, mod/betteroceanmonuments (incompatible), mod/apollib, mod/immersive_aircraft (incompatible), mod/sophisticatedcore (incompatible), mod/create_jetpack (incompatible), mod/drill_drain, mod/ritchiesprojectilelib (incompatible), mod/xaeroworldmap (incompatible), mod/controlling (incompatible), mod/neoforge, mod/modernfix (incompatible), mod/yungsapi (incompatible), mod/veil (incompatible), mod/sophisticatedbackpacks (incompatible), mod/simulated (incompatible), mod/mr_create_cobblestonedeepslategenerators, mod/carryon (incompatible), mod/jeresources (incompatible), mod/baguettelib, mod/cloth_config (incompatible), mod/athena, mod/corpse (incompatible), mod/create_connected (incompatible), mod/chipped, mod/farmersdelight, mod/aeronautics_rechiseled, mod/ironfurnaces, mod/chunky (incompatible), mod/supermartijn642corelib, mod/modelfix (incompatible), mod/curios (incompatible), mod/searchables (incompatible), mod/betterthirdperson, mod/betterstrongholds (incompatible), mod/resourcefullib, mod/createliquidfuel (incompatible), mod/cbc_compact_mount (incompatible), mod/architectury (incompatible), mod/conditional_mixin (incompatible), mod/transition (incompatible), mod/betterendisland (incompatible), mod/flightlib (incompatible), mod/letmedespawn, mod/bettermineshafts (incompatible), mod/aerocopycats, mod/essential (incompatible), mod/betterjungletemples (incompatible), mod/create_tweaked_controllers (incompatible), mod/bellsandwhistles (incompatible), mod/createbigcannons (incompatible), mod/rechiseled, mod/copycats (incompatible), mod/jei (incompatible), mod/lithostitched, mod/aeronautics (incompatible), mod/xaerolib (incompatible), mod/trender (incompatible), mod/clumps (incompatible), mod/papi (incompatible), mod/comforts (incompatible), mod/createsandpapers (incompatible), mod/escalated (incompatible), mod/betterdeserttemples (incompatible), mod/molten_vents (incompatible), mod/distanthorizons (incompatible), mod/corpsecurioscompat, mod/terralith, mod/fusion, mod/tfmg, mod/offroad (incompatible), mod/create_jetpack_curios, mod/create_ultimate_factory, mod/create_rustic_structures, mod/create_netherless, mod/create_confectionery, mod/voicechat,voicechat_api (incompatible), mod/sound_physics_remastered (incompatible), mod/moonlight, mod/mousetweaks (incompatible), mod/jade (incompatible), mod/justenoughbreeding (incompatible), mod/lit_on_fire, mod/spectrelib (incompatible), mod/createendertransmission (incompatible), mod/kotlinforforge (incompatible), mod/ironbarrels, mod/notenoughanimations (incompatible), mod/flywheel (incompatible), mod/ponder (incompatible), mod/create (incompatible), mod/portable_engine_liquid_fuel, mod/createcasing (incompatible), mod/interiors (incompatible), mod/sliceanddice, mod/createcobblestone, mod/create_dragons_plus, mod/sable, mod/aeronauticscompat, mod/sablemassview, mod/sablecompanion, mod/xaerominimap (incompatible), mod/create_simple_ore_doubling, mod/create_sa, mod/polymorph (incompatible), mod/justenoughprofessions (incompatible), mod/storagedrawers, mod/freecam (incompatible), mod/entityculling (incompatible), mod/create_radar (incompatible), mod/create_vibrant_vaults, mod/immediatelyfast (incompatible), mod/appleskin (incompatible), mod/lootr, mod/ferritecore (incompatible), mod/cbc_at (incompatible), mod/ironcore, mod/create_power_loader (incompatible), mod/mr_create_hangars, mod/create_enchantment_industry, mod/createaddition (incompatible), mod/aeroadditionbridge, builtin/pelf_compat_createqol (incompatible), create_dragons_plus:runtime
	Available Data Packs: bundle, trade_rebalance, vanilla, mod/aeroadditionbridge, mod/aerocopycats, mod/aeronautics (incompatible), mod/aeronautics_bundled, mod/aeronautics_rechiseled, mod/aeronauticscompat, mod/almanac, mod/apollib, mod/appleskin (incompatible), mod/architectury (incompatible), mod/athena, mod/atmosphere (incompatible), mod/baguettelib, mod/bellsandwhistles (incompatible), mod/betterdeserttemples (incompatible), mod/betterdungeons (incompatible), mod/betterendisland (incompatible), mod/betterjungletemples (incompatible), mod/bettermineshafts (incompatible), mod/betteroceanmonuments (incompatible), mod/betterstrongholds (incompatible), mod/betterthirdperson, mod/betterwitchhuts (incompatible), mod/carryon (incompatible), mod/cbc_at (incompatible), mod/cbc_compact_mount (incompatible), mod/chipped, mod/chunky (incompatible), mod/cloth_config (incompatible), mod/clumps (incompatible), mod/codecui, mod/comforts (incompatible), mod/conditional_mixin (incompatible), mod/controlling (incompatible), mod/copycats (incompatible), mod/corpse (incompatible), mod/corpsecurioscompat, mod/create (incompatible), mod/create_confectionery, mod/create_connected (incompatible), mod/create_dragons_plus, mod/create_enchantment_industry, mod/create_jetpack (incompatible), mod/create_jetpack_curios, mod/create_netherless, mod/create_power_loader (incompatible), mod/create_radar (incompatible), mod/create_rustic_structures, mod/create_sa, mod/create_simple_ore_doubling, mod/create_tweaked_controllers (incompatible), mod/create_ultimate_factory, mod/create_vibrant_vaults, mod/createaddition (incompatible), mod/createbigcannons (incompatible), mod/createcasing (incompatible), mod/createcobblestone, mod/createdeco (incompatible), mod/createendertransmission (incompatible), mod/createliquidfuel (incompatible), mod/createsandpapers (incompatible), mod/curios (incompatible), mod/distanthorizons (incompatible), mod/drill_drain, mod/entityculling (incompatible), mod/escalated (incompatible), mod/essential (incompatible), mod/farmersdelight, mod/ferritecore (incompatible), mod/flightlib (incompatible), mod/flywheel (incompatible), mod/freecam (incompatible), mod/fusion, mod/immediatelyfast (incompatible), mod/immersive_aircraft (incompatible), mod/interiors (incompatible), mod/ironbarrels, mod/ironcore, mod/ironfurnaces, mod/jade (incompatible), mod/jei (incompatible), mod/jeresources (incompatible), mod/justenoughbreeding (incompatible), mod/justenoughprofessions (incompatible), mod/kotlinforforge (incompatible), mod/letmedespawn, mod/lit_on_fire, mod/lithostitched, mod/lootr, mod/modelfix (incompatible), mod/modernfix (incompatible), mod/molten_vents (incompatible), mod/moonlight, mod/mousetweaks (incompatible), mod/mr_create_cobblestonedeepslategenerators, mod/mr_create_hangars, mod/neoforge, mod/notenoughanimations (incompatible), mod/offroad (incompatible), mod/papi (incompatible), mod/playeranimator, mod/polymorph (incompatible), mod/ponder (incompatible), mod/portable_engine_liquid_fuel, mod/rechiseled, mod/resourcefullib, mod/ritchiesprojectilelib (incompatible), mod/sable, mod/sablecompanion, mod/sablemassview, mod/searchables (incompatible), mod/simulated (incompatible), mod/sliceanddice, mod/sophisticatedbackpacks (incompatible), mod/sophisticatedcore (incompatible), mod/sound_physics_remastered (incompatible), mod/spectrelib (incompatible), mod/storagedrawers, mod/supermartijn642configlib (incompatible), mod/supermartijn642corelib, mod/terralith, mod/tfmg, mod/transition (incompatible), mod/treechop, mod/trender (incompatible), mod/veil (incompatible), mod/voicechat,voicechat_api (incompatible), mod/xaerolib (incompatible), mod/xaerominimap (incompatible), mod/xaeroworldmap (incompatible), mod/yungsapi (incompatible), mod_data, create:dynamic_data, builtin/pelf_compat_createqol (incompatible), create_dragons_plus:runtime, mod/lootr:datapacks/lootr_no_advancements, mod/lootr:datapacks/lootr_no_suspicious_blocks
	Enabled Feature Flags: minecraft:vanilla
	World Generation: Stable
	World Seed: -6806369161552915023
	ModLauncher: 11.0.5+main.901c6ea8
	ModLauncher launch target: forgeclient
	ModLauncher services: 
		sponge-mixin-0.15.2+mixin.0.8.7.jar mixin PLUGINSERVICE 
		loader-4.0.43.jar slf4jfixer PLUGINSERVICE 
		loader-4.0.43.jar runtime_enum_extender PLUGINSERVICE 
		at-modlauncher-10.0.1.jar accesstransformer PLUGINSERVICE 
		loader-4.0.43.jar runtimedistcleaner PLUGINSERVICE 
		modlauncher-11.0.5.jar mixin TRANSFORMATIONSERVICE 
		modlauncher-11.0.5.jar essential-loader TRANSFORMATIONSERVICE 
		modlauncher-11.0.5.jar fml TRANSFORMATIONSERVICE 
	FML Language Providers: 
		kotlinforforge@5.12.0
		javafml@4.0
		lowcodefml@4.0
		minecraft@4.0
	Mod List: 
		aerocopycats-1.1.1.jar                            |aero_copycats                 |aerocopycats                  |1.1.0               |Manifest: NOSIGNATURE
		aeronauticscompat-1.1.3.jar                       |AeronauticsCompat             |aeronauticscompat             |1.1.3               |Manifest: NOSIGNATURE
		Almanac-1.21.1-2-neoforge-1.5.2.jar               |Almanac                       |almanac                       |1.5.2               |Manifest: NOSIGNATURE
		apollib-1.2.0-neoforge-21.1.jar                   |Apollib                       |apollib                       |1.2.0               |Manifest: NOSIGNATURE
		appleskin-neoforge-mc1.21-3.0.9.jar               |AppleSkin                     |appleskin                     |3.0.9+mc1.21        |Manifest: NOSIGNATURE
		architectury-13.0.11-neoforge.jar                 |Architectury                  |architectury                  |13.0.11             |Manifest: NOSIGNATURE
		athena-neoforge-1.21.1-4.0.6.jar                  |Athena                        |athena                        |4.0.6               |Manifest: NOSIGNATURE
		atmosphere-1.21.1-neoforge-1.0.17.jar             |Atmosphere                    |atmosphere                    |1.0.17              |Manifest: NOSIGNATURE
		baguettelib-1.21.1-NeoForge-2.0.3.jar             |BaguetteLib                   |baguettelib                   |2.0.3               |Manifest: NOSIGNATURE
		BetterThirdPerson-neoforge-1.9.0.jar              |Better Third Person           |betterthirdperson             |1.9.0               |Manifest: NOSIGNATURE
		carryon-neoforge-1.21.1-2.2.6.13.jar              |Carry On                      |carryon                       |2.2.6               |Manifest: NOSIGNATURE
		cbc_at_Neoforge_1.21.1_0.1.4c.jar                 |CBC Advanced Technology       |cbc_at                        |0.1.4c-1.21.1       |Manifest: NOSIGNATURE
		cbc_compact_mount-1.2.2.jar                       |CBC: Compact Mount            |cbc_compact_mount             |1.2.2               |Manifest: NOSIGNATURE
		chipped-neoforge-1.21.1-4.0.2.jar                 |Chipped                       |chipped                       |4.0.2               |Manifest: NOSIGNATURE
		Chunky-NeoForge-1.4.23.jar                        |Chunky                        |chunky                        |1.4.23              |Manifest: NOSIGNATURE
		cloth-config-15.0.140-neoforge.jar                |Cloth Config v15 API          |cloth_config                  |15.0.140            |Manifest: NOSIGNATURE
		Clumps-neoforge-1.21.1-19.0.0.1.jar               |Clumps                        |clumps                        |19.0.0.1            |Manifest: NOSIGNATURE
		codecui-neoforge-1.21.1-1.3.6.jar                 |CodecUI                       |codecui                       |1.21.1-1.3.6        |Manifest: NOSIGNATURE
		comforts-neoforge-9.0.5+1.21.1.jar                |Comforts                      |comforts                      |9.0.5+1.21.1        |Manifest: NOSIGNATURE
		conditional-mixin-neoforge-0.6.4.jar              |conditional mixin             |conditional_mixin             |0.6.4               |Manifest: NOSIGNATURE
		Controlling-neoforge-1.21.1-19.0.5.jar            |Controlling                   |controlling                   |19.0.5              |Manifest: NOSIGNATURE
		corpse-neoforge-1.21.1-1.1.13.jar                 |Corpse                        |corpse                        |1.21.1-1.1.13       |Manifest: NOSIGNATURE
		corpsecurioscompat-1.21.1-NeoForge-4.0.1.jar      |Corpse Curios Compatibility   |corpsecurioscompat            |4.0.1               |Manifest: NOSIGNATURE
		aeroadditionbridge-1.0.0.jar                      |Crafts-Aero-Bridge            |aeroadditionbridge            |1.0.0               |Manifest: NOSIGNATURE
		create-1.21.1-6.0.10.jar                          |Create                        |create                        |6.0.10              |Manifest: NOSIGNATURE
		create-aeronautics-bundled-1.21.1-1.3.1.jar       |Create Aeronautics            |aeronautics_bundled           |1.3.1               |Manifest: NOSIGNATURE
		dev.eriksonn.aeronautics.aeronautics-neoforge-1.21|Create Aeronautics            |aeronautics                   |1.3.1               |Manifest: NOSIGNATURE
		create-aeronautics-rechiseled-compat-1.21.1-1.2.2.|Create Aeronautics - Rechisele|aeronautics_rechiseled        |1.2.2               |Manifest: NOSIGNATURE
		portable_engine_liquid_fuel-2.0.0-neoforge-1.21.1.|Create Aeronautics: Portable E|portable_engine_liquid_fuel   |2.0.0               |Manifest: NOSIGNATURE
		createbigcannons-5.11.7+mc.1.21.1.jar             |Create Big Cannons            |createbigcannons              |5.11.7              |Manifest: NOSIGNATURE
		createcobblestone-1.4.12+neoforge-1.21.1-144.jar  |Create cobblestone            |createcobblestone             |1.4.12+neoforge-1.21|Manifest: NOSIGNATURE
		create-cobblestone-deepslate-generators-1.4.6-neof|Create Cobblestone deepslate g|mr_create_cobblestonedeepslate|1.4.6-neoforge+1.21.|Manifest: NOSIGNATURE
		create-confectionery1.21.1_v1.1.3b.jar            |Create Confectionery          |create_confectionery          |1.1.3.              |Manifest: NOSIGNATURE
		createaddition-1.6.0.jar                          |Create Crafts & Additions     |createaddition                |1.6.0               |Manifest: NOSIGNATURE
		createdeco-2.1.3.jar                              |Create Deco                   |createdeco                    |2.1.3               |Manifest: NOSIGNATURE
		Create Encased-1.21.1-1.9.0-ht3.jar               |Create Encased                |createcasing                  |1.9.0-ht3           |Manifest: NOSIGNATURE
		createendertransmission-2.1.1-1.21.1.jar          |Create Ender Transmission     |createendertransmission       |2.1.1-1.21.1        |Manifest: NOSIGNATURE
		create_jetpack-forge-5.2.1.jar                    |Create Jetpack                |create_jetpack                |5.2.1               |Manifest: NOSIGNATURE
		createliquidfuel-2.1.1-1.21.1.jar                 |Create Liquid Fuel            |createliquidfuel              |2.1.1-1.21.1        |Manifest: NOSIGNATURE
		dev.ryanhcode.offroad.offroad-neoforge-1.21.1-1.3.|Create Offroad                |offroad                       |1.3.1               |Manifest: NOSIGNATURE
		dev.simulated_team.simulated.simulated-neoforge-1.|Create Simulated              |simulated                     |1.3.1               |Manifest: NOSIGNATURE
		sliceanddice-4.3.3-neoforge.jar                   |Create Slice & Dice           |sliceanddice                  |4.3.3               |Manifest: NOSIGNATURE
		create-stuff-additions1.21.1_v2.1.4b.jar          |Create Stuff 'N Additions     |create_sa                     |2.1.4.              |Manifest: NOSIGNATURE
		create_tweaked_controllers-1.21.1-1.2.7.jar       |Create Tweaked Controllers    |create_tweaked_controllers    |1.21.1-1.2.7        |Manifest: NOSIGNATURE
		bellsandwhistles-0.4.7-1.21.1.jar                 |Create: Bells & Whistles      |bellsandwhistles              |0.4.7-1.21.1        |Manifest: NOSIGNATURE
		create_connected-1.3.2-mc1.21.1.jar               |Create: Connected             |create_connected              |1.3.2-mc1.21.1      |Manifest: NOSIGNATURE
		copycats-3.0.8+mc.1.21.1-neoforge.jar             |Create: Copycats+             |copycats                      |3.0.8+mc.1.21.1-neof|Manifest: NOSIGNATURE
		CreateDragonsPlus-1.11.7b.jar                     |Create: Dragons Plus          |create_dragons_plus           |1.11.7b             |Manifest: NOSIGNATURE
		drill_drain-1.0.13.jar                            |Create: Drill Drain           |drill_drain                   |1.0.13              |Manifest: NOSIGNATURE
		create-enchantment-industry-2.4.2.jar             |Create: Enchantment Industry  |create_enchantment_industry   |2.4.2               |Manifest: NOSIGNATURE
		escalated-1.3.2+mc.1.21.1.jar                     |Create: Escalated             |escalated                     |1.3.2               |Manifest: NOSIGNATURE
		create-hangars-V1.0.0.jar                         |Create: Hangars               |mr_create_hangars             |1-V1.0.0            |Manifest: NOSIGNATURE
		interiors-1.21.1-neoforge-0.6.1.jar               |Create: Interiors             |interiors                     |0.6.1               |Manifest: NOSIGNATURE
		create_jetpack_curios-1.2.0-neoforge-1.21.1.jar   |Create: Jetpack Curios        |create_jetpack_curios         |1.2.0               |Manifest: NOSIGNATURE
		createsandpapers-1.3.1-1.21.1.jar                 |Create: More Sandpapers       |createsandpapers              |1.3.1               |Manifest: NOSIGNATURE
		create_netherless-2.0.0-1.21.1.jar                |Create: Netherless            |create_netherless             |2.0.0               |Manifest: NOSIGNATURE
		create_power_loader-2.0.5-mc1.21.1.jar            |Create: Power Loader          |create_power_loader           |2.0.5-mc1.21.1      |Manifest: NOSIGNATURE
		create_radar-0.4.9.4-1.21.1.jar                   |Create: Radars                |create_radar                  |0.4.9.4-1.21.1      |Manifest: NOSIGNATURE
		create_rustic_structures-1.0.1-neoforge-1.21.1.jar|Create: Rustic Structures     |create_rustic_structures      |1.0.1               |Manifest: NOSIGNATURE
		create_simple_ore_doubling-1.6.0-neoforge-1.21.1.j|Create: Simple Ore Doubling   |create_simple_ore_doubling    |1.6.0               |Manifest: NOSIGNATURE
		tfmg-1.2.0.jar                                    |Create: The Factory Must Grow |tfmg                          |1.2.0               |Manifest: NOSIGNATURE
		create_ultimate_factory-2.2.4-neoforge-1.21.1.jar |Create: Ultimate Factory      |create_ultimate_factory       |2.2.4               |Manifest: NOSIGNATURE
		create_vibrant_vaults-0.3.2.jar                   |Create: Vibrant Vaults        |create_vibrant_vaults         |0.3.2               |Manifest: NOSIGNATURE
		curios-neoforge-9.5.1+1.21.1.jar                  |Curios API                    |curios                        |9.5.1+1.21.1        |Manifest: NOSIGNATURE
		DistantHorizons-3.2.0-b-1.21.1-fabric-neoforge.jar|Distant Horizons              |distanthorizons               |3.2.0-b             |Manifest: NOSIGNATURE
		entityculling-neoforge-1.10.5-mc1.21.1.jar        |EntityCulling                 |entityculling                 |1.10.5              |Manifest: NOSIGNATURE
		Essential (neoforge_1.21.1).jar                   |Essential                     |essential                     |1.4.1.1             |Manifest: NOSIGNATURE
		FarmersDelight-1.21.1-1.3.3.jar                   |Farmer's Delight              |farmersdelight                |1.3.3               |Manifest: NOSIGNATURE
		ferritecore-7.0.3-neoforge.jar                    |Ferrite Core                  |ferritecore                   |7.0.3               |Manifest: 41:ce:50:66:d1:a0:05:ce:a1:0e:02:85:9b:46:64:e0:bf:2e:cf:60:30:9a:fe:0c:27:e0:63:66:9a:84:ce:8a
		flightlib-1.21.1-neoforge-4.0.36.jar              |Flight Lib                    |flightlib                     |4.0.36              |Manifest: NOSIGNATURE
		flywheel-neoforge-1.21.1-1.0.6.jar                |Flywheel                      |flywheel                      |1.0.6               |Manifest: NOSIGNATURE
		freecam-neoforge-1.3.0+mc1.21.jar                 |Freecam                       |freecam                       |1.3.0+mc1.21        |Manifest: NOSIGNATURE
		fusion-1.3.14a-neoforge-mc1.21.1.jar              |Fusion                        |fusion                        |1.3.14+a            |Manifest: NOSIGNATURE
		TreeChop-1.21.1-neoforge-0.19.3.jar               |HT's TreeChop                 |treechop                      |0.19.3              |Manifest: NOSIGNATURE
		ImmediatelyFast-NeoForge-1.6.12+1.21.1.jar        |ImmediatelyFast               |immediatelyfast               |1.6.12+1.21.1       |Manifest: NOSIGNATURE
		immersive_aircraft-1.4.6+1.21.1-neoforge.jar      |Immersive Aircraft            |immersive_aircraft            |1.4.6+1.21.1        |Manifest: NOSIGNATURE
		IronCore1.21.1-V1.0NeoForge.jar                   |Iron Core                     |ironcore                      |1.0                 |Manifest: NOSIGNATURE
		ironfurnaces-neoforge-1.21.1-4.3.2.jar            |Iron Furnaces                 |ironfurnaces                  |4.3.2               |Manifest: NOSIGNATURE
		IronBarrels1.21.1-V1.02NeoForge.jar               |IronBarrelsUpdated            |ironbarrels                   |1.0.0               |Manifest: NOSIGNATURE
		Jade-1.21.1-NeoForge-15.10.6.jar                  |Jade                          |jade                          |15.10.6+neoforge    |Manifest: NOSIGNATURE
		justenoughbreeding-neoforge-1.21.1-3.2.1.jar      |Just Enough Breeding          |justenoughbreeding            |3.2.1               |Manifest: NOSIGNATURE
		jei-1.21.1-neoforge-19.44.0.406.jar               |Just Enough Items             |jei                           |19.44.0.406         |Manifest: NOSIGNATURE
		JustEnoughProfessions-neoforge-1.21.1-4.0.5.jar   |Just Enough Professions (JEP) |justenoughprofessions         |4.0.5               |Manifest: NOSIGNATURE
		JustEnoughResources-NeoForge-1.21.1-1.6.0.17.jar  |Just Enough Resources         |jeresources                   |1.6.0.17            |Manifest: NOSIGNATURE
		thedarkcolour.kffmod-5.12.0.jar                   |Kotlin For Forge              |kotlinforforge                |5.12.0              |Manifest: NOSIGNATURE
		letmedespawn-1.21.x-neoforge-1.5.0.jar            |Let Me Despawn                |letmedespawn                  |1.5.0               |Manifest: NOSIGNATURE
		lit_on_fire-1.3.1.jar                             |Lit On Fire                   |lit_on_fire                   |1.3.1               |Manifest: NOSIGNATURE
		lithostitched-1.8.0+beta4-neoforge-21.1.jar       |Lithostitched                 |lithostitched                 |1.8.0+beta4         |Manifest: NOSIGNATURE
		lootr-neoforge-1.21.1-1.11.38.124.jar             |Lootr                         |lootr                         |1.21.1-1.11.38.124  |Manifest: NOSIGNATURE
		client-1.21.1-20240808.144430-srg.jar             |Minecraft                     |minecraft                     |1.21.1              |Manifest: a1:d4:5e:04:4f:d3:d6:e0:7b:37:97:cf:77:b0:de:ad:4a:47:ce:8c:96:49:5f:0a:cf:8c:ae:b2:6d:4b:8a:3f
		modelfix-1.21-1.10.jar                            |Model Gap Fix                 |modelfix                      |1.21-1.10           |Manifest: NOSIGNATURE
		modernfix-neoforge-5.27.20+mc1.21.1.jar           |ModernFix                     |modernfix                     |5.27.20+mc1.21.1    |Manifest: NOSIGNATURE
		molten_vents-1.21.1-2.1.1.jar                     |Molten Vents                  |molten_vents                  |2.1.1               |Manifest: NOSIGNATURE
		moonlight-1.21.1-3.5.0-neoforge.jar               |Moonlight Lib                 |moonlight                     |1.21.1-3.5.0        |Manifest: NOSIGNATURE
		MouseTweaks-neoforge-mc1.21-2.26.1.jar            |Mouse Tweaks                  |mousetweaks                   |2.26.1              |Manifest: NOSIGNATURE
		neoforge-21.1.248-universal.jar                   |NeoForge                      |neoforge                      |21.1.248            |Manifest: NOSIGNATURE
		notenoughanimations-neoforge-1.12.4-mc1.21.1.jar  |NotEnoughAnimations           |notenoughanimations           |1.12.4              |Manifest: NOSIGNATURE
		player-animation-lib-forge-2.0.4+1.21.1.jar       |Player Animator               |playeranimator                |2.0.4+1.21.1        |Manifest: NOSIGNATURE
		polymorph-neoforge-1.1.0+1.21.1.jar               |Polymorph                     |polymorph                     |1.1.0+1.21.1        |Manifest: NOSIGNATURE
		ponder-neoforge-1.0.82+mc1.21.1.jar               |Ponder                        |ponder                        |1.0.82+mc1.21.1     |Manifest: NOSIGNATURE
		papi-neoforge-1.21.1-1.2.1.jar                    |Put A Plug In it!             |papi                          |1.2.1               |Manifest: NOSIGNATURE
		rechiseled-1.2.5-neoforge-mc1.21.jar              |Rechiseled                    |rechiseled                    |1.2.5               |Manifest: NOSIGNATURE
		resourcefullib-neoforge-1.21-3.0.12.jar           |Resourceful Lib               |resourcefullib                |3.0.12              |Manifest: NOSIGNATURE
		ritchiesprojectilelib-2.1.2+mc.1.21.1-neoforge.jar|Ritchie's Projectile Library  |ritchiesprojectilelib         |2.1.2               |Manifest: NOSIGNATURE
		sable-neoforge-1.21.1-2.0.5.jar                   |Sable                         |sable                         |2.0.5               |Manifest: NOSIGNATURE
		sable-companion-common-1.21.1-1.6.0.jar           |Sable Companion               |sablecompanion                |1.6.0               |Manifest: NOSIGNATURE
		sablemassview-1.0.0.jar                           |SableMassView                 |sablemassview                 |1.0.0               |Manifest: NOSIGNATURE
		Searchables-neoforge-1.21.1-1.0.2.jar             |Searchables                   |searchables                   |1.0.2               |Manifest: NOSIGNATURE
		voicechat-neoforge-1.21.1-2.6.22.jar              |Simple Voice Chat             |voicechat                     |1.21.1-2.6.22       |Manifest: NOSIGNATURE
		sophisticatedbackpacks-1.21.1-3.25.78.2107.jar    |Sophisticated Backpacks       |sophisticatedbackpacks        |3.25.78             |Manifest: NOSIGNATURE
		sophisticatedcore-1.21.1-1.4.90.2299.jar          |Sophisticated Core            |sophisticatedcore             |1.4.90              |Manifest: NOSIGNATURE
		sound-physics-remastered-neoforge-1.21.1-1.5.1.jar|Sound Physics Remastered      |sound_physics_remastered      |1.21.1-1.5.1        |Manifest: NOSIGNATURE
		spectrelib-neoforge-0.17.2+1.21.jar               |SpectreLib                    |spectrelib                    |0.17.2+1.21         |Manifest: NOSIGNATURE
		StorageDrawers-neoforge-1.21.1-13.11.4.jar        |Storage Drawers               |storagedrawers                |13.11.4             |Manifest: NOSIGNATURE
		supermartijn642configlib-1.1.8-neoforge-mc1.21.jar|SuperMartijn642's Config Libra|supermartijn642configlib      |1.1.8               |Manifest: NOSIGNATURE
		supermartijn642corelib-1.1.24-neoforge-mc1.21.jar |SuperMartijn642's Core Lib    |supermartijn642corelib        |1.1.24              |Manifest: NOSIGNATURE
		Terralith_1.21.1_v2.6.2_Neoforge.jar              |Terralith                     |terralith                     |2.6.2               |Manifest: NOSIGNATURE
		TRansition-1.0.21-1.21.1-neoforge-SNAPSHOT.jar    |TRansition                    |transition                    |1.0.21              |Manifest: NOSIGNATURE
		TRender-1.0.15-1.21.1-neoforge-SNAPSHOT.jar       |TRender                       |trender                       |1.0.15              |Manifest: NOSIGNATURE
		veil-neoforge-1.21.1-4.3.2.jar                    |Veil                          |veil                          |4.3.2               |Manifest: NOSIGNATURE
		xaerominimap-neoforge-1.21.1-26.4.2.jar           |Xaero's Minimap               |xaerominimap                  |26.4.2              |Manifest: NOSIGNATURE
		xaeroworldmap-neoforge-1.21.1-1.45.0.jar          |Xaero's World Map             |xaeroworldmap                 |1.45.0              |Manifest: NOSIGNATURE
		xaerolib-neoforge-1.21.1-1.7.1.jar                |XaeroLib                      |xaerolib                      |1.7.1               |Manifest: NOSIGNATURE
		YungsApi-1.21.1-NeoForge-5.1.8.jar                |YUNG's API                    |yungsapi                      |1.21.1-NeoForge-5.1.|Manifest: NOSIGNATURE
		YungsBetterDesertTemples-1.21.1-NeoForge-4.1.5.jar|YUNG's Better Desert Temples  |betterdeserttemples           |1.21.1-NeoForge-4.1.|Manifest: NOSIGNATURE
		YungsBetterDungeons-1.21.1-NeoForge-5.1.4.jar     |YUNG's Better Dungeons        |betterdungeons                |1.21.1-NeoForge-5.1.|Manifest: NOSIGNATURE
		YungsBetterEndIsland-1.21.1-NeoForge-3.1.2.jar    |YUNG's Better End Island      |betterendisland               |1.21.1-NeoForge-3.1.|Manifest: NOSIGNATURE
		YungsBetterJungleTemples-1.21.1-NeoForge-3.1.2.jar|YUNG's Better Jungle Temples  |betterjungletemples           |1.21.1-NeoForge-3.1.|Manifest: NOSIGNATURE
		YungsBetterMineshafts-1.21.1-NeoForge-5.1.1.jar   |YUNG's Better Mineshafts      |bettermineshafts              |1.21.1-NeoForge-5.1.|Manifest: NOSIGNATURE
		YungsBetterOceanMonuments-1.21.1-NeoForge-4.1.2.ja|YUNG's Better Ocean Monuments |betteroceanmonuments          |1.21.1-NeoForge-4.1.|Manifest: NOSIGNATURE
		YungsBetterStrongholds-1.21.1-NeoForge-5.1.3.jar  |YUNG's Better Strongholds     |betterstrongholds             |1.21.1-NeoForge-5.1.|Manifest: NOSIGNATURE
		YungsBetterWitchHuts-1.21.1-NeoForge-4.1.1.jar    |YUNG's Better Witch Huts      |betterwitchhuts               |1.21.1-NeoForge-4.1.|Manifest: NOSIGNATURE
	Crash Report UUID: 2d6dd8de-6eb1-4157-9d82-e9468cf00782
	FML: 4.0.43
	NeoForge: 21.1.248
	Flywheel Backend: flywheel:indirect
[27srp2026 17:08:42.346] [Render thread/FATAL] [net.neoforged.neoforge.common.NeoForgeMod/]: Preparing crash report with UUID 981f69a2-ad1a-4e50-a968-c305b1782924
[27srp2026 17:08:42.348] [Render thread/INFO] [STDOUT/]: [net.minecraft.server.Bootstrap:realStdoutPrintln:135]: #@!@# Game crashed! Crash report saved to: #@!@# C:\Users\misac_2cf3zzc\AppData\Roaming\ModrinthApp\profiles\Create_ Paradise\crash-reports\crash-2026-08-27_17.08.42-client.txt
